date,asset,ticker,net_flow_usd_m
2024-01-11,BTC,IBIT,111.7
2024-01-11,BTC,FBTC,227.0
2024-01-11,BTC,BITB,237.9
2024-01-11,BTC,ARKB,65.3
2024-01-11,BTC,BTCO,17.4
2024-01-11,BTC,EZBC,50.1
2024-01-11,BTC,BRRR,29.4
2024-01-11,BTC,HODL,10.6
2024-01-11,BTC,BTCW,1.0
2024-01-11,BTC,MSBT,
2024-01-11,BTC,GBTC,-95.1
2024-01-11,BTC,BTC,
2024-01-11,BTC,Total,655.3
2024-01-12,BTC,IBIT,386.0
2024-01-12,BTC,FBTC,195.3
2024-01-12,BTC,BITB,17.4
2024-01-12,BTC,ARKB,39.8
2024-01-12,BTC,BTCO,28.4
2024-01-12,BTC,EZBC,0.0
2024-01-12,BTC,BRRR,20.2
2024-01-12,BTC,HODL,0.0
2024-01-12,BTC,BTCW,0.0
2024-01-12,BTC,MSBT,
2024-01-12,BTC,GBTC,-484.1
2024-01-12,BTC,BTC,
2024-01-12,BTC,Total,203.0
2024-01-15,BTC,IBIT,
2024-01-15,BTC,FBTC,
2024-01-15,BTC,BITB,
2024-01-15,BTC,ARKB,
2024-01-15,BTC,BTCO,
2024-01-15,BTC,EZBC,
2024-01-15,BTC,BRRR,
2024-01-15,BTC,HODL,
2024-01-15,BTC,BTCW,
2024-01-15,BTC,MSBT,
2024-01-15,BTC,GBTC,
2024-01-15,BTC,BTC,
2024-01-15,BTC,Total,0.0
2024-01-16,BTC,IBIT,212.7
2024-01-16,BTC,FBTC,102.0
2024-01-16,BTC,BITB,50.2
2024-01-16,BTC,ARKB,122.3
2024-01-16,BTC,BTCO,31.9
2024-01-16,BTC,EZBC,0.0
2024-01-16,BTC,BRRR,15.3
2024-01-16,BTC,HODL,7.3
2024-01-16,BTC,BTCW,0.0
2024-01-16,BTC,MSBT,
2024-01-16,BTC,GBTC,-594.4
2024-01-16,BTC,BTC,
2024-01-16,BTC,Total,-52.7
2024-01-17,BTC,IBIT,371.4
2024-01-17,BTC,FBTC,358.1
2024-01-17,BTC,BITB,68.2
2024-01-17,BTC,ARKB,50.3
2024-01-17,BTC,BTCO,57.6
2024-01-17,BTC,EZBC,1.2
2024-01-17,BTC,BRRR,1.2
2024-01-17,BTC,HODL,4.8
2024-01-17,BTC,BTCW,1.6
2024-01-17,BTC,MSBT,
2024-01-17,BTC,GBTC,-460.6
2024-01-17,BTC,BTC,
2024-01-17,BTC,Total,453.8
2024-01-18,BTC,IBIT,145.5
2024-01-18,BTC,FBTC,177.9
2024-01-18,BTC,BITB,20.1
2024-01-18,BTC,ARKB,41.8
2024-01-18,BTC,BTCO,58.8
2024-01-18,BTC,EZBC,0.0
2024-01-18,BTC,BRRR,9.3
2024-01-18,BTC,HODL,2.3
2024-01-18,BTC,BTCW,0.0
2024-01-18,BTC,MSBT,
2024-01-18,BTC,GBTC,-582.3
2024-01-18,BTC,BTC,
2024-01-18,BTC,Total,-126.6
2024-01-19,BTC,IBIT,201.5
2024-01-19,BTC,FBTC,222.3
2024-01-19,BTC,BITB,56.7
2024-01-19,BTC,ARKB,62.6
2024-01-19,BTC,BTCO,63.4
2024-01-19,BTC,EZBC,0.0
2024-01-19,BTC,BRRR,10.4
2024-01-19,BTC,HODL,14.2
2024-01-19,BTC,BTCW,2.9
2024-01-19,BTC,MSBT,
2024-01-19,BTC,GBTC,-590.4
2024-01-19,BTC,BTC,
2024-01-19,BTC,Total,43.6
2024-01-22,BTC,IBIT,260.6
2024-01-22,BTC,FBTC,158.7
2024-01-22,BTC,BITB,41.6
2024-01-22,BTC,ARKB,65.0
2024-01-22,BTC,BTCO,5.6
2024-01-22,BTC,EZBC,4.7
2024-01-22,BTC,BRRR,9.7
2024-01-22,BTC,HODL,6.8
2024-01-22,BTC,BTCW,0.4
2024-01-22,BTC,MSBT,
2024-01-22,BTC,GBTC,-640.5
2024-01-22,BTC,BTC,
2024-01-22,BTC,Total,-87.4
2024-01-23,BTC,IBIT,160.1
2024-01-23,BTC,FBTC,157.7
2024-01-23,BTC,BITB,26.3
2024-01-23,BTC,ARKB,61.8
2024-01-23,BTC,BTCO,0.0
2024-01-23,BTC,EZBC,1.1
2024-01-23,BTC,BRRR,0.0
2024-01-23,BTC,HODL,2.2
2024-01-23,BTC,BTCW,0.0
2024-01-23,BTC,MSBT,
2024-01-23,BTC,GBTC,-515.3
2024-01-23,BTC,BTC,
2024-01-23,BTC,Total,-106.1
2024-01-24,BTC,IBIT,66.2
2024-01-24,BTC,FBTC,125.7
2024-01-24,BTC,BITB,19.1
2024-01-24,BTC,ARKB,24.9
2024-01-24,BTC,BTCO,19.9
2024-01-24,BTC,EZBC,1.2
2024-01-24,BTC,BRRR,9.1
2024-01-24,BTC,HODL,4.5
2024-01-24,BTC,BTCW,0.4
2024-01-24,BTC,MSBT,
2024-01-24,BTC,GBTC,-429.3
2024-01-24,BTC,BTC,
2024-01-24,BTC,Total,-158.3
2024-01-25,BTC,IBIT,170.7
2024-01-25,BTC,FBTC,101.0
2024-01-25,BTC,BITB,20.0
2024-01-25,BTC,ARKB,16.1
2024-01-25,BTC,BTCO,0.0
2024-01-25,BTC,EZBC,0.0
2024-01-25,BTC,BRRR,6.5
2024-01-25,BTC,HODL,0.0
2024-01-25,BTC,BTCW,0.0
2024-01-25,BTC,MSBT,
2024-01-25,BTC,GBTC,-394.1
2024-01-25,BTC,BTC,
2024-01-25,BTC,Total,-79.8
2024-01-26,BTC,IBIT,87.1
2024-01-26,BTC,FBTC,100.1
2024-01-26,BTC,BITB,30.9
2024-01-26,BTC,ARKB,46.4
2024-01-26,BTC,BTCO,0.0
2024-01-26,BTC,EZBC,1.2
2024-01-26,BTC,BRRR,1.8
2024-01-26,BTC,HODL,2.4
2024-01-26,BTC,BTCW,0.0
2024-01-26,BTC,MSBT,
2024-01-26,BTC,GBTC,-255.1
2024-01-26,BTC,BTC,
2024-01-26,BTC,Total,14.8
2024-01-29,BTC,IBIT,198.4
2024-01-29,BTC,FBTC,208.2
2024-01-29,BTC,BITB,20.0
2024-01-29,BTC,ARKB,17.2
2024-01-29,BTC,BTCO,3.0
2024-01-29,BTC,EZBC,0.0
2024-01-29,BTC,BRRR,0.0
2024-01-29,BTC,HODL,0.0
2024-01-29,BTC,BTCW,0.0
2024-01-29,BTC,MSBT,
2024-01-29,BTC,GBTC,-191.7
2024-01-29,BTC,BTC,
2024-01-29,BTC,Total,255.1
2024-01-30,BTC,IBIT,299.2
2024-01-30,BTC,FBTC,119.2
2024-01-30,BTC,BITB,21.9
2024-01-30,BTC,ARKB,16.8
2024-01-30,BTC,BTCO,6.3
2024-01-30,BTC,EZBC,2.5
2024-01-30,BTC,BRRR,0.0
2024-01-30,BTC,HODL,0.0
2024-01-30,BTC,BTCW,2.1
2024-01-30,BTC,MSBT,
2024-01-30,BTC,GBTC,-220.7
2024-01-30,BTC,BTC,
2024-01-30,BTC,Total,247.3
2024-01-31,BTC,IBIT,116.2
2024-01-31,BTC,FBTC,232.0
2024-01-31,BTC,BITB,17.8
2024-01-31,BTC,ARKB,14.8
2024-01-31,BTC,BTCO,1.5
2024-01-31,BTC,EZBC,0.0
2024-01-31,BTC,BRRR,0.6
2024-01-31,BTC,HODL,2.4
2024-01-31,BTC,BTCW,0.0
2024-01-31,BTC,MSBT,
2024-01-31,BTC,GBTC,-187.7
2024-01-31,BTC,BTC,
2024-01-31,BTC,Total,197.6
2024-02-01,BTC,IBIT,163.9
2024-02-01,BTC,FBTC,35.8
2024-02-01,BTC,BITB,4.2
2024-02-01,BTC,ARKB,15.9
2024-02-01,BTC,BTCO,0.0
2024-02-01,BTC,EZBC,0.0
2024-02-01,BTC,BRRR,0.0
2024-02-01,BTC,HODL,0.0
2024-02-01,BTC,BTCW,0.7
2024-02-01,BTC,MSBT,
2024-02-01,BTC,GBTC,-182.0
2024-02-01,BTC,BTC,
2024-02-01,BTC,Total,38.5
2024-02-02,BTC,IBIT,105.8
2024-02-02,BTC,FBTC,78.9
2024-02-02,BTC,BITB,11.5
2024-02-02,BTC,ARKB,22.6
2024-02-02,BTC,BTCO,0.0
2024-02-02,BTC,EZBC,2.5
2024-02-02,BTC,BRRR,0.0
2024-02-02,BTC,HODL,2.4
2024-02-02,BTC,BTCW,0.9
2024-02-02,BTC,MSBT,
2024-02-02,BTC,GBTC,-144.6
2024-02-02,BTC,BTC,
2024-02-02,BTC,Total,80.0
2024-02-05,BTC,IBIT,137.3
2024-02-05,BTC,FBTC,38.0
2024-02-05,BTC,BITB,0.0
2024-02-05,BTC,ARKB,0.0
2024-02-05,BTC,BTCO,0.0
2024-02-05,BTC,EZBC,0.0
2024-02-05,BTC,BRRR,0.0
2024-02-05,BTC,HODL,0.0
2024-02-05,BTC,BTCW,0.7
2024-02-05,BTC,MSBT,
2024-02-05,BTC,GBTC,-107.9
2024-02-05,BTC,BTC,
2024-02-05,BTC,Total,68.1
2024-02-06,BTC,IBIT,45.2
2024-02-06,BTC,FBTC,37.7
2024-02-06,BTC,BITB,11.3
2024-02-06,BTC,ARKB,8.6
2024-02-06,BTC,BTCO,0.0
2024-02-06,BTC,EZBC,0.0
2024-02-06,BTC,BRRR,0.0
2024-02-06,BTC,HODL,2.4
2024-02-06,BTC,BTCW,1.1
2024-02-06,BTC,MSBT,
2024-02-06,BTC,GBTC,-72.7
2024-02-06,BTC,BTC,
2024-02-06,BTC,Total,33.6
2024-02-07,BTC,IBIT,56.2
2024-02-07,BTC,FBTC,130.1
2024-02-07,BTC,BITB,21.4
2024-02-07,BTC,ARKB,3.3
2024-02-07,BTC,BTCO,8.6
2024-02-07,BTC,EZBC,5.1
2024-02-07,BTC,BRRR,1.2
2024-02-07,BTC,HODL,0.0
2024-02-07,BTC,BTCW,0.9
2024-02-07,BTC,MSBT,
2024-02-07,BTC,GBTC,-80.8
2024-02-07,BTC,BTC,
2024-02-07,BTC,Total,146.0
2024-02-08,BTC,IBIT,204.1
2024-02-08,BTC,FBTC,128.3
2024-02-08,BTC,BITB,60.5
2024-02-08,BTC,ARKB,86.4
2024-02-08,BTC,BTCO,13.4
2024-02-08,BTC,EZBC,0.0
2024-02-08,BTC,BRRR,1.9
2024-02-08,BTC,HODL,10.3
2024-02-08,BTC,BTCW,1.7
2024-02-08,BTC,MSBT,
2024-02-08,BTC,GBTC,-101.6
2024-02-08,BTC,BTC,
2024-02-08,BTC,Total,405.0
2024-02-09,BTC,IBIT,250.7
2024-02-09,BTC,FBTC,188.4
2024-02-09,BTC,BITB,29.1
2024-02-09,BTC,ARKB,136.5
2024-02-09,BTC,BTCO,-17.4
2024-02-09,BTC,EZBC,1.4
2024-02-09,BTC,BRRR,1.4
2024-02-09,BTC,HODL,2.7
2024-02-09,BTC,BTCW,0.5
2024-02-09,BTC,MSBT,
2024-02-09,BTC,GBTC,-51.8
2024-02-09,BTC,BTC,
2024-02-09,BTC,Total,541.5
2024-02-12,BTC,IBIT,374.7
2024-02-12,BTC,FBTC,151.9
2024-02-12,BTC,BITB,33.0
2024-02-12,BTC,ARKB,40.0
2024-02-12,BTC,BTCO,-20.8
2024-02-12,BTC,EZBC,0.0
2024-02-12,BTC,BRRR,1.1
2024-02-12,BTC,HODL,8.5
2024-02-12,BTC,BTCW,0.0
2024-02-12,BTC,MSBT,
2024-02-12,BTC,GBTC,-95.0
2024-02-12,BTC,BTC,
2024-02-12,BTC,Total,493.4
2024-02-13,BTC,IBIT,493.1
2024-02-13,BTC,FBTC,163.6
2024-02-13,BTC,BITB,10.8
2024-02-13,BTC,ARKB,40.0
2024-02-13,BTC,BTCO,0.0
2024-02-13,BTC,EZBC,0.0
2024-02-13,BTC,BRRR,0.0
2024-02-13,BTC,HODL,0.0
2024-02-13,BTC,BTCW,1.6
2024-02-13,BTC,MSBT,
2024-02-13,BTC,GBTC,-72.8
2024-02-13,BTC,BTC,
2024-02-13,BTC,Total,636.3
2024-02-14,BTC,IBIT,224.3
2024-02-14,BTC,FBTC,118.9
2024-02-14,BTC,BITB,47.2
2024-02-14,BTC,ARKB,101.5
2024-02-14,BTC,BTCO,-37.5
2024-02-14,BTC,EZBC,9.0
2024-02-14,BTC,BRRR,1.0
2024-02-14,BTC,HODL,2.9
2024-02-14,BTC,BTCW,3.6
2024-02-14,BTC,MSBT,
2024-02-14,BTC,GBTC,-131.2
2024-02-14,BTC,BTC,
2024-02-14,BTC,Total,339.7
2024-02-15,BTC,IBIT,330.9
2024-02-15,BTC,FBTC,97.4
2024-02-15,BTC,BITB,120.2
2024-02-15,BTC,ARKB,88.9
2024-02-15,BTC,BTCO,1.3
2024-02-15,BTC,EZBC,3.0
2024-02-15,BTC,BRRR,7.4
2024-02-15,BTC,HODL,2.9
2024-02-15,BTC,BTCW,0.0
2024-02-15,BTC,MSBT,
2024-02-15,BTC,GBTC,-174.6
2024-02-15,BTC,BTC,
2024-02-15,BTC,Total,477.4
2024-02-16,BTC,IBIT,191.4
2024-02-16,BTC,FBTC,116.7
2024-02-16,BTC,BITB,20.9
2024-02-16,BTC,ARKB,140.0
2024-02-16,BTC,BTCO,1.0
2024-02-16,BTC,EZBC,0.0
2024-02-16,BTC,BRRR,7.9
2024-02-16,BTC,HODL,0.0
2024-02-16,BTC,BTCW,2.8
2024-02-16,BTC,MSBT,
2024-02-16,BTC,GBTC,-150.4
2024-02-16,BTC,BTC,
2024-02-16,BTC,Total,330.3
2024-02-19,BTC,IBIT,
2024-02-19,BTC,FBTC,
2024-02-19,BTC,BITB,
2024-02-19,BTC,ARKB,
2024-02-19,BTC,BTCO,
2024-02-19,BTC,EZBC,
2024-02-19,BTC,BRRR,
2024-02-19,BTC,HODL,
2024-02-19,BTC,BTCW,
2024-02-19,BTC,MSBT,
2024-02-19,BTC,GBTC,
2024-02-19,BTC,BTC,
2024-02-19,BTC,Total,0.0
2024-02-20,BTC,IBIT,154.3
2024-02-20,BTC,FBTC,71.7
2024-02-20,BTC,BITB,11.1
2024-02-20,BTC,ARKB,27.4
2024-02-20,BTC,BTCO,0.0
2024-02-20,BTC,EZBC,0.0
2024-02-20,BTC,BRRR,0.0
2024-02-20,BTC,HODL,5.9
2024-02-20,BTC,BTCW,2.2
2024-02-20,BTC,MSBT,
2024-02-20,BTC,GBTC,-137.0
2024-02-20,BTC,BTC,
2024-02-20,BTC,Total,135.6
2024-02-21,BTC,IBIT,96.5
2024-02-21,BTC,FBTC,52.5
2024-02-21,BTC,BITB,0.0
2024-02-21,BTC,ARKB,10.7
2024-02-21,BTC,BTCO,1.0
2024-02-21,BTC,EZBC,3.0
2024-02-21,BTC,BRRR,0.0
2024-02-21,BTC,HODL,0.0
2024-02-21,BTC,BTCW,0.0
2024-02-21,BTC,MSBT,
2024-02-21,BTC,GBTC,-199.3
2024-02-21,BTC,BTC,
2024-02-21,BTC,Total,-35.6
2024-02-22,BTC,IBIT,125.1
2024-02-22,BTC,FBTC,158.9
2024-02-22,BTC,BITB,7.9
2024-02-22,BTC,ARKB,6.7
2024-02-22,BTC,BTCO,0.0
2024-02-22,BTC,EZBC,0.0
2024-02-22,BTC,BRRR,1.2
2024-02-22,BTC,HODL,2.9
2024-02-22,BTC,BTCW,4.4
2024-02-22,BTC,MSBT,
2024-02-22,BTC,GBTC,-55.7
2024-02-22,BTC,BTC,
2024-02-22,BTC,Total,251.4
2024-02-23,BTC,IBIT,167.5
2024-02-23,BTC,FBTC,52.5
2024-02-23,BTC,BITB,12.0
2024-02-23,BTC,ARKB,34.5
2024-02-23,BTC,BTCO,0.0
2024-02-23,BTC,EZBC,1.5
2024-02-23,BTC,BRRR,0.0
2024-02-23,BTC,HODL,8.7
2024-02-23,BTC,BTCW,0.0
2024-02-23,BTC,MSBT,
2024-02-23,BTC,GBTC,-44.2
2024-02-23,BTC,BTC,
2024-02-23,BTC,Total,232.5
2024-02-26,BTC,IBIT,111.8
2024-02-26,BTC,FBTC,243.3
2024-02-26,BTC,BITB,37.2
2024-02-26,BTC,ARKB,130.6
2024-02-26,BTC,BTCO,4.4
2024-02-26,BTC,EZBC,7.9
2024-02-26,BTC,BRRR,0.0
2024-02-26,BTC,HODL,6.2
2024-02-26,BTC,BTCW,0.9
2024-02-26,BTC,MSBT,
2024-02-26,BTC,GBTC,-22.4
2024-02-26,BTC,BTC,
2024-02-26,BTC,Total,519.9
2024-02-27,BTC,IBIT,520.2
2024-02-27,BTC,FBTC,126.0
2024-02-27,BTC,BITB,18.4
2024-02-27,BTC,ARKB,5.4
2024-02-27,BTC,BTCO,2.6
2024-02-27,BTC,EZBC,16.6
2024-02-27,BTC,BRRR,0.0
2024-02-27,BTC,HODL,9.7
2024-02-27,BTC,BTCW,3.6
2024-02-27,BTC,MSBT,
2024-02-27,BTC,GBTC,-125.6
2024-02-27,BTC,BTC,
2024-02-27,BTC,Total,576.9
2024-02-28,BTC,IBIT,612.1
2024-02-28,BTC,FBTC,245.2
2024-02-28,BTC,BITB,9.9
2024-02-28,BTC,ARKB,23.8
2024-02-28,BTC,BTCO,0.0
2024-02-28,BTC,EZBC,0.0
2024-02-28,BTC,BRRR,0.0
2024-02-28,BTC,HODL,-3.4
2024-02-28,BTC,BTCW,2.2
2024-02-28,BTC,MSBT,
2024-02-28,BTC,GBTC,-216.4
2024-02-28,BTC,BTC,
2024-02-28,BTC,Total,673.4
2024-02-29,BTC,IBIT,603.9
2024-02-29,BTC,FBTC,44.8
2024-02-29,BTC,BITB,21.7
2024-02-29,BTC,ARKB,9.9
2024-02-29,BTC,BTCO,-1.5
2024-02-29,BTC,EZBC,5.4
2024-02-29,BTC,BRRR,0.0
2024-02-29,BTC,HODL,7.0
2024-02-29,BTC,BTCW,0.0
2024-02-29,BTC,MSBT,
2024-02-29,BTC,GBTC,-598.9
2024-02-29,BTC,BTC,
2024-02-29,BTC,Total,92.3
2024-03-01,BTC,IBIT,202.5
2024-03-01,BTC,FBTC,49.3
2024-03-01,BTC,BITB,42.3
2024-03-01,BTC,ARKB,55.1
2024-03-01,BTC,BTCO,0.0
2024-03-01,BTC,EZBC,5.4
2024-03-01,BTC,BRRR,0.0
2024-03-01,BTC,HODL,-1.8
2024-03-01,BTC,BTCW,0.0
2024-03-01,BTC,MSBT,
2024-03-01,BTC,GBTC,-492.4
2024-03-01,BTC,BTC,
2024-03-01,BTC,Total,-139.6
2024-03-04,BTC,IBIT,420.1
2024-03-04,BTC,FBTC,404.6
2024-03-04,BTC,BITB,90.9
2024-03-04,BTC,ARKB,38.2
2024-03-04,BTC,BTCO,-25.7
2024-03-04,BTC,EZBC,7.8
2024-03-04,BTC,BRRR,3.7
2024-03-04,BTC,HODL,-5.7
2024-03-04,BTC,BTCW,-3.2
2024-03-04,BTC,MSBT,
2024-03-04,BTC,GBTC,-368.0
2024-03-04,BTC,BTC,
2024-03-04,BTC,Total,562.7
2024-03-05,BTC,IBIT,788.3
2024-03-05,BTC,FBTC,125.6
2024-03-05,BTC,BITB,3.7
2024-03-05,BTC,ARKB,63.7
2024-03-05,BTC,BTCO,-14.2
2024-03-05,BTC,EZBC,3.6
2024-03-05,BTC,BRRR,0.0
2024-03-05,BTC,HODL,3.5
2024-03-05,BTC,BTCW,6.6
2024-03-05,BTC,MSBT,
2024-03-05,BTC,GBTC,-332.5
2024-03-05,BTC,BTC,
2024-03-05,BTC,Total,648.3
2024-03-06,BTC,IBIT,281.7
2024-03-06,BTC,FBTC,205.7
2024-03-06,BTC,BITB,28.6
2024-03-06,BTC,ARKB,41.3
2024-03-06,BTC,BTCO,3.0
2024-03-06,BTC,EZBC,5.8
2024-03-06,BTC,BRRR,40.7
2024-03-06,BTC,HODL,0.0
2024-03-06,BTC,BTCW,1.4
2024-03-06,BTC,MSBT,
2024-03-06,BTC,GBTC,-276.2
2024-03-06,BTC,BTC,
2024-03-06,BTC,Total,332.0
2024-03-07,BTC,IBIT,244.2
2024-03-07,BTC,FBTC,473.4
2024-03-07,BTC,BITB,41.4
2024-03-07,BTC,ARKB,42.1
2024-03-07,BTC,BTCO,0.0
2024-03-07,BTC,EZBC,0.0
2024-03-07,BTC,BRRR,41.8
2024-03-07,BTC,HODL,1.9
2024-03-07,BTC,BTCW,2.5
2024-03-07,BTC,MSBT,
2024-03-07,BTC,GBTC,-374.8
2024-03-07,BTC,BTC,
2024-03-07,BTC,Total,472.5
2024-03-08,BTC,IBIT,336.3
2024-03-08,BTC,FBTC,130.3
2024-03-08,BTC,BITB,8.0
2024-03-08,BTC,ARKB,1.7
2024-03-08,BTC,BTCO,-7.6
2024-03-08,BTC,EZBC,8.0
2024-03-08,BTC,BRRR,41.4
2024-03-08,BTC,HODL,7.8
2024-03-08,BTC,BTCW,0.0
2024-03-08,BTC,MSBT,
2024-03-08,BTC,GBTC,-302.9
2024-03-08,BTC,BTC,
2024-03-08,BTC,Total,223.0
2024-03-11,BTC,IBIT,562.9
2024-03-11,BTC,FBTC,215.5
2024-03-11,BTC,BITB,49.8
2024-03-11,BTC,ARKB,13.0
2024-03-11,BTC,BTCO,-9.7
2024-03-11,BTC,EZBC,0.0
2024-03-11,BTC,BRRR,43.4
2024-03-11,BTC,HODL,118.8
2024-03-11,BTC,BTCW,5.8
2024-03-11,BTC,MSBT,
2024-03-11,BTC,GBTC,-494.1
2024-03-11,BTC,BTC,
2024-03-11,BTC,Total,505.4
2024-03-12,BTC,IBIT,849.0
2024-03-12,BTC,FBTC,51.6
2024-03-12,BTC,BITB,24.6
2024-03-12,BTC,ARKB,93.0
2024-03-12,BTC,BTCO,-19.7
2024-03-12,BTC,EZBC,0.0
2024-03-12,BTC,BRRR,39.6
2024-03-12,BTC,HODL,82.9
2024-03-12,BTC,BTCW,3.0
2024-03-12,BTC,MSBT,
2024-03-12,BTC,GBTC,-79.0
2024-03-12,BTC,BTC,
2024-03-12,BTC,Total,1045.0
2024-03-13,BTC,IBIT,586.5
2024-03-13,BTC,FBTC,281.5
2024-03-13,BTC,BITB,5.6
2024-03-13,BTC,ARKB,44.6
2024-03-13,BTC,BTCO,0.0
2024-03-13,BTC,EZBC,19.1
2024-03-13,BTC,BRRR,4.1
2024-03-13,BTC,HODL,16.5
2024-03-13,BTC,BTCW,2.3
2024-03-13,BTC,MSBT,
2024-03-13,BTC,GBTC,-276.5
2024-03-13,BTC,BTC,
2024-03-13,BTC,Total,683.7
2024-03-14,BTC,IBIT,345.4
2024-03-14,BTC,FBTC,13.7
2024-03-14,BTC,BITB,0.0
2024-03-14,BTC,ARKB,3.5
2024-03-14,BTC,BTCO,0.0
2024-03-14,BTC,EZBC,4.0
2024-03-14,BTC,BRRR,9.4
2024-03-14,BTC,HODL,13.8
2024-03-14,BTC,BTCW,0.0
2024-03-14,BTC,MSBT,
2024-03-14,BTC,GBTC,-257.1
2024-03-14,BTC,BTC,
2024-03-14,BTC,Total,132.7
2024-03-15,BTC,IBIT,139.8
2024-03-15,BTC,FBTC,155.6
2024-03-15,BTC,BITB,20.5
2024-03-15,BTC,ARKB,0.0
2024-03-15,BTC,BTCO,0.0
2024-03-15,BTC,EZBC,2.0
2024-03-15,BTC,BRRR,1.2
2024-03-15,BTC,HODL,15.8
2024-03-15,BTC,BTCW,3.3
2024-03-15,BTC,MSBT,
2024-03-15,BTC,GBTC,-139.4
2024-03-15,BTC,BTC,
2024-03-15,BTC,Total,198.8
2024-03-18,BTC,IBIT,451.5
2024-03-18,BTC,FBTC,5.9
2024-03-18,BTC,BITB,17.6
2024-03-18,BTC,ARKB,2.7
2024-03-18,BTC,BTCO,0.0
2024-03-18,BTC,EZBC,0.0
2024-03-18,BTC,BRRR,4.8
2024-03-18,BTC,HODL,5.7
2024-03-18,BTC,BTCW,0.0
2024-03-18,BTC,MSBT,
2024-03-18,BTC,GBTC,-642.5
2024-03-18,BTC,BTC,
2024-03-18,BTC,Total,-154.3
2024-03-19,BTC,IBIT,75.2
2024-03-19,BTC,FBTC,39.6
2024-03-19,BTC,BITB,2.5
2024-03-19,BTC,ARKB,0.0
2024-03-19,BTC,BTCO,0.0
2024-03-19,BTC,EZBC,0.0
2024-03-19,BTC,BRRR,0.0
2024-03-19,BTC,HODL,0.0
2024-03-19,BTC,BTCW,0.0
2024-03-19,BTC,MSBT,
2024-03-19,BTC,GBTC,-443.5
2024-03-19,BTC,BTC,
2024-03-19,BTC,Total,-326.2
2024-03-20,BTC,IBIT,49.3
2024-03-20,BTC,FBTC,12.9
2024-03-20,BTC,BITB,18.6
2024-03-20,BTC,ARKB,23.3
2024-03-20,BTC,BTCO,-10.2
2024-03-20,BTC,EZBC,19.0
2024-03-20,BTC,BRRR,2.9
2024-03-20,BTC,HODL,9.3
2024-03-20,BTC,BTCW,0.0
2024-03-20,BTC,MSBT,
2024-03-20,BTC,GBTC,-386.6
2024-03-20,BTC,BTC,
2024-03-20,BTC,Total,-261.5
2024-03-21,BTC,IBIT,233.4
2024-03-21,BTC,FBTC,2.9
2024-03-21,BTC,BITB,12.0
2024-03-21,BTC,ARKB,2.0
2024-03-21,BTC,BTCO,4.2
2024-03-21,BTC,EZBC,3.8
2024-03-21,BTC,BRRR,4.7
2024-03-21,BTC,HODL,1.8
2024-03-21,BTC,BTCW,0.0
2024-03-21,BTC,MSBT,
2024-03-21,BTC,GBTC,-358.8
2024-03-21,BTC,BTC,
2024-03-21,BTC,Total,-94.0
2024-03-22,BTC,IBIT,18.9
2024-03-22,BTC,FBTC,18.1
2024-03-22,BTC,BITB,16.3
2024-03-22,BTC,ARKB,5.4
2024-03-22,BTC,BTCO,4.5
2024-03-22,BTC,EZBC,29.6
2024-03-22,BTC,BRRR,25.5
2024-03-22,BTC,HODL,0.0
2024-03-22,BTC,BTCW,0.0
2024-03-22,BTC,MSBT,
2024-03-22,BTC,GBTC,-169.9
2024-03-22,BTC,BTC,
2024-03-22,BTC,Total,-51.6
2024-03-25,BTC,IBIT,35.5
2024-03-25,BTC,FBTC,261.8
2024-03-25,BTC,BITB,14.0
2024-03-25,BTC,ARKB,0.0
2024-03-25,BTC,BTCO,18.5
2024-03-25,BTC,EZBC,20.5
2024-03-25,BTC,BRRR,11.2
2024-03-25,BTC,HODL,4.0
2024-03-25,BTC,BTCW,0.0
2024-03-25,BTC,MSBT,
2024-03-25,BTC,GBTC,-350.1
2024-03-25,BTC,BTC,
2024-03-25,BTC,Total,15.4
2024-03-26,BTC,IBIT,162.2
2024-03-26,BTC,FBTC,279.1
2024-03-26,BTC,BITB,16.7
2024-03-26,BTC,ARKB,73.6
2024-03-26,BTC,BTCO,26.7
2024-03-26,BTC,EZBC,26.3
2024-03-26,BTC,BRRR,29.9
2024-03-26,BTC,HODL,15.8
2024-03-26,BTC,BTCW,0.0
2024-03-26,BTC,MSBT,
2024-03-26,BTC,GBTC,-212.3
2024-03-26,BTC,BTC,
2024-03-26,BTC,Total,418.0
2024-03-27,BTC,IBIT,323.8
2024-03-27,BTC,FBTC,1.5
2024-03-27,BTC,BITB,0.0
2024-03-27,BTC,ARKB,200.7
2024-03-27,BTC,BTCO,4.8
2024-03-27,BTC,EZBC,4.0
2024-03-27,BTC,BRRR,5.1
2024-03-27,BTC,HODL,1.9
2024-03-27,BTC,BTCW,1.5
2024-03-27,BTC,MSBT,
2024-03-27,BTC,GBTC,-299.8
2024-03-27,BTC,BTC,
2024-03-27,BTC,Total,243.5
2024-03-28,BTC,IBIT,95.1
2024-03-28,BTC,FBTC,68.1
2024-03-28,BTC,BITB,67.0
2024-03-28,BTC,ARKB,27.6
2024-03-28,BTC,BTCO,3.9
2024-03-28,BTC,EZBC,0.0
2024-03-28,BTC,BRRR,6.0
2024-03-28,BTC,HODL,20.0
2024-03-28,BTC,BTCW,0.0
2024-03-28,BTC,MSBT,
2024-03-28,BTC,GBTC,-104.9
2024-03-28,BTC,BTC,
2024-03-28,BTC,Total,182.8
2024-03-29,BTC,IBIT,
2024-03-29,BTC,FBTC,
2024-03-29,BTC,BITB,
2024-03-29,BTC,ARKB,
2024-03-29,BTC,BTCO,
2024-03-29,BTC,EZBC,
2024-03-29,BTC,BRRR,
2024-03-29,BTC,HODL,
2024-03-29,BTC,BTCW,
2024-03-29,BTC,MSBT,
2024-03-29,BTC,GBTC,
2024-03-29,BTC,BTC,
2024-03-29,BTC,Total,0.0
2024-04-01,BTC,IBIT,165.9
2024-04-01,BTC,FBTC,44.0
2024-04-01,BTC,BITB,1.1
2024-04-01,BTC,ARKB,-0.3
2024-04-01,BTC,BTCO,4.2
2024-04-01,BTC,EZBC,0.0
2024-04-01,BTC,BRRR,0.0
2024-04-01,BTC,HODL,2.0
2024-04-01,BTC,BTCW,0.0
2024-04-01,BTC,MSBT,
2024-04-01,BTC,GBTC,-302.6
2024-04-01,BTC,BTC,
2024-04-01,BTC,Total,-85.7
2024-04-02,BTC,IBIT,150.5
2024-04-02,BTC,FBTC,44.8
2024-04-02,BTC,BITB,4.3
2024-04-02,BTC,ARKB,-87.5
2024-04-02,BTC,BTCO,0.0
2024-04-02,BTC,EZBC,0.0
2024-04-02,BTC,BRRR,3.7
2024-04-02,BTC,HODL,5.6
2024-04-02,BTC,BTCW,0.0
2024-04-02,BTC,MSBT,
2024-04-02,BTC,GBTC,-81.9
2024-04-02,BTC,BTC,
2024-04-02,BTC,Total,39.5
2024-04-03,BTC,IBIT,42.0
2024-04-03,BTC,FBTC,116.7
2024-04-03,BTC,BITB,23.0
2024-04-03,BTC,ARKB,0.0
2024-04-03,BTC,BTCO,0.0
2024-04-03,BTC,EZBC,3.8
2024-04-03,BTC,BRRR,0.0
2024-04-03,BTC,HODL,0.0
2024-04-03,BTC,BTCW,3.1
2024-04-03,BTC,MSBT,
2024-04-03,BTC,GBTC,-75.1
2024-04-03,BTC,BTC,
2024-04-03,BTC,Total,113.5
2024-04-04,BTC,IBIT,144.0
2024-04-04,BTC,FBTC,106.6
2024-04-04,BTC,BITB,11.2
2024-04-04,BTC,ARKB,12.0
2024-04-04,BTC,BTCO,0.0
2024-04-04,BTC,EZBC,0.0
2024-04-04,BTC,BRRR,3.4
2024-04-04,BTC,HODL,15.5
2024-04-04,BTC,BTCW,0.0
2024-04-04,BTC,MSBT,
2024-04-04,BTC,GBTC,-79.3
2024-04-04,BTC,BTC,
2024-04-04,BTC,Total,213.4
2024-04-05,BTC,IBIT,308.8
2024-04-05,BTC,FBTC,83.0
2024-04-05,BTC,BITB,7.4
2024-04-05,BTC,ARKB,0.0
2024-04-05,BTC,BTCO,2.7
2024-04-05,BTC,EZBC,0.0
2024-04-05,BTC,BRRR,0.0
2024-04-05,BTC,HODL,0.0
2024-04-05,BTC,BTCW,0.0
2024-04-05,BTC,MSBT,
2024-04-05,BTC,GBTC,-198.9
2024-04-05,BTC,BTC,
2024-04-05,BTC,Total,203.0
2024-04-08,BTC,IBIT,21.3
2024-04-08,BTC,FBTC,6.3
2024-04-08,BTC,BITB,40.3
2024-04-08,BTC,ARKB,9.3
2024-04-08,BTC,BTCO,0.0
2024-04-08,BTC,EZBC,0.0
2024-04-08,BTC,BRRR,0.0
2024-04-08,BTC,HODL,0.0
2024-04-08,BTC,BTCW,2.3
2024-04-08,BTC,MSBT,
2024-04-08,BTC,GBTC,-303.3
2024-04-08,BTC,BTC,
2024-04-08,BTC,Total,-223.8
2024-04-09,BTC,IBIT,128.7
2024-04-09,BTC,FBTC,3.0
2024-04-09,BTC,BITB,3.8
2024-04-09,BTC,ARKB,0.0
2024-04-09,BTC,BTCO,0.0
2024-04-09,BTC,EZBC,0.0
2024-04-09,BTC,BRRR,0.0
2024-04-09,BTC,HODL,0.0
2024-04-09,BTC,BTCW,0.0
2024-04-09,BTC,MSBT,
2024-04-09,BTC,GBTC,-154.9
2024-04-09,BTC,BTC,
2024-04-09,BTC,Total,-19.4
2024-04-10,BTC,IBIT,33.3
2024-04-10,BTC,FBTC,76.3
2024-04-10,BTC,BITB,24.3
2024-04-10,BTC,ARKB,7.3
2024-04-10,BTC,BTCO,0.0
2024-04-10,BTC,EZBC,0.0
2024-04-10,BTC,BRRR,0.0
2024-04-10,BTC,HODL,0.0
2024-04-10,BTC,BTCW,0.0
2024-04-10,BTC,MSBT,
2024-04-10,BTC,GBTC,-17.5
2024-04-10,BTC,BTC,
2024-04-10,BTC,Total,123.7
2024-04-11,BTC,IBIT,192.1
2024-04-11,BTC,FBTC,4.6
2024-04-11,BTC,BITB,11.1
2024-04-11,BTC,ARKB,0.0
2024-04-11,BTC,BTCO,0.0
2024-04-11,BTC,EZBC,0.0
2024-04-11,BTC,BRRR,8.4
2024-04-11,BTC,HODL,0.0
2024-04-11,BTC,BTCW,0.0
2024-04-11,BTC,MSBT,
2024-04-11,BTC,GBTC,-124.9
2024-04-11,BTC,BTC,
2024-04-11,BTC,Total,91.3
2024-04-12,BTC,IBIT,111.1
2024-04-12,BTC,FBTC,0.0
2024-04-12,BTC,BITB,0.0
2024-04-12,BTC,ARKB,0.0
2024-04-12,BTC,BTCO,0.0
2024-04-12,BTC,EZBC,0.0
2024-04-12,BTC,BRRR,0.0
2024-04-12,BTC,HODL,0.0
2024-04-12,BTC,BTCW,0.0
2024-04-12,BTC,MSBT,
2024-04-12,BTC,GBTC,-166.2
2024-04-12,BTC,BTC,
2024-04-12,BTC,Total,-55.1
2024-04-15,BTC,IBIT,73.4
2024-04-15,BTC,FBTC,0.0
2024-04-15,BTC,BITB,0.0
2024-04-15,BTC,ARKB,0.0
2024-04-15,BTC,BTCO,0.0
2024-04-15,BTC,EZBC,0.0
2024-04-15,BTC,BRRR,0.0
2024-04-15,BTC,HODL,0.0
2024-04-15,BTC,BTCW,0.0
2024-04-15,BTC,MSBT,
2024-04-15,BTC,GBTC,-110.1
2024-04-15,BTC,BTC,
2024-04-15,BTC,Total,-36.7
2024-04-16,BTC,IBIT,25.8
2024-04-16,BTC,FBTC,1.4
2024-04-16,BTC,BITB,0.0
2024-04-16,BTC,ARKB,-12.9
2024-04-16,BTC,BTCO,0.0
2024-04-16,BTC,EZBC,1.8
2024-04-16,BTC,BRRR,1.7
2024-04-16,BTC,HODL,3.6
2024-04-16,BTC,BTCW,0.0
2024-04-16,BTC,MSBT,
2024-04-16,BTC,GBTC,-79.4
2024-04-16,BTC,BTC,
2024-04-16,BTC,Total,-58.0
2024-04-17,BTC,IBIT,18.1
2024-04-17,BTC,FBTC,0.0
2024-04-17,BTC,BITB,-7.3
2024-04-17,BTC,ARKB,-42.7
2024-04-17,BTC,BTCO,0.0
2024-04-17,BTC,EZBC,0.0
2024-04-17,BTC,BRRR,0.0
2024-04-17,BTC,HODL,0.0
2024-04-17,BTC,BTCW,0.0
2024-04-17,BTC,MSBT,
2024-04-17,BTC,GBTC,-133.1
2024-04-17,BTC,BTC,
2024-04-17,BTC,Total,-165.0
2024-04-18,BTC,IBIT,18.8
2024-04-18,BTC,FBTC,37.4
2024-04-18,BTC,BITB,12.8
2024-04-18,BTC,ARKB,9.5
2024-04-18,BTC,BTCO,0.0
2024-04-18,BTC,EZBC,0.0
2024-04-18,BTC,BRRR,0.0
2024-04-18,BTC,HODL,7.2
2024-04-18,BTC,BTCW,0.0
2024-04-18,BTC,MSBT,
2024-04-18,BTC,GBTC,-90.0
2024-04-18,BTC,BTC,
2024-04-18,BTC,Total,-4.3
2024-04-19,BTC,IBIT,29.3
2024-04-19,BTC,FBTC,54.8
2024-04-19,BTC,BITB,4.9
2024-04-19,BTC,ARKB,12.5
2024-04-19,BTC,BTCO,3.9
2024-04-19,BTC,EZBC,1.9
2024-04-19,BTC,BRRR,0.0
2024-04-19,BTC,HODL,-1.8
2024-04-19,BTC,BTCW,0.0
2024-04-19,BTC,MSBT,
2024-04-19,BTC,GBTC,-45.8
2024-04-19,BTC,BTC,
2024-04-19,BTC,Total,59.7
2024-04-22,BTC,IBIT,19.7
2024-04-22,BTC,FBTC,34.8
2024-04-22,BTC,BITB,2.2
2024-04-22,BTC,ARKB,22.6
2024-04-22,BTC,BTCO,2.7
2024-04-22,BTC,EZBC,7.7
2024-04-22,BTC,BRRR,0.0
2024-04-22,BTC,HODL,7.5
2024-04-22,BTC,BTCW,0.0
2024-04-22,BTC,MSBT,
2024-04-22,BTC,GBTC,-35.0
2024-04-22,BTC,BTC,
2024-04-22,BTC,Total,62.2
2024-04-23,BTC,IBIT,37.9
2024-04-23,BTC,FBTC,4.4
2024-04-23,BTC,BITB,23.2
2024-04-23,BTC,ARKB,33.3
2024-04-23,BTC,BTCO,-0.3
2024-04-23,BTC,EZBC,1.9
2024-04-23,BTC,BRRR,0.0
2024-04-23,BTC,HODL,-1.9
2024-04-23,BTC,BTCW,0.0
2024-04-23,BTC,MSBT,
2024-04-23,BTC,GBTC,-66.9
2024-04-23,BTC,BTC,
2024-04-23,BTC,Total,31.6
2024-04-24,BTC,IBIT,0.0
2024-04-24,BTC,FBTC,5.6
2024-04-24,BTC,BITB,0.0
2024-04-24,BTC,ARKB,4.2
2024-04-24,BTC,BTCO,0.0
2024-04-24,BTC,EZBC,0.0
2024-04-24,BTC,BRRR,0.0
2024-04-24,BTC,HODL,0.0
2024-04-24,BTC,BTCW,0.0
2024-04-24,BTC,MSBT,
2024-04-24,BTC,GBTC,-130.4
2024-04-24,BTC,BTC,
2024-04-24,BTC,Total,-120.6
2024-04-25,BTC,IBIT,0.0
2024-04-25,BTC,FBTC,-22.6
2024-04-25,BTC,BITB,-6.0
2024-04-25,BTC,ARKB,-31.3
2024-04-25,BTC,BTCO,0.0
2024-04-25,BTC,EZBC,1.9
2024-04-25,BTC,BRRR,-20.2
2024-04-25,BTC,HODL,0.0
2024-04-25,BTC,BTCW,0.0
2024-04-25,BTC,MSBT,
2024-04-25,BTC,GBTC,-139.4
2024-04-25,BTC,BTC,
2024-04-25,BTC,Total,-217.6
2024-04-26,BTC,IBIT,0.0
2024-04-26,BTC,FBTC,-2.8
2024-04-26,BTC,BITB,-3.8
2024-04-26,BTC,ARKB,5.4
2024-04-26,BTC,BTCO,0.0
2024-04-26,BTC,EZBC,0.0
2024-04-26,BTC,BRRR,0.0
2024-04-26,BTC,HODL,0.0
2024-04-26,BTC,BTCW,0.0
2024-04-26,BTC,MSBT,
2024-04-26,BTC,GBTC,-82.4
2024-04-26,BTC,BTC,
2024-04-26,BTC,Total,-83.6
2024-04-29,BTC,IBIT,0.0
2024-04-29,BTC,FBTC,-6.9
2024-04-29,BTC,BITB,6.8
2024-04-29,BTC,ARKB,-31.3
2024-04-29,BTC,BTCO,0.0
2024-04-29,BTC,EZBC,1.8
2024-04-29,BTC,BRRR,2.7
2024-04-29,BTC,HODL,0.0
2024-04-29,BTC,BTCW,0.0
2024-04-29,BTC,MSBT,
2024-04-29,BTC,GBTC,-24.7
2024-04-29,BTC,BTC,
2024-04-29,BTC,Total,-51.6
2024-04-30,BTC,IBIT,0.0
2024-04-30,BTC,FBTC,-35.3
2024-04-30,BTC,BITB,-34.3
2024-04-30,BTC,ARKB,3.6
2024-04-30,BTC,BTCO,-2.4
2024-04-30,BTC,EZBC,0.0
2024-04-30,BTC,BRRR,0.0
2024-04-30,BTC,HODL,0.0
2024-04-30,BTC,BTCW,0.0
2024-04-30,BTC,MSBT,
2024-04-30,BTC,GBTC,-93.2
2024-04-30,BTC,BTC,
2024-04-30,BTC,Total,-161.6
2024-05-01,BTC,IBIT,-36.9
2024-05-01,BTC,FBTC,-191.1
2024-05-01,BTC,BITB,-29.0
2024-05-01,BTC,ARKB,-98.1
2024-05-01,BTC,BTCO,-5.4
2024-05-01,BTC,EZBC,-13.4
2024-05-01,BTC,BRRR,-9.7
2024-05-01,BTC,HODL,-6.5
2024-05-01,BTC,BTCW,-6.2
2024-05-01,BTC,MSBT,
2024-05-01,BTC,GBTC,-167.4
2024-05-01,BTC,BTC,
2024-05-01,BTC,Total,-563.7
2024-05-02,BTC,IBIT,0.0
2024-05-02,BTC,FBTC,0.0
2024-05-02,BTC,BITB,0.0
2024-05-02,BTC,ARKB,13.3
2024-05-02,BTC,BTCO,1.5
2024-05-02,BTC,EZBC,3.4
2024-05-02,BTC,BRRR,2.3
2024-05-02,BTC,HODL,0.0
2024-05-02,BTC,BTCW,0.0
2024-05-02,BTC,MSBT,
2024-05-02,BTC,GBTC,-54.9
2024-05-02,BTC,BTC,
2024-05-02,BTC,Total,-34.4
2024-05-03,BTC,IBIT,12.7
2024-05-03,BTC,FBTC,102.6
2024-05-03,BTC,BITB,33.5
2024-05-03,BTC,ARKB,28.1
2024-05-03,BTC,BTCO,33.2
2024-05-03,BTC,EZBC,60.9
2024-05-03,BTC,BRRR,35.6
2024-05-03,BTC,HODL,8.7
2024-05-03,BTC,BTCW,0.0
2024-05-03,BTC,MSBT,
2024-05-03,BTC,GBTC,63.0
2024-05-03,BTC,BTC,
2024-05-03,BTC,Total,378.3
2024-05-06,BTC,IBIT,21.5
2024-05-06,BTC,FBTC,99.2
2024-05-06,BTC,BITB,2.1
2024-05-06,BTC,ARKB,75.6
2024-05-06,BTC,BTCO,11.1
2024-05-06,BTC,EZBC,1.8
2024-05-06,BTC,BRRR,0.0
2024-05-06,BTC,HODL,1.8
2024-05-06,BTC,BTCW,0.0
2024-05-06,BTC,MSBT,
2024-05-06,BTC,GBTC,3.9
2024-05-06,BTC,BTC,
2024-05-06,BTC,Total,217.0
2024-05-07,BTC,IBIT,0.0
2024-05-07,BTC,FBTC,4.1
2024-05-07,BTC,BITB,0.0
2024-05-07,BTC,ARKB,2.8
2024-05-07,BTC,BTCO,6.0
2024-05-07,BTC,EZBC,0.0
2024-05-07,BTC,BRRR,0.0
2024-05-07,BTC,HODL,0.0
2024-05-07,BTC,BTCW,0.0
2024-05-07,BTC,MSBT,
2024-05-07,BTC,GBTC,-28.6
2024-05-07,BTC,BTC,
2024-05-07,BTC,Total,-15.7
2024-05-08,BTC,IBIT,0.0
2024-05-08,BTC,FBTC,0.0
2024-05-08,BTC,BITB,11.5
2024-05-08,BTC,ARKB,0.0
2024-05-08,BTC,BTCO,0.0
2024-05-08,BTC,EZBC,0.0
2024-05-08,BTC,BRRR,0.0
2024-05-08,BTC,HODL,0.0
2024-05-08,BTC,BTCW,0.0
2024-05-08,BTC,MSBT,
2024-05-08,BTC,GBTC,0.0
2024-05-08,BTC,BTC,
2024-05-08,BTC,Total,11.5
2024-05-09,BTC,IBIT,14.2
2024-05-09,BTC,FBTC,2.7
2024-05-09,BTC,BITB,6.8
2024-05-09,BTC,ARKB,4.4
2024-05-09,BTC,BTCO,2.2
2024-05-09,BTC,EZBC,1.8
2024-05-09,BTC,BRRR,0.0
2024-05-09,BTC,HODL,0.0
2024-05-09,BTC,BTCW,0.0
2024-05-09,BTC,MSBT,
2024-05-09,BTC,GBTC,-43.4
2024-05-09,BTC,BTC,
2024-05-09,BTC,Total,-11.3
2024-05-10,BTC,IBIT,12.4
2024-05-10,BTC,FBTC,5.3
2024-05-10,BTC,BITB,0.0
2024-05-10,BTC,ARKB,0.0
2024-05-10,BTC,BTCO,0.0
2024-05-10,BTC,EZBC,0.0
2024-05-10,BTC,BRRR,0.0
2024-05-10,BTC,HODL,0.0
2024-05-10,BTC,BTCW,0.6
2024-05-10,BTC,MSBT,
2024-05-10,BTC,GBTC,-103.0
2024-05-10,BTC,BTC,
2024-05-10,BTC,Total,-84.7
2024-05-13,BTC,IBIT,0.0
2024-05-13,BTC,FBTC,38.6
2024-05-13,BTC,BITB,20.3
2024-05-13,BTC,ARKB,0.0
2024-05-13,BTC,BTCO,0.0
2024-05-13,BTC,EZBC,0.0
2024-05-13,BTC,BRRR,0.0
2024-05-13,BTC,HODL,7.1
2024-05-13,BTC,BTCW,0.0
2024-05-13,BTC,MSBT,
2024-05-13,BTC,GBTC,0.0
2024-05-13,BTC,BTC,
2024-05-13,BTC,Total,66.0
2024-05-14,BTC,IBIT,0.0
2024-05-14,BTC,FBTC,8.1
2024-05-14,BTC,BITB,0.0
2024-05-14,BTC,ARKB,133.1
2024-05-14,BTC,BTCO,5.5
2024-05-14,BTC,EZBC,1.8
2024-05-14,BTC,BRRR,1.2
2024-05-14,BTC,HODL,1.7
2024-05-14,BTC,BTCW,0.0
2024-05-14,BTC,MSBT,
2024-05-14,BTC,GBTC,-50.9
2024-05-14,BTC,BTC,
2024-05-14,BTC,Total,100.5
2024-05-15,BTC,IBIT,0.0
2024-05-15,BTC,FBTC,131.3
2024-05-15,BTC,BITB,86.3
2024-05-15,BTC,ARKB,38.6
2024-05-15,BTC,BTCO,4.6
2024-05-15,BTC,EZBC,1.9
2024-05-15,BTC,BRRR,3.7
2024-05-15,BTC,HODL,7.5
2024-05-15,BTC,BTCW,2.1
2024-05-15,BTC,MSBT,
2024-05-15,BTC,GBTC,27.0
2024-05-15,BTC,BTC,
2024-05-15,BTC,Total,303.0
2024-05-16,BTC,IBIT,93.7
2024-05-16,BTC,FBTC,67.1
2024-05-16,BTC,BITB,1.4
2024-05-16,BTC,ARKB,62.0
2024-05-16,BTC,BTCO,6.2
2024-05-16,BTC,EZBC,3.8
2024-05-16,BTC,BRRR,18.5
2024-05-16,BTC,HODL,0.0
2024-05-16,BTC,BTCW,0.0
2024-05-16,BTC,MSBT,
2024-05-16,BTC,GBTC,4.6
2024-05-16,BTC,BTC,
2024-05-16,BTC,Total,257.3
2024-05-17,BTC,IBIT,38.1
2024-05-17,BTC,FBTC,99.4
2024-05-17,BTC,BITB,20.8
2024-05-17,BTC,ARKB,10.0
2024-05-17,BTC,BTCO,5.7
2024-05-17,BTC,EZBC,0.0
2024-05-17,BTC,BRRR,6.4
2024-05-17,BTC,HODL,9.5
2024-05-17,BTC,BTCW,0.0
2024-05-17,BTC,MSBT,
2024-05-17,BTC,GBTC,31.6
2024-05-17,BTC,BTC,
2024-05-17,BTC,Total,221.5
2024-05-20,BTC,IBIT,66.4
2024-05-20,BTC,FBTC,64.0
2024-05-20,BTC,BITB,24.0
2024-05-20,BTC,ARKB,68.3
2024-05-20,BTC,BTCO,0.0
2024-05-20,BTC,EZBC,0.0
2024-05-20,BTC,BRRR,0.0
2024-05-20,BTC,HODL,0.0
2024-05-20,BTC,BTCW,5.2
2024-05-20,BTC,MSBT,
2024-05-20,BTC,GBTC,9.3
2024-05-20,BTC,BTC,
2024-05-20,BTC,Total,237.2
2024-05-21,BTC,IBIT,290.0
2024-05-21,BTC,FBTC,25.8
2024-05-21,BTC,BITB,-4.2
2024-05-21,BTC,ARKB,0.0
2024-05-21,BTC,BTCO,0.0
2024-05-21,BTC,EZBC,0.0
2024-05-21,BTC,BRRR,0.0
2024-05-21,BTC,HODL,-5.9
2024-05-21,BTC,BTCW,0.0
2024-05-21,BTC,MSBT,
2024-05-21,BTC,GBTC,0.0
2024-05-21,BTC,BTC,
2024-05-21,BTC,Total,305.7
2024-05-22,BTC,IBIT,92.0
2024-05-22,BTC,FBTC,74.6
2024-05-22,BTC,BITB,0.0
2024-05-22,BTC,ARKB,3.5
2024-05-22,BTC,BTCO,0.0
2024-05-22,BTC,EZBC,0.0
2024-05-22,BTC,BRRR,0.0
2024-05-22,BTC,HODL,0.0
2024-05-22,BTC,BTCW,0.0
2024-05-22,BTC,MSBT,
2024-05-22,BTC,GBTC,-16.1
2024-05-22,BTC,BTC,
2024-05-22,BTC,Total,154.0
2024-05-23,BTC,IBIT,89.0
2024-05-23,BTC,FBTC,19.1
2024-05-23,BTC,BITB,0.0
2024-05-23,BTC,ARKB,2.0
2024-05-23,BTC,BTCO,2.0
2024-05-23,BTC,EZBC,0.0
2024-05-23,BTC,BRRR,0.0
2024-05-23,BTC,HODL,9.5
2024-05-23,BTC,BTCW,0.0
2024-05-23,BTC,MSBT,
2024-05-23,BTC,GBTC,-13.7
2024-05-23,BTC,BTC,
2024-05-23,BTC,Total,107.9
2024-05-24,BTC,IBIT,182.1
2024-05-24,BTC,FBTC,43.7
2024-05-24,BTC,BITB,6.4
2024-05-24,BTC,ARKB,4.1
2024-05-24,BTC,BTCO,0.0
2024-05-24,BTC,EZBC,0.0
2024-05-24,BTC,BRRR,0.0
2024-05-24,BTC,HODL,15.6
2024-05-24,BTC,BTCW,0.0
2024-05-24,BTC,MSBT,
2024-05-24,BTC,GBTC,0.0
2024-05-24,BTC,BTC,
2024-05-24,BTC,Total,251.9
2024-05-27,BTC,IBIT,
2024-05-27,BTC,FBTC,
2024-05-27,BTC,BITB,
2024-05-27,BTC,ARKB,
2024-05-27,BTC,BTCO,
2024-05-27,BTC,EZBC,
2024-05-27,BTC,BRRR,
2024-05-27,BTC,HODL,
2024-05-27,BTC,BTCW,
2024-05-27,BTC,MSBT,
2024-05-27,BTC,GBTC,
2024-05-27,BTC,BTC,
2024-05-27,BTC,Total,0.0
2024-05-28,BTC,IBIT,102.5
2024-05-28,BTC,FBTC,34.3
2024-05-28,BTC,BITB,3.3
2024-05-28,BTC,ARKB,4.1
2024-05-28,BTC,BTCO,3.4
2024-05-28,BTC,EZBC,0.0
2024-05-28,BTC,BRRR,1.2
2024-05-28,BTC,HODL,0.0
2024-05-28,BTC,BTCW,1.4
2024-05-28,BTC,MSBT,
2024-05-28,BTC,GBTC,-105.2
2024-05-28,BTC,BTC,
2024-05-28,BTC,Total,45.0
2024-05-29,BTC,IBIT,24.6
2024-05-29,BTC,FBTC,17.7
2024-05-29,BTC,BITB,11.0
2024-05-29,BTC,ARKB,4.0
2024-05-29,BTC,BTCO,1.0
2024-05-29,BTC,EZBC,0.0
2024-05-29,BTC,BRRR,0.0
2024-05-29,BTC,HODL,0.0
2024-05-29,BTC,BTCW,1.1
2024-05-29,BTC,MSBT,
2024-05-29,BTC,GBTC,-31.1
2024-05-29,BTC,BTC,
2024-05-29,BTC,Total,28.3
2024-05-30,BTC,IBIT,1.6
2024-05-30,BTC,FBTC,119.1
2024-05-30,BTC,BITB,25.9
2024-05-30,BTC,ARKB,-99.9
2024-05-30,BTC,BTCO,2.1
2024-05-30,BTC,EZBC,0.0
2024-05-30,BTC,BRRR,0.0
2024-05-30,BTC,HODL,0.0
2024-05-30,BTC,BTCW,0.0
2024-05-30,BTC,MSBT,
2024-05-30,BTC,GBTC,0.0
2024-05-30,BTC,BTC,
2024-05-30,BTC,Total,48.8
2024-05-31,BTC,IBIT,169.1
2024-05-31,BTC,FBTC,5.9
2024-05-31,BTC,BITB,0.0
2024-05-31,BTC,ARKB,0.0
2024-05-31,BTC,BTCO,0.0
2024-05-31,BTC,EZBC,0.0
2024-05-31,BTC,BRRR,0.0
2024-05-31,BTC,HODL,-1.9
2024-05-31,BTC,BTCW,0.0
2024-05-31,BTC,MSBT,
2024-05-31,BTC,GBTC,-124.3
2024-05-31,BTC,BTC,
2024-05-31,BTC,Total,48.8
2024-06-03,BTC,IBIT,0.0
2024-06-03,BTC,FBTC,77.0
2024-06-03,BTC,BITB,14.3
2024-06-03,BTC,ARKB,10.7
2024-06-03,BTC,BTCO,0.0
2024-06-03,BTC,EZBC,0.0
2024-06-03,BTC,BRRR,0.0
2024-06-03,BTC,HODL,2.0
2024-06-03,BTC,BTCW,1.1
2024-06-03,BTC,MSBT,
2024-06-03,BTC,GBTC,0.0
2024-06-03,BTC,BTC,
2024-06-03,BTC,Total,105.1
2024-06-04,BTC,IBIT,274.4
2024-06-04,BTC,FBTC,378.7
2024-06-04,BTC,BITB,61.0
2024-06-04,BTC,ARKB,138.7
2024-06-04,BTC,BTCO,0.0
2024-06-04,BTC,EZBC,0.0
2024-06-04,BTC,BRRR,1.6
2024-06-04,BTC,HODL,4.0
2024-06-04,BTC,BTCW,0.0
2024-06-04,BTC,MSBT,
2024-06-04,BTC,GBTC,28.2
2024-06-04,BTC,BTC,
2024-06-04,BTC,Total,886.6
2024-06-05,BTC,IBIT,155.4
2024-06-05,BTC,FBTC,220.6
2024-06-05,BTC,BITB,18.5
2024-06-05,BTC,ARKB,71.4
2024-06-05,BTC,BTCO,3.6
2024-06-05,BTC,EZBC,0.0
2024-06-05,BTC,BRRR,0.0
2024-06-05,BTC,HODL,4.0
2024-06-05,BTC,BTCW,0.0
2024-06-05,BTC,MSBT,
2024-06-05,BTC,GBTC,14.6
2024-06-05,BTC,BTC,
2024-06-05,BTC,Total,488.1
2024-06-06,BTC,IBIT,349.9
2024-06-06,BTC,FBTC,3.1
2024-06-06,BTC,BITB,-3.1
2024-06-06,BTC,ARKB,-96.6
2024-06-06,BTC,BTCO,0.0
2024-06-06,BTC,EZBC,0.0
2024-06-06,BTC,BRRR,0.0
2024-06-06,BTC,HODL,2.0
2024-06-06,BTC,BTCW,0.0
2024-06-06,BTC,MSBT,
2024-06-06,BTC,GBTC,-37.6
2024-06-06,BTC,BTC,
2024-06-06,BTC,Total,217.7
2024-06-07,BTC,IBIT,168.3
2024-06-07,BTC,FBTC,0.0
2024-06-07,BTC,BITB,-7.9
2024-06-07,BTC,ARKB,6.9
2024-06-07,BTC,BTCO,0.0
2024-06-07,BTC,EZBC,0.0
2024-06-07,BTC,BRRR,0.0
2024-06-07,BTC,HODL,0.0
2024-06-07,BTC,BTCW,0.0
2024-06-07,BTC,MSBT,
2024-06-07,BTC,GBTC,-36.3
2024-06-07,BTC,BTC,
2024-06-07,BTC,Total,131.0
2024-06-10,BTC,IBIT,6.3
2024-06-10,BTC,FBTC,-3.0
2024-06-10,BTC,BITB,7.6
2024-06-10,BTC,ARKB,0.0
2024-06-10,BTC,BTCO,-20.5
2024-06-10,BTC,EZBC,0.0
2024-06-10,BTC,BRRR,-15.8
2024-06-10,BTC,HODL,0.0
2024-06-10,BTC,BTCW,0.0
2024-06-10,BTC,MSBT,
2024-06-10,BTC,GBTC,-39.5
2024-06-10,BTC,BTC,
2024-06-10,BTC,Total,-64.9
2024-06-11,BTC,IBIT,0.0
2024-06-11,BTC,FBTC,-7.4
2024-06-11,BTC,BITB,-11.7
2024-06-11,BTC,ARKB,-56.5
2024-06-11,BTC,BTCO,0.0
2024-06-11,BTC,EZBC,0.0
2024-06-11,BTC,BRRR,0.0
2024-06-11,BTC,HODL,-3.8
2024-06-11,BTC,BTCW,0.0
2024-06-11,BTC,MSBT,
2024-06-11,BTC,GBTC,-121.0
2024-06-11,BTC,BTC,
2024-06-11,BTC,Total,-200.4
2024-06-12,BTC,IBIT,15.6
2024-06-12,BTC,FBTC,50.6
2024-06-12,BTC,BITB,14.5
2024-06-12,BTC,ARKB,8.5
2024-06-12,BTC,BTCO,0.0
2024-06-12,BTC,EZBC,0.0
2024-06-12,BTC,BRRR,0.0
2024-06-12,BTC,HODL,11.6
2024-06-12,BTC,BTCW,0.0
2024-06-12,BTC,MSBT,
2024-06-12,BTC,GBTC,0.0
2024-06-12,BTC,BTC,
2024-06-12,BTC,Total,100.8
2024-06-13,BTC,IBIT,18.2
2024-06-13,BTC,FBTC,-106.4
2024-06-13,BTC,BITB,-9.8
2024-06-13,BTC,ARKB,-52.7
2024-06-13,BTC,BTCO,-2.7
2024-06-13,BTC,EZBC,0.0
2024-06-13,BTC,BRRR,0.0
2024-06-13,BTC,HODL,-11.3
2024-06-13,BTC,BTCW,0.0
2024-06-13,BTC,MSBT,
2024-06-13,BTC,GBTC,-61.5
2024-06-13,BTC,BTC,
2024-06-13,BTC,Total,-226.2
2024-06-14,BTC,IBIT,1.5
2024-06-14,BTC,FBTC,-80.1
2024-06-14,BTC,BITB,-7.1
2024-06-14,BTC,ARKB,-49.0
2024-06-14,BTC,BTCO,-2.9
2024-06-14,BTC,EZBC,0.0
2024-06-14,BTC,BRRR,0.0
2024-06-14,BTC,HODL,0.0
2024-06-14,BTC,BTCW,0.0
2024-06-14,BTC,MSBT,
2024-06-14,BTC,GBTC,-52.3
2024-06-14,BTC,BTC,
2024-06-14,BTC,Total,-189.9
2024-06-17,BTC,IBIT,0.0
2024-06-17,BTC,FBTC,-92.0
2024-06-17,BTC,BITB,2.9
2024-06-17,BTC,ARKB,-50.0
2024-06-17,BTC,BTCO,0.0
2024-06-17,BTC,EZBC,0.0
2024-06-17,BTC,BRRR,0.0
2024-06-17,BTC,HODL,-3.8
2024-06-17,BTC,BTCW,0.0
2024-06-17,BTC,MSBT,
2024-06-17,BTC,GBTC,-3.0
2024-06-17,BTC,BTC,
2024-06-17,BTC,Total,-145.9
2024-06-18,BTC,IBIT,0.0
2024-06-18,BTC,FBTC,-83.1
2024-06-18,BTC,BITB,-7.0
2024-06-18,BTC,ARKB,0.0
2024-06-18,BTC,BTCO,0.0
2024-06-18,BTC,EZBC,0.0
2024-06-18,BTC,BRRR,0.0
2024-06-18,BTC,HODL,0.0
2024-06-18,BTC,BTCW,0.0
2024-06-18,BTC,MSBT,
2024-06-18,BTC,GBTC,-62.3
2024-06-18,BTC,BTC,
2024-06-18,BTC,Total,-152.4
2024-06-19,BTC,IBIT,
2024-06-19,BTC,FBTC,
2024-06-19,BTC,BITB,
2024-06-19,BTC,ARKB,
2024-06-19,BTC,BTCO,
2024-06-19,BTC,EZBC,
2024-06-19,BTC,BRRR,
2024-06-19,BTC,HODL,
2024-06-19,BTC,BTCW,
2024-06-19,BTC,MSBT,
2024-06-19,BTC,GBTC,
2024-06-19,BTC,BTC,
2024-06-19,BTC,Total,0.0
2024-06-20,BTC,IBIT,1.5
2024-06-20,BTC,FBTC,-51.1
2024-06-20,BTC,BITB,-31.5
2024-06-20,BTC,ARKB,0.0
2024-06-20,BTC,BTCO,-2.0
2024-06-20,BTC,EZBC,0.0
2024-06-20,BTC,BRRR,0.0
2024-06-20,BTC,HODL,-3.7
2024-06-20,BTC,BTCW,0.0
2024-06-20,BTC,MSBT,
2024-06-20,BTC,GBTC,-53.1
2024-06-20,BTC,BTC,
2024-06-20,BTC,Total,-139.9
2024-06-21,BTC,IBIT,0.0
2024-06-21,BTC,FBTC,-44.8
2024-06-21,BTC,BITB,0.0
2024-06-21,BTC,ARKB,-28.8
2024-06-21,BTC,BTCO,0.0
2024-06-21,BTC,EZBC,1.9
2024-06-21,BTC,BRRR,0.0
2024-06-21,BTC,HODL,0.0
2024-06-21,BTC,BTCW,0.0
2024-06-21,BTC,MSBT,
2024-06-21,BTC,GBTC,-34.2
2024-06-21,BTC,BTC,
2024-06-21,BTC,Total,-105.9
2024-06-24,BTC,IBIT,0.0
2024-06-24,BTC,FBTC,-35.2
2024-06-24,BTC,BITB,-8.2
2024-06-24,BTC,ARKB,-7.2
2024-06-24,BTC,BTCO,-2.4
2024-06-24,BTC,EZBC,-20.9
2024-06-24,BTC,BRRR,0.0
2024-06-24,BTC,HODL,-10.2
2024-06-24,BTC,BTCW,0.0
2024-06-24,BTC,MSBT,
2024-06-24,BTC,GBTC,-90.4
2024-06-24,BTC,BTC,
2024-06-24,BTC,Total,-174.5
2024-06-25,BTC,IBIT,0.0
2024-06-25,BTC,FBTC,48.8
2024-06-25,BTC,BITB,15.2
2024-06-25,BTC,ARKB,-6.2
2024-06-25,BTC,BTCO,0.0
2024-06-25,BTC,EZBC,0.0
2024-06-25,BTC,BRRR,0.0
2024-06-25,BTC,HODL,3.5
2024-06-25,BTC,BTCW,0.0
2024-06-25,BTC,MSBT,
2024-06-25,BTC,GBTC,-30.3
2024-06-25,BTC,BTC,
2024-06-25,BTC,Total,31.0
2024-06-26,BTC,IBIT,0.0
2024-06-26,BTC,FBTC,18.6
2024-06-26,BTC,BITB,0.0
2024-06-26,BTC,ARKB,-4.9
2024-06-26,BTC,BTCO,0.0
2024-06-26,BTC,EZBC,0.0
2024-06-26,BTC,BRRR,0.0
2024-06-26,BTC,HODL,3.4
2024-06-26,BTC,BTCW,0.0
2024-06-26,BTC,MSBT,
2024-06-26,BTC,GBTC,4.3
2024-06-26,BTC,BTC,
2024-06-26,BTC,Total,21.4
2024-06-27,BTC,IBIT,0.0
2024-06-27,BTC,FBTC,6.7
2024-06-27,BTC,BITB,8.0
2024-06-27,BTC,ARKB,1.8
2024-06-27,BTC,BTCO,3.1
2024-06-27,BTC,EZBC,3.6
2024-06-27,BTC,BRRR,0.0
2024-06-27,BTC,HODL,0.0
2024-06-27,BTC,BTCW,0.0
2024-06-27,BTC,MSBT,
2024-06-27,BTC,GBTC,-11.4
2024-06-27,BTC,BTC,
2024-06-27,BTC,Total,11.8
2024-06-28,BTC,IBIT,82.4
2024-06-28,BTC,FBTC,-25.0
2024-06-28,BTC,BITB,0.0
2024-06-28,BTC,ARKB,42.8
2024-06-28,BTC,BTCO,0.0
2024-06-28,BTC,EZBC,0.0
2024-06-28,BTC,BRRR,0.0
2024-06-28,BTC,HODL,0.0
2024-06-28,BTC,BTCW,0.0
2024-06-28,BTC,MSBT,
2024-06-28,BTC,GBTC,-27.2
2024-06-28,BTC,BTC,
2024-06-28,BTC,Total,73.0
2024-07-01,BTC,IBIT,0.0
2024-07-01,BTC,FBTC,65.0
2024-07-01,BTC,BITB,41.4
2024-07-01,BTC,ARKB,12.7
2024-07-01,BTC,BTCO,3.2
2024-07-01,BTC,EZBC,1.8
2024-07-01,BTC,BRRR,0.0
2024-07-01,BTC,HODL,5.4
2024-07-01,BTC,BTCW,0.0
2024-07-01,BTC,MSBT,
2024-07-01,BTC,GBTC,0.0
2024-07-01,BTC,BTC,
2024-07-01,BTC,Total,129.5
2024-07-02,BTC,IBIT,14.1
2024-07-02,BTC,FBTC,5.4
2024-07-02,BTC,BITB,-6.8
2024-07-02,BTC,ARKB,2.5
2024-07-02,BTC,BTCO,0.0
2024-07-02,BTC,EZBC,0.0
2024-07-02,BTC,BRRR,0.0
2024-07-02,BTC,HODL,3.5
2024-07-02,BTC,BTCW,0.0
2024-07-02,BTC,MSBT,
2024-07-02,BTC,GBTC,-32.4
2024-07-02,BTC,BTC,
2024-07-02,BTC,Total,-13.7
2024-07-03,BTC,IBIT,0.0
2024-07-03,BTC,FBTC,6.5
2024-07-03,BTC,BITB,0.0
2024-07-03,BTC,ARKB,0.0
2024-07-03,BTC,BTCO,0.0
2024-07-03,BTC,EZBC,0.0
2024-07-03,BTC,BRRR,0.0
2024-07-03,BTC,HODL,0.0
2024-07-03,BTC,BTCW,0.0
2024-07-03,BTC,MSBT,
2024-07-03,BTC,GBTC,-27.0
2024-07-03,BTC,BTC,
2024-07-03,BTC,Total,-20.5
2024-07-04,BTC,IBIT,
2024-07-04,BTC,FBTC,
2024-07-04,BTC,BITB,
2024-07-04,BTC,ARKB,
2024-07-04,BTC,BTCO,
2024-07-04,BTC,EZBC,
2024-07-04,BTC,BRRR,
2024-07-04,BTC,HODL,
2024-07-04,BTC,BTCW,
2024-07-04,BTC,MSBT,
2024-07-04,BTC,GBTC,
2024-07-04,BTC,BTC,
2024-07-04,BTC,Total,0.0
2024-07-05,BTC,IBIT,0.0
2024-07-05,BTC,FBTC,117.4
2024-07-05,BTC,BITB,30.2
2024-07-05,BTC,ARKB,11.3
2024-07-05,BTC,BTCO,0.0
2024-07-05,BTC,EZBC,0.0
2024-07-05,BTC,BRRR,0.0
2024-07-05,BTC,HODL,12.8
2024-07-05,BTC,BTCW,0.0
2024-07-05,BTC,MSBT,
2024-07-05,BTC,GBTC,-28.6
2024-07-05,BTC,BTC,
2024-07-05,BTC,Total,143.1
2024-07-08,BTC,IBIT,187.2
2024-07-08,BTC,FBTC,61.5
2024-07-08,BTC,BITB,11.0
2024-07-08,BTC,ARKB,8.4
2024-07-08,BTC,BTCO,0.0
2024-07-08,BTC,EZBC,0.0
2024-07-08,BTC,BRRR,0.0
2024-07-08,BTC,HODL,1.6
2024-07-08,BTC,BTCW,0.0
2024-07-08,BTC,MSBT,
2024-07-08,BTC,GBTC,25.1
2024-07-08,BTC,BTC,
2024-07-08,BTC,Total,294.8
2024-07-09,BTC,IBIT,121.0
2024-07-09,BTC,FBTC,91.0
2024-07-09,BTC,BITB,-4.7
2024-07-09,BTC,ARKB,43.3
2024-07-09,BTC,BTCO,0.0
2024-07-09,BTC,EZBC,0.0
2024-07-09,BTC,BRRR,0.0
2024-07-09,BTC,HODL,3.3
2024-07-09,BTC,BTCW,0.0
2024-07-09,BTC,MSBT,
2024-07-09,BTC,GBTC,-37.5
2024-07-09,BTC,BTC,
2024-07-09,BTC,Total,216.4
2024-07-10,BTC,IBIT,22.2
2024-07-10,BTC,FBTC,57.8
2024-07-10,BTC,BITB,4.7
2024-07-10,BTC,ARKB,5.7
2024-07-10,BTC,BTCO,9.5
2024-07-10,BTC,EZBC,31.7
2024-07-10,BTC,BRRR,20.7
2024-07-10,BTC,HODL,3.3
2024-07-10,BTC,BTCW,0.0
2024-07-10,BTC,MSBT,
2024-07-10,BTC,GBTC,-8.2
2024-07-10,BTC,BTC,
2024-07-10,BTC,Total,147.4
2024-07-11,BTC,IBIT,72.1
2024-07-11,BTC,FBTC,32.7
2024-07-11,BTC,BITB,7.5
2024-07-11,BTC,ARKB,4.3
2024-07-11,BTC,BTCO,0.0
2024-07-11,BTC,EZBC,0.0
2024-07-11,BTC,BRRR,0.0
2024-07-11,BTC,HODL,0.0
2024-07-11,BTC,BTCW,0.0
2024-07-11,BTC,MSBT,
2024-07-11,BTC,GBTC,-37.7
2024-07-11,BTC,BTC,
2024-07-11,BTC,Total,78.9
2024-07-12,BTC,IBIT,120.0
2024-07-12,BTC,FBTC,115.1
2024-07-12,BTC,BITB,28.4
2024-07-12,BTC,ARKB,13.0
2024-07-12,BTC,BTCO,4.0
2024-07-12,BTC,EZBC,0.0
2024-07-12,BTC,BRRR,0.0
2024-07-12,BTC,HODL,6.6
2024-07-12,BTC,BTCW,0.0
2024-07-12,BTC,MSBT,
2024-07-12,BTC,GBTC,23.0
2024-07-12,BTC,BTC,
2024-07-12,BTC,Total,310.1
2024-07-15,BTC,IBIT,117.2
2024-07-15,BTC,FBTC,36.1
2024-07-15,BTC,BITB,15.2
2024-07-15,BTC,ARKB,117.2
2024-07-15,BTC,BTCO,7.9
2024-07-15,BTC,EZBC,3.7
2024-07-15,BTC,BRRR,0.0
2024-07-15,BTC,HODL,3.6
2024-07-15,BTC,BTCW,0.0
2024-07-15,BTC,MSBT,
2024-07-15,BTC,GBTC,0.0
2024-07-15,BTC,BTC,
2024-07-15,BTC,Total,300.9
2024-07-16,BTC,IBIT,260.2
2024-07-16,BTC,FBTC,61.1
2024-07-16,BTC,BITB,17.3
2024-07-16,BTC,ARKB,29.8
2024-07-16,BTC,BTCO,20.5
2024-07-16,BTC,EZBC,9.4
2024-07-16,BTC,BRRR,2.2
2024-07-16,BTC,HODL,22.0
2024-07-16,BTC,BTCW,0.0
2024-07-16,BTC,MSBT,
2024-07-16,BTC,GBTC,0.0
2024-07-16,BTC,BTC,
2024-07-16,BTC,Total,422.5
2024-07-17,BTC,IBIT,110.4
2024-07-17,BTC,FBTC,2.8
2024-07-17,BTC,BITB,-6.0
2024-07-17,BTC,ARKB,0.0
2024-07-17,BTC,BTCO,0.0
2024-07-17,BTC,EZBC,0.0
2024-07-17,BTC,BRRR,0.0
2024-07-17,BTC,HODL,0.0
2024-07-17,BTC,BTCW,0.0
2024-07-17,BTC,MSBT,
2024-07-17,BTC,GBTC,-53.9
2024-07-17,BTC,BTC,
2024-07-17,BTC,Total,53.3
2024-07-18,BTC,IBIT,102.7
2024-07-18,BTC,FBTC,2.8
2024-07-18,BTC,BITB,0.0
2024-07-18,BTC,ARKB,-47.6
2024-07-18,BTC,BTCO,0.0
2024-07-18,BTC,EZBC,0.0
2024-07-18,BTC,BRRR,0.0
2024-07-18,BTC,HODL,1.8
2024-07-18,BTC,BTCW,0.0
2024-07-18,BTC,MSBT,
2024-07-18,BTC,GBTC,-22.5
2024-07-18,BTC,BTC,
2024-07-18,BTC,Total,37.2
2024-07-19,BTC,IBIT,116.2
2024-07-19,BTC,FBTC,141.0
2024-07-19,BTC,BITB,44.6
2024-07-19,BTC,ARKB,43.6
2024-07-19,BTC,BTCO,6.4
2024-07-19,BTC,EZBC,3.9
2024-07-19,BTC,BRRR,7.6
2024-07-19,BTC,HODL,41.8
2024-07-19,BTC,BTCW,1.8
2024-07-19,BTC,MSBT,
2024-07-19,BTC,GBTC,20.3
2024-07-19,BTC,BTC,
2024-07-19,BTC,Total,427.2
2024-07-22,BTC,IBIT,526.7
2024-07-22,BTC,FBTC,23.7
2024-07-22,BTC,BITB,-47.7
2024-07-22,BTC,ARKB,0.0
2024-07-22,BTC,BTCO,13.7
2024-07-22,BTC,EZBC,7.9
2024-07-22,BTC,BRRR,0.0
2024-07-22,BTC,HODL,-38.4
2024-07-22,BTC,BTCW,0.0
2024-07-22,BTC,MSBT,
2024-07-22,BTC,GBTC,0.0
2024-07-22,BTC,BTC,
2024-07-22,BTC,Total,485.9
2024-07-23,BTC,IBIT,71.9
2024-07-23,BTC,FBTC,0.0
2024-07-23,BTC,BITB,-70.3
2024-07-23,BTC,ARKB,-52.3
2024-07-23,BTC,BTCO,0.0
2024-07-23,BTC,EZBC,0.0
2024-07-23,BTC,BRRR,0.0
2024-07-23,BTC,HODL,0.0
2024-07-23,BTC,BTCW,0.0
2024-07-23,BTC,MSBT,
2024-07-23,BTC,GBTC,-27.3
2024-07-23,BTC,BTC,
2024-07-23,BTC,Total,-78.0
2024-07-24,BTC,IBIT,66.0
2024-07-24,BTC,FBTC,1.4
2024-07-24,BTC,BITB,0.0
2024-07-24,BTC,ARKB,3.3
2024-07-24,BTC,BTCO,0.0
2024-07-24,BTC,EZBC,0.0
2024-07-24,BTC,BRRR,0.0
2024-07-24,BTC,HODL,0.0
2024-07-24,BTC,BTCW,0.0
2024-07-24,BTC,MSBT,
2024-07-24,BTC,GBTC,-26.2
2024-07-24,BTC,BTC,
2024-07-24,BTC,Total,44.5
2024-07-25,BTC,IBIT,70.7
2024-07-25,BTC,FBTC,0.0
2024-07-25,BTC,BITB,0.0
2024-07-25,BTC,ARKB,0.0
2024-07-25,BTC,BTCO,0.0
2024-07-25,BTC,EZBC,0.0
2024-07-25,BTC,BRRR,0.0
2024-07-25,BTC,HODL,0.0
2024-07-25,BTC,BTCW,0.0
2024-07-25,BTC,MSBT,
2024-07-25,BTC,GBTC,-39.6
2024-07-25,BTC,BTC,
2024-07-25,BTC,Total,31.1
2024-07-26,BTC,IBIT,23.2
2024-07-26,BTC,FBTC,4.5
2024-07-26,BTC,BITB,31.4
2024-07-26,BTC,ARKB,0.0
2024-07-26,BTC,BTCO,0.0
2024-07-26,BTC,EZBC,0.0
2024-07-26,BTC,BRRR,0.0
2024-07-26,BTC,HODL,19.2
2024-07-26,BTC,BTCW,0.0
2024-07-26,BTC,MSBT,
2024-07-26,BTC,GBTC,-26.5
2024-07-26,BTC,BTC,
2024-07-26,BTC,Total,51.8
2024-07-29,BTC,IBIT,205.6
2024-07-29,BTC,FBTC,-5.9
2024-07-29,BTC,BITB,-21.3
2024-07-29,BTC,ARKB,0.0
2024-07-29,BTC,BTCO,0.0
2024-07-29,BTC,EZBC,0.0
2024-07-29,BTC,BRRR,0.0
2024-07-29,BTC,HODL,0.0
2024-07-29,BTC,BTCW,0.0
2024-07-29,BTC,MSBT,
2024-07-29,BTC,GBTC,-54.3
2024-07-29,BTC,BTC,
2024-07-29,BTC,Total,124.1
2024-07-30,BTC,IBIT,74.9
2024-07-30,BTC,FBTC,-2.9
2024-07-30,BTC,BITB,-3.2
2024-07-30,BTC,ARKB,-7.9
2024-07-30,BTC,BTCO,0.0
2024-07-30,BTC,EZBC,0.0
2024-07-30,BTC,BRRR,0.0
2024-07-30,BTC,HODL,-5.6
2024-07-30,BTC,BTCW,0.0
2024-07-30,BTC,MSBT,
2024-07-30,BTC,GBTC,-73.6
2024-07-30,BTC,BTC,
2024-07-30,BTC,Total,-18.3
2024-07-31,BTC,IBIT,21.0
2024-07-31,BTC,FBTC,-31.6
2024-07-31,BTC,BITB,-2.5
2024-07-31,BTC,ARKB,-4.6
2024-07-31,BTC,BTCO,0.0
2024-07-31,BTC,EZBC,0.0
2024-07-31,BTC,BRRR,0.0
2024-07-31,BTC,HODL,0.0
2024-07-31,BTC,BTCW,0.0
2024-07-31,BTC,MSBT,
2024-07-31,BTC,GBTC,0.0
2024-07-31,BTC,BTC,18.0
2024-07-31,BTC,Total,0.3
2024-08-01,BTC,IBIT,25.9
2024-08-01,BTC,FBTC,-48.4
2024-08-01,BTC,BITB,-20.7
2024-08-01,BTC,ARKB,-22.4
2024-08-01,BTC,BTCO,0.0
2024-08-01,BTC,EZBC,0.0
2024-08-01,BTC,BRRR,0.0
2024-08-01,BTC,HODL,-3.6
2024-08-01,BTC,BTCW,0.0
2024-08-01,BTC,MSBT,
2024-08-01,BTC,GBTC,-71.3
2024-08-01,BTC,BTC,191.1
2024-08-01,BTC,Total,50.6
2024-08-02,BTC,IBIT,42.8
2024-08-02,BTC,FBTC,-104.1
2024-08-02,BTC,BITB,-29.4
2024-08-02,BTC,ARKB,-87.7
2024-08-02,BTC,BTCO,0.0
2024-08-02,BTC,EZBC,0.0
2024-08-02,BTC,BRRR,0.0
2024-08-02,BTC,HODL,-23.0
2024-08-02,BTC,BTCW,0.0
2024-08-02,BTC,MSBT,
2024-08-02,BTC,GBTC,-45.9
2024-08-02,BTC,BTC,9.9
2024-08-02,BTC,Total,-237.4
2024-08-05,BTC,IBIT,0.0
2024-08-05,BTC,FBTC,-58.0
2024-08-05,BTC,BITB,2.9
2024-08-05,BTC,ARKB,-69.0
2024-08-05,BTC,BTCO,0.0
2024-08-05,BTC,EZBC,0.0
2024-08-05,BTC,BRRR,0.0
2024-08-05,BTC,HODL,3.0
2024-08-05,BTC,BTCW,0.0
2024-08-05,BTC,MSBT,
2024-08-05,BTC,GBTC,-69.1
2024-08-05,BTC,BTC,21.8
2024-08-05,BTC,Total,-168.4
2024-08-06,BTC,IBIT,0.0
2024-08-06,BTC,FBTC,-64.5
2024-08-06,BTC,BITB,0.0
2024-08-06,BTC,ARKB,-28.9
2024-08-06,BTC,BTCO,0.0
2024-08-06,BTC,EZBC,-23.0
2024-08-06,BTC,BRRR,0.0
2024-08-06,BTC,HODL,0.0
2024-08-06,BTC,BTCW,0.0
2024-08-06,BTC,MSBT,
2024-08-06,BTC,GBTC,-32.2
2024-08-06,BTC,BTC,0.0
2024-08-06,BTC,Total,-148.6
2024-08-07,BTC,IBIT,52.5
2024-08-07,BTC,FBTC,0.0
2024-08-07,BTC,BITB,3.0
2024-08-07,BTC,ARKB,0.0
2024-08-07,BTC,BTCO,0.0
2024-08-07,BTC,EZBC,0.0
2024-08-07,BTC,BRRR,0.0
2024-08-07,BTC,HODL,0.0
2024-08-07,BTC,BTCW,10.5
2024-08-07,BTC,MSBT,
2024-08-07,BTC,GBTC,-30.6
2024-08-07,BTC,BTC,9.7
2024-08-07,BTC,Total,45.1
2024-08-08,BTC,IBIT,157.6
2024-08-08,BTC,FBTC,65.2
2024-08-08,BTC,BITB,0.0
2024-08-08,BTC,ARKB,32.8
2024-08-08,BTC,BTCO,0.0
2024-08-08,BTC,EZBC,0.0
2024-08-08,BTC,BRRR,0.0
2024-08-08,BTC,HODL,3.4
2024-08-08,BTC,BTCW,118.5
2024-08-08,BTC,MSBT,
2024-08-08,BTC,GBTC,-182.9
2024-08-08,BTC,BTC,0.0
2024-08-08,BTC,Total,194.6
2024-08-09,BTC,IBIT,9.6
2024-08-09,BTC,FBTC,-19.8
2024-08-09,BTC,BITB,-18.1
2024-08-09,BTC,ARKB,0.0
2024-08-09,BTC,BTCO,0.0
2024-08-09,BTC,EZBC,0.0
2024-08-09,BTC,BRRR,0.0
2024-08-09,BTC,HODL,0.0
2024-08-09,BTC,BTCW,0.0
2024-08-09,BTC,MSBT,
2024-08-09,BTC,GBTC,-77.0
2024-08-09,BTC,BTC,15.6
2024-08-09,BTC,Total,-89.7
2024-08-12,BTC,IBIT,13.4
2024-08-12,BTC,FBTC,0.0
2024-08-12,BTC,BITB,-17.1
2024-08-12,BTC,ARKB,35.4
2024-08-12,BTC,BTCO,0.0
2024-08-12,BTC,EZBC,0.0
2024-08-12,BTC,BRRR,0.0
2024-08-12,BTC,HODL,0.0
2024-08-12,BTC,BTCW,0.0
2024-08-12,BTC,MSBT,
2024-08-12,BTC,GBTC,-11.8
2024-08-12,BTC,BTC,7.9
2024-08-12,BTC,Total,27.8
2024-08-13,BTC,IBIT,34.6
2024-08-13,BTC,FBTC,22.6
2024-08-13,BTC,BITB,16.5
2024-08-13,BTC,ARKB,-6.1
2024-08-13,BTC,BTCO,0.0
2024-08-13,BTC,EZBC,0.0
2024-08-13,BTC,BRRR,0.0
2024-08-13,BTC,HODL,0.0
2024-08-13,BTC,BTCW,0.0
2024-08-13,BTC,MSBT,
2024-08-13,BTC,GBTC,-28.6
2024-08-13,BTC,BTC,0.0
2024-08-13,BTC,Total,39.0
2024-08-14,BTC,IBIT,2.7
2024-08-14,BTC,FBTC,-18.0
2024-08-14,BTC,BITB,-5.8
2024-08-14,BTC,ARKB,-6.8
2024-08-14,BTC,BTCO,0.0
2024-08-14,BTC,EZBC,3.4
2024-08-14,BTC,BRRR,0.0
2024-08-14,BTC,HODL,0.0
2024-08-14,BTC,BTCW,0.0
2024-08-14,BTC,MSBT,
2024-08-14,BTC,GBTC,-56.9
2024-08-14,BTC,BTC,0.0
2024-08-14,BTC,Total,-81.4
2024-08-15,BTC,IBIT,0.0
2024-08-15,BTC,FBTC,16.2
2024-08-15,BTC,BITB,6.2
2024-08-15,BTC,ARKB,0.0
2024-08-15,BTC,BTCO,0.0
2024-08-15,BTC,EZBC,0.0
2024-08-15,BTC,BRRR,0.0
2024-08-15,BTC,HODL,0.0
2024-08-15,BTC,BTCW,0.0
2024-08-15,BTC,MSBT,
2024-08-15,BTC,GBTC,-25.0
2024-08-15,BTC,BTC,13.7
2024-08-15,BTC,Total,11.1
2024-08-16,BTC,IBIT,20.4
2024-08-16,BTC,FBTC,61.3
2024-08-16,BTC,BITB,12.0
2024-08-16,BTC,ARKB,13.4
2024-08-16,BTC,BTCO,0.0
2024-08-16,BTC,EZBC,1.7
2024-08-16,BTC,BRRR,0.0
2024-08-16,BTC,HODL,0.0
2024-08-16,BTC,BTCW,0.0
2024-08-16,BTC,MSBT,
2024-08-16,BTC,GBTC,-72.9
2024-08-16,BTC,BTC,0.0
2024-08-16,BTC,Total,35.9
2024-08-19,BTC,IBIT,92.7
2024-08-19,BTC,FBTC,3.9
2024-08-19,BTC,BITB,-25.7
2024-08-19,BTC,ARKB,0.0
2024-08-19,BTC,BTCO,-8.8
2024-08-19,BTC,EZBC,0.0
2024-08-19,BTC,BRRR,0.0
2024-08-19,BTC,HODL,0.0
2024-08-19,BTC,BTCW,0.0
2024-08-19,BTC,MSBT,
2024-08-19,BTC,GBTC,0.0
2024-08-19,BTC,BTC,0.0
2024-08-19,BTC,Total,62.1
2024-08-20,BTC,IBIT,55.4
2024-08-20,BTC,FBTC,0.0
2024-08-20,BTC,BITB,-6.5
2024-08-20,BTC,ARKB,51.9
2024-08-20,BTC,BTCO,0.0
2024-08-20,BTC,EZBC,0.0
2024-08-20,BTC,BRRR,0.0
2024-08-20,BTC,HODL,0.0
2024-08-20,BTC,BTCW,0.0
2024-08-20,BTC,MSBT,
2024-08-20,BTC,GBTC,-12.8
2024-08-20,BTC,BTC,0.0
2024-08-20,BTC,Total,88.0
2024-08-21,BTC,IBIT,8.4
2024-08-21,BTC,FBTC,10.7
2024-08-21,BTC,BITB,10.0
2024-08-21,BTC,ARKB,0.0
2024-08-21,BTC,BTCO,2.5
2024-08-21,BTC,EZBC,3.5
2024-08-21,BTC,BRRR,0.0
2024-08-21,BTC,HODL,0.0
2024-08-21,BTC,BTCW,0.0
2024-08-21,BTC,MSBT,
2024-08-21,BTC,GBTC,-9.8
2024-08-21,BTC,BTC,14.2
2024-08-21,BTC,Total,39.5
2024-08-22,BTC,IBIT,75.5
2024-08-22,BTC,FBTC,9.2
2024-08-22,BTC,BITB,-11.5
2024-08-22,BTC,ARKB,7.8
2024-08-22,BTC,BTCO,0.0
2024-08-22,BTC,EZBC,0.0
2024-08-22,BTC,BRRR,0.0
2024-08-22,BTC,HODL,3.4
2024-08-22,BTC,BTCW,4.8
2024-08-22,BTC,MSBT,
2024-08-22,BTC,GBTC,-28.4
2024-08-22,BTC,BTC,4.0
2024-08-22,BTC,Total,64.8
2024-08-23,BTC,IBIT,86.8
2024-08-23,BTC,FBTC,64.0
2024-08-23,BTC,BITB,42.3
2024-08-23,BTC,ARKB,23.8
2024-08-23,BTC,BTCO,3.2
2024-08-23,BTC,EZBC,0.0
2024-08-23,BTC,BRRR,2.3
2024-08-23,BTC,HODL,14.4
2024-08-23,BTC,BTCW,0.0
2024-08-23,BTC,MSBT,
2024-08-23,BTC,GBTC,-35.6
2024-08-23,BTC,BTC,50.8
2024-08-23,BTC,Total,252.0
2024-08-26,BTC,IBIT,224.1
2024-08-26,BTC,FBTC,-8.3
2024-08-26,BTC,BITB,-16.6
2024-08-26,BTC,ARKB,0.0
2024-08-26,BTC,BTCO,0.0
2024-08-26,BTC,EZBC,5.5
2024-08-26,BTC,BRRR,0.0
2024-08-26,BTC,HODL,-7.2
2024-08-26,BTC,BTCW,5.1
2024-08-26,BTC,MSBT,
2024-08-26,BTC,GBTC,0.0
2024-08-26,BTC,BTC,0.0
2024-08-26,BTC,Total,202.6
2024-08-27,BTC,IBIT,0.0
2024-08-27,BTC,FBTC,0.0
2024-08-27,BTC,BITB,-6.8
2024-08-27,BTC,ARKB,-102.0
2024-08-27,BTC,BTCO,0.0
2024-08-27,BTC,EZBC,0.0
2024-08-27,BTC,BRRR,0.0
2024-08-27,BTC,HODL,0.0
2024-08-27,BTC,BTCW,0.0
2024-08-27,BTC,MSBT,
2024-08-27,BTC,GBTC,-18.3
2024-08-27,BTC,BTC,0.0
2024-08-27,BTC,Total,-127.1
2024-08-28,BTC,IBIT,0.0
2024-08-28,BTC,FBTC,-10.4
2024-08-28,BTC,BITB,-8.7
2024-08-28,BTC,ARKB,-59.3
2024-08-28,BTC,BTCO,0.0
2024-08-28,BTC,EZBC,0.0
2024-08-28,BTC,BRRR,0.0
2024-08-28,BTC,HODL,-10.1
2024-08-28,BTC,BTCW,0.0
2024-08-28,BTC,MSBT,
2024-08-28,BTC,GBTC,-8.0
2024-08-28,BTC,BTC,-8.8
2024-08-28,BTC,Total,-105.3
2024-08-29,BTC,IBIT,-13.5
2024-08-29,BTC,FBTC,-31.1
2024-08-29,BTC,BITB,-8.1
2024-08-29,BTC,ARKB,5.3
2024-08-29,BTC,BTCO,0.0
2024-08-29,BTC,EZBC,0.0
2024-08-29,BTC,BRRR,-1.7
2024-08-29,BTC,HODL,0.0
2024-08-29,BTC,BTCW,0.0
2024-08-29,BTC,MSBT,
2024-08-29,BTC,GBTC,-22.7
2024-08-29,BTC,BTC,0.0
2024-08-29,BTC,Total,-71.8
2024-08-30,BTC,IBIT,0.0
2024-08-30,BTC,FBTC,-12.9
2024-08-30,BTC,BITB,-16.4
2024-08-30,BTC,ARKB,-65.0
2024-08-30,BTC,BTCO,-11.1
2024-08-30,BTC,EZBC,0.0
2024-08-30,BTC,BRRR,0.0
2024-08-30,BTC,HODL,0.0
2024-08-30,BTC,BTCW,0.0
2024-08-30,BTC,MSBT,
2024-08-30,BTC,GBTC,-70.2
2024-08-30,BTC,BTC,0.0
2024-08-30,BTC,Total,-175.6
2024-09-02,BTC,IBIT,
2024-09-02,BTC,FBTC,
2024-09-02,BTC,BITB,
2024-09-02,BTC,ARKB,
2024-09-02,BTC,BTCO,
2024-09-02,BTC,EZBC,
2024-09-02,BTC,BRRR,
2024-09-02,BTC,HODL,
2024-09-02,BTC,BTCW,
2024-09-02,BTC,MSBT,
2024-09-02,BTC,GBTC,
2024-09-02,BTC,BTC,
2024-09-02,BTC,Total,0.0
2024-09-03,BTC,IBIT,0.0
2024-09-03,BTC,FBTC,-162.3
2024-09-03,BTC,BITB,-25.0
2024-09-03,BTC,ARKB,-33.6
2024-09-03,BTC,BTCO,-2.3
2024-09-03,BTC,EZBC,-8.4
2024-09-03,BTC,BRRR,-2.5
2024-09-03,BTC,HODL,-3.3
2024-09-03,BTC,BTCW,0.0
2024-09-03,BTC,MSBT,
2024-09-03,BTC,GBTC,-50.4
2024-09-03,BTC,BTC,0.0
2024-09-03,BTC,Total,-287.8
2024-09-04,BTC,IBIT,0.0
2024-09-04,BTC,FBTC,-7.6
2024-09-04,BTC,BITB,9.5
2024-09-04,BTC,ARKB,0.0
2024-09-04,BTC,BTCO,0.0
2024-09-04,BTC,EZBC,0.0
2024-09-04,BTC,BRRR,0.0
2024-09-04,BTC,HODL,-4.9
2024-09-04,BTC,BTCW,0.0
2024-09-04,BTC,MSBT,
2024-09-04,BTC,GBTC,-34.2
2024-09-04,BTC,BTC,0.0
2024-09-04,BTC,Total,-37.2
2024-09-05,BTC,IBIT,0.0
2024-09-05,BTC,FBTC,-149.5
2024-09-05,BTC,BITB,-30.0
2024-09-05,BTC,ARKB,0.0
2024-09-05,BTC,BTCO,0.0
2024-09-05,BTC,EZBC,0.0
2024-09-05,BTC,BRRR,0.0
2024-09-05,BTC,HODL,0.0
2024-09-05,BTC,BTCW,0.0
2024-09-05,BTC,MSBT,
2024-09-05,BTC,GBTC,-23.2
2024-09-05,BTC,BTC,-8.4
2024-09-05,BTC,Total,-211.1
2024-09-06,BTC,IBIT,0.0
2024-09-06,BTC,FBTC,-85.5
2024-09-06,BTC,BITB,-14.3
2024-09-06,BTC,ARKB,-7.2
2024-09-06,BTC,BTCO,0.0
2024-09-06,BTC,EZBC,0.0
2024-09-06,BTC,BRRR,-4.6
2024-09-06,BTC,HODL,0.0
2024-09-06,BTC,BTCW,0.0
2024-09-06,BTC,MSBT,
2024-09-06,BTC,GBTC,-52.9
2024-09-06,BTC,BTC,-5.5
2024-09-06,BTC,Total,-170.0
2024-09-09,BTC,IBIT,-9.1
2024-09-09,BTC,FBTC,28.6
2024-09-09,BTC,BITB,22.0
2024-09-09,BTC,ARKB,6.8
2024-09-09,BTC,BTCO,3.1
2024-09-09,BTC,EZBC,0.0
2024-09-09,BTC,BRRR,0.0
2024-09-09,BTC,HODL,0.0
2024-09-09,BTC,BTCW,0.0
2024-09-09,BTC,MSBT,
2024-09-09,BTC,GBTC,-22.8
2024-09-09,BTC,BTC,0.0
2024-09-09,BTC,Total,28.6
2024-09-10,BTC,IBIT,0.0
2024-09-10,BTC,FBTC,63.2
2024-09-10,BTC,BITB,0.0
2024-09-10,BTC,ARKB,12.7
2024-09-10,BTC,BTCO,0.0
2024-09-10,BTC,EZBC,0.0
2024-09-10,BTC,BRRR,0.0
2024-09-10,BTC,HODL,0.0
2024-09-10,BTC,BTCW,0.0
2024-09-10,BTC,MSBT,
2024-09-10,BTC,GBTC,0.0
2024-09-10,BTC,BTC,41.1
2024-09-10,BTC,Total,117.0
2024-09-11,BTC,IBIT,0.0
2024-09-11,BTC,FBTC,12.6
2024-09-11,BTC,BITB,0.0
2024-09-11,BTC,ARKB,-54.0
2024-09-11,BTC,BTCO,2.6
2024-09-11,BTC,EZBC,0.0
2024-09-11,BTC,BRRR,0.0
2024-09-11,BTC,HODL,0.0
2024-09-11,BTC,BTCW,0.0
2024-09-11,BTC,MSBT,
2024-09-11,BTC,GBTC,-4.6
2024-09-11,BTC,BTC,-0.5
2024-09-11,BTC,Total,-43.9
2024-09-12,BTC,IBIT,0.0
2024-09-12,BTC,FBTC,11.5
2024-09-12,BTC,BITB,2.2
2024-09-12,BTC,ARKB,18.3
2024-09-12,BTC,BTCO,0.0
2024-09-12,BTC,EZBC,3.4
2024-09-12,BTC,BRRR,0.0
2024-09-12,BTC,HODL,4.9
2024-09-12,BTC,BTCW,0.0
2024-09-12,BTC,MSBT,
2024-09-12,BTC,GBTC,-6.5
2024-09-12,BTC,BTC,5.2
2024-09-12,BTC,Total,39.0
2024-09-13,BTC,IBIT,0.0
2024-09-13,BTC,FBTC,102.1
2024-09-13,BTC,BITB,43.1
2024-09-13,BTC,ARKB,99.3
2024-09-13,BTC,BTCO,0.0
2024-09-13,BTC,EZBC,5.2
2024-09-13,BTC,BRRR,1.7
2024-09-13,BTC,HODL,5.1
2024-09-13,BTC,BTCW,0.0
2024-09-13,BTC,MSBT,
2024-09-13,BTC,GBTC,6.7
2024-09-13,BTC,BTC,0.0
2024-09-13,BTC,Total,263.2
2024-09-16,BTC,IBIT,15.8
2024-09-16,BTC,FBTC,5.1
2024-09-16,BTC,BITB,0.0
2024-09-16,BTC,ARKB,0.0
2024-09-16,BTC,BTCO,0.0
2024-09-16,BTC,EZBC,5.0
2024-09-16,BTC,BRRR,0.0
2024-09-16,BTC,HODL,4.9
2024-09-16,BTC,BTCW,0.0
2024-09-16,BTC,MSBT,
2024-09-16,BTC,GBTC,-20.8
2024-09-16,BTC,BTC,2.8
2024-09-16,BTC,Total,12.8
2024-09-17,BTC,IBIT,0.0
2024-09-17,BTC,FBTC,56.6
2024-09-17,BTC,BITB,45.4
2024-09-17,BTC,ARKB,42.2
2024-09-17,BTC,BTCO,10.2
2024-09-17,BTC,EZBC,8.7
2024-09-17,BTC,BRRR,0.0
2024-09-17,BTC,HODL,20.5
2024-09-17,BTC,BTCW,3.2
2024-09-17,BTC,MSBT,
2024-09-17,BTC,GBTC,0.0
2024-09-17,BTC,BTC,0.0
2024-09-17,BTC,Total,186.8
2024-09-18,BTC,IBIT,0.0
2024-09-18,BTC,FBTC,0.0
2024-09-18,BTC,BITB,-3.9
2024-09-18,BTC,ARKB,-43.4
2024-09-18,BTC,BTCO,0.0
2024-09-18,BTC,EZBC,0.0
2024-09-18,BTC,BRRR,0.0
2024-09-18,BTC,HODL,0.0
2024-09-18,BTC,BTCW,0.0
2024-09-18,BTC,MSBT,
2024-09-18,BTC,GBTC,-8.1
2024-09-18,BTC,BTC,2.7
2024-09-18,BTC,Total,-52.7
2024-09-19,BTC,IBIT,0.0
2024-09-19,BTC,FBTC,49.9
2024-09-19,BTC,BITB,10.4
2024-09-19,BTC,ARKB,81.1
2024-09-19,BTC,BTCO,0.0
2024-09-19,BTC,EZBC,7.4
2024-09-19,BTC,BRRR,0.0
2024-09-19,BTC,HODL,0.0
2024-09-19,BTC,BTCW,0.0
2024-09-19,BTC,MSBT,
2024-09-19,BTC,GBTC,0.0
2024-09-19,BTC,BTC,9.5
2024-09-19,BTC,Total,158.3
2024-09-20,BTC,IBIT,0.0
2024-09-20,BTC,FBTC,26.1
2024-09-20,BTC,BITB,15.1
2024-09-20,BTC,ARKB,22.0
2024-09-20,BTC,BTCO,3.1
2024-09-20,BTC,EZBC,0.0
2024-09-20,BTC,BRRR,5.2
2024-09-20,BTC,HODL,7.1
2024-09-20,BTC,BTCW,0.0
2024-09-20,BTC,MSBT,
2024-09-20,BTC,GBTC,0.0
2024-09-20,BTC,BTC,13.4
2024-09-20,BTC,Total,92.0
2024-09-23,BTC,IBIT,11.5
2024-09-23,BTC,FBTC,24.9
2024-09-23,BTC,BITB,0.0
2024-09-23,BTC,ARKB,0.0
2024-09-23,BTC,BTCO,0.0
2024-09-23,BTC,EZBC,0.0
2024-09-23,BTC,BRRR,0.0
2024-09-23,BTC,HODL,0.0
2024-09-23,BTC,BTCW,0.0
2024-09-23,BTC,MSBT,
2024-09-23,BTC,GBTC,-40.3
2024-09-23,BTC,BTC,8.4
2024-09-23,BTC,Total,4.5
2024-09-24,BTC,IBIT,98.9
2024-09-24,BTC,FBTC,16.8
2024-09-24,BTC,BITB,17.4
2024-09-24,BTC,ARKB,0.0
2024-09-24,BTC,BTCO,0.0
2024-09-24,BTC,EZBC,0.0
2024-09-24,BTC,BRRR,0.0
2024-09-24,BTC,HODL,0.0
2024-09-24,BTC,BTCW,0.0
2024-09-24,BTC,MSBT,
2024-09-24,BTC,GBTC,0.0
2024-09-24,BTC,BTC,2.9
2024-09-24,BTC,Total,136.0
2024-09-25,BTC,IBIT,184.4
2024-09-25,BTC,FBTC,-33.2
2024-09-25,BTC,BITB,2.1
2024-09-25,BTC,ARKB,-47.4
2024-09-25,BTC,BTCO,0.0
2024-09-25,BTC,EZBC,0.0
2024-09-25,BTC,BRRR,0.0
2024-09-25,BTC,HODL,0.0
2024-09-25,BTC,BTCW,0.0
2024-09-25,BTC,MSBT,
2024-09-25,BTC,GBTC,0.0
2024-09-25,BTC,BTC,0.0
2024-09-25,BTC,Total,105.9
2024-09-26,BTC,IBIT,93.4
2024-09-26,BTC,FBTC,74.0
2024-09-26,BTC,BITB,50.4
2024-09-26,BTC,ARKB,113.8
2024-09-26,BTC,BTCO,6.5
2024-09-26,BTC,EZBC,5.7
2024-09-26,BTC,BRRR,4.6
2024-09-26,BTC,HODL,22.1
2024-09-26,BTC,BTCW,0.0
2024-09-26,BTC,MSBT,
2024-09-26,BTC,GBTC,-7.7
2024-09-26,BTC,BTC,2.9
2024-09-26,BTC,Total,365.7
2024-09-27,BTC,IBIT,110.8
2024-09-27,BTC,FBTC,123.6
2024-09-27,BTC,BITB,12.9
2024-09-27,BTC,ARKB,203.1
2024-09-27,BTC,BTCO,3.3
2024-09-27,BTC,EZBC,0.0
2024-09-27,BTC,BRRR,3.3
2024-09-27,BTC,HODL,11.2
2024-09-27,BTC,BTCW,0.0
2024-09-27,BTC,MSBT,
2024-09-27,BTC,GBTC,26.2
2024-09-27,BTC,BTC,0.0
2024-09-27,BTC,Total,494.4
2024-09-30,BTC,IBIT,72.2
2024-09-30,BTC,FBTC,8.3
2024-09-30,BTC,BITB,-9.7
2024-09-30,BTC,ARKB,-9.5
2024-09-30,BTC,BTCO,0.0
2024-09-30,BTC,EZBC,0.0
2024-09-30,BTC,BRRR,0.0
2024-09-30,BTC,HODL,0.0
2024-09-30,BTC,BTCW,0.0
2024-09-30,BTC,MSBT,
2024-09-30,BTC,GBTC,0.0
2024-09-30,BTC,BTC,0.0
2024-09-30,BTC,Total,61.3
2024-10-01,BTC,IBIT,40.8
2024-10-01,BTC,FBTC,-144.7
2024-10-01,BTC,BITB,-32.7
2024-10-01,BTC,ARKB,-84.3
2024-10-01,BTC,BTCO,0.0
2024-10-01,BTC,EZBC,0.0
2024-10-01,BTC,BRRR,0.0
2024-10-01,BTC,HODL,-15.8
2024-10-01,BTC,BTCW,0.0
2024-10-01,BTC,MSBT,
2024-10-01,BTC,GBTC,-5.9
2024-10-01,BTC,BTC,0.0
2024-10-01,BTC,Total,-242.6
2024-10-02,BTC,IBIT,-13.7
2024-10-02,BTC,FBTC,21.1
2024-10-02,BTC,BITB,-11.5
2024-10-02,BTC,ARKB,-60.3
2024-10-02,BTC,BTCO,0.0
2024-10-02,BTC,EZBC,0.0
2024-10-02,BTC,BRRR,0.0
2024-10-02,BTC,HODL,0.0
2024-10-02,BTC,BTCW,0.0
2024-10-02,BTC,MSBT,
2024-10-02,BTC,GBTC,-27.3
2024-10-02,BTC,BTC,0.0
2024-10-02,BTC,Total,-91.7
2024-10-03,BTC,IBIT,36.0
2024-10-03,BTC,FBTC,-37.2
2024-10-03,BTC,BITB,2.6
2024-10-03,BTC,ARKB,-58.0
2024-10-03,BTC,BTCO,2.4
2024-10-03,BTC,EZBC,0.0
2024-10-03,BTC,BRRR,0.0
2024-10-03,BTC,HODL,0.0
2024-10-03,BTC,BTCW,0.0
2024-10-03,BTC,MSBT,
2024-10-03,BTC,GBTC,0.0
2024-10-03,BTC,BTC,0.0
2024-10-03,BTC,Total,-54.2
2024-10-04,BTC,IBIT,0.0
2024-10-04,BTC,FBTC,13.6
2024-10-04,BTC,BITB,15.3
2024-10-04,BTC,ARKB,5.3
2024-10-04,BTC,BTCO,0.0
2024-10-04,BTC,EZBC,0.0
2024-10-04,BTC,BRRR,0.0
2024-10-04,BTC,HODL,5.3
2024-10-04,BTC,BTCW,0.0
2024-10-04,BTC,MSBT,
2024-10-04,BTC,GBTC,-13.9
2024-10-04,BTC,BTC,0.0
2024-10-04,BTC,Total,25.6
2024-10-07,BTC,IBIT,97.9
2024-10-07,BTC,FBTC,103.7
2024-10-07,BTC,BITB,13.1
2024-10-07,BTC,ARKB,12.6
2024-10-07,BTC,BTCO,2.5
2024-10-07,BTC,EZBC,0.0
2024-10-07,BTC,BRRR,0.0
2024-10-07,BTC,HODL,5.4
2024-10-07,BTC,BTCW,0.0
2024-10-07,BTC,MSBT,
2024-10-07,BTC,GBTC,0.0
2024-10-07,BTC,BTC,0.0
2024-10-07,BTC,Total,235.2
2024-10-08,BTC,IBIT,39.6
2024-10-08,BTC,FBTC,-48.8
2024-10-08,BTC,BITB,0.0
2024-10-08,BTC,ARKB,0.0
2024-10-08,BTC,BTCO,0.0
2024-10-08,BTC,EZBC,0.0
2024-10-08,BTC,BRRR,0.0
2024-10-08,BTC,HODL,0.0
2024-10-08,BTC,BTCW,0.0
2024-10-08,BTC,MSBT,
2024-10-08,BTC,GBTC,-9.4
2024-10-08,BTC,BTC,0.0
2024-10-08,BTC,Total,-18.6
2024-10-09,BTC,IBIT,13.9
2024-10-09,BTC,FBTC,0.0
2024-10-09,BTC,BITB,-10.0
2024-10-09,BTC,ARKB,-44.5
2024-10-09,BTC,BTCO,0.0
2024-10-09,BTC,EZBC,0.0
2024-10-09,BTC,BRRR,0.0
2024-10-09,BTC,HODL,0.0
2024-10-09,BTC,BTCW,0.0
2024-10-09,BTC,MSBT,
2024-10-09,BTC,GBTC,0.0
2024-10-09,BTC,BTC,0.0
2024-10-09,BTC,Total,-40.6
2024-10-10,BTC,IBIT,-10.8
2024-10-10,BTC,FBTC,-33.8
2024-10-10,BTC,BITB,-6.2
2024-10-10,BTC,ARKB,-30.3
2024-10-10,BTC,BTCO,0.0
2024-10-10,BTC,EZBC,0.0
2024-10-10,BTC,BRRR,0.0
2024-10-10,BTC,HODL,0.0
2024-10-10,BTC,BTCW,0.0
2024-10-10,BTC,MSBT,
2024-10-10,BTC,GBTC,-18.5
2024-10-10,BTC,BTC,-21.2
2024-10-10,BTC,Total,-120.8
2024-10-11,BTC,IBIT,0.0
2024-10-11,BTC,FBTC,117.1
2024-10-11,BTC,BITB,38.8
2024-10-11,BTC,ARKB,97.6
2024-10-11,BTC,BTCO,7.9
2024-10-11,BTC,EZBC,0.0
2024-10-11,BTC,BRRR,0.0
2024-10-11,BTC,HODL,14.3
2024-10-11,BTC,BTCW,0.0
2024-10-11,BTC,MSBT,
2024-10-11,BTC,GBTC,-22.1
2024-10-11,BTC,BTC,0.0
2024-10-11,BTC,Total,253.6
2024-10-14,BTC,IBIT,79.5
2024-10-14,BTC,FBTC,239.3
2024-10-14,BTC,BITB,100.2
2024-10-14,BTC,ARKB,69.8
2024-10-14,BTC,BTCO,4.9
2024-10-14,BTC,EZBC,5.7
2024-10-14,BTC,BRRR,2.8
2024-10-14,BTC,HODL,11.2
2024-10-14,BTC,BTCW,0.0
2024-10-14,BTC,MSBT,
2024-10-14,BTC,GBTC,37.8
2024-10-14,BTC,BTC,4.7
2024-10-14,BTC,Total,555.9
2024-10-15,BTC,IBIT,288.8
2024-10-15,BTC,FBTC,35.0
2024-10-15,BTC,BITB,0.7
2024-10-15,BTC,ARKB,14.7
2024-10-15,BTC,BTCO,0.0
2024-10-15,BTC,EZBC,0.0
2024-10-15,BTC,BRRR,0.0
2024-10-15,BTC,HODL,7.6
2024-10-15,BTC,BTCW,2.8
2024-10-15,BTC,MSBT,
2024-10-15,BTC,GBTC,8.0
2024-10-15,BTC,BTC,13.4
2024-10-15,BTC,Total,371.0
2024-10-16,BTC,IBIT,393.4
2024-10-16,BTC,FBTC,14.8
2024-10-16,BTC,BITB,12.9
2024-10-16,BTC,ARKB,11.5
2024-10-16,BTC,BTCO,6.4
2024-10-16,BTC,EZBC,11.8
2024-10-16,BTC,BRRR,1.9
2024-10-16,BTC,HODL,5.8
2024-10-16,BTC,BTCW,0.0
2024-10-16,BTC,MSBT,
2024-10-16,BTC,GBTC,0.0
2024-10-16,BTC,BTC,0.0
2024-10-16,BTC,Total,458.5
2024-10-17,BTC,IBIT,309.0
2024-10-17,BTC,FBTC,11.7
2024-10-17,BTC,BITB,0.0
2024-10-17,BTC,ARKB,100.2
2024-10-17,BTC,BTCO,0.0
2024-10-17,BTC,EZBC,3.9
2024-10-17,BTC,BRRR,0.0
2024-10-17,BTC,HODL,0.0
2024-10-17,BTC,BTCW,0.0
2024-10-17,BTC,MSBT,
2024-10-17,BTC,GBTC,45.7
2024-10-17,BTC,BTC,0.0
2024-10-17,BTC,Total,470.5
2024-10-18,BTC,IBIT,70.4
2024-10-18,BTC,FBTC,18.0
2024-10-18,BTC,BITB,36.0
2024-10-18,BTC,ARKB,109.9
2024-10-18,BTC,BTCO,16.1
2024-10-18,BTC,EZBC,0.0
2024-10-18,BTC,BRRR,0.0
2024-10-18,BTC,HODL,23.3
2024-10-18,BTC,BTCW,0.0
2024-10-18,BTC,MSBT,
2024-10-18,BTC,GBTC,0.0
2024-10-18,BTC,BTC,0.0
2024-10-18,BTC,Total,273.7
2024-10-21,BTC,IBIT,329.0
2024-10-21,BTC,FBTC,5.9
2024-10-21,BTC,BITB,-22.1
2024-10-21,BTC,ARKB,-6.1
2024-10-21,BTC,BTCO,0.0
2024-10-21,BTC,EZBC,0.0
2024-10-21,BTC,BRRR,0.0
2024-10-21,BTC,HODL,-7.6
2024-10-21,BTC,BTCW,0.0
2024-10-21,BTC,MSBT,
2024-10-21,BTC,GBTC,-4.8
2024-10-21,BTC,BTC,0.0
2024-10-21,BTC,Total,294.3
2024-10-22,BTC,IBIT,43.0
2024-10-22,BTC,FBTC,8.8
2024-10-22,BTC,BITB,0.0
2024-10-22,BTC,ARKB,-134.7
2024-10-22,BTC,BTCO,0.0
2024-10-22,BTC,EZBC,0.0
2024-10-22,BTC,BRRR,0.0
2024-10-22,BTC,HODL,3.8
2024-10-22,BTC,BTCW,0.0
2024-10-22,BTC,MSBT,
2024-10-22,BTC,GBTC,0.0
2024-10-22,BTC,BTC,0.0
2024-10-22,BTC,Total,-79.1
2024-10-23,BTC,IBIT,317.5
2024-10-23,BTC,FBTC,0.0
2024-10-23,BTC,BITB,-25.2
2024-10-23,BTC,ARKB,-99.0
2024-10-23,BTC,BTCO,0.0
2024-10-23,BTC,EZBC,0.0
2024-10-23,BTC,BRRR,0.0
2024-10-23,BTC,HODL,-5.6
2024-10-23,BTC,BTCW,0.0
2024-10-23,BTC,MSBT,
2024-10-23,BTC,GBTC,0.0
2024-10-23,BTC,BTC,4.7
2024-10-23,BTC,Total,192.4
2024-10-24,BTC,IBIT,165.5
2024-10-24,BTC,FBTC,0.0
2024-10-24,BTC,BITB,29.6
2024-10-24,BTC,ARKB,0.0
2024-10-24,BTC,BTCO,0.0
2024-10-24,BTC,EZBC,0.0
2024-10-24,BTC,BRRR,0.0
2024-10-24,BTC,HODL,0.0
2024-10-24,BTC,BTCW,0.0
2024-10-24,BTC,MSBT,
2024-10-24,BTC,GBTC,-7.1
2024-10-24,BTC,BTC,0.0
2024-10-24,BTC,Total,188.0
2024-10-25,BTC,IBIT,292.0
2024-10-25,BTC,FBTC,56.9
2024-10-25,BTC,BITB,2.5
2024-10-25,BTC,ARKB,33.4
2024-10-25,BTC,BTCO,0.0
2024-10-25,BTC,EZBC,0.0
2024-10-25,BTC,BRRR,0.0
2024-10-25,BTC,HODL,11.3
2024-10-25,BTC,BTCW,0.0
2024-10-25,BTC,MSBT,
2024-10-25,BTC,GBTC,0.0
2024-10-25,BTC,BTC,5.9
2024-10-25,BTC,Total,402.0
2024-10-28,BTC,IBIT,315.2
2024-10-28,BTC,FBTC,44.1
2024-10-28,BTC,BITB,38.7
2024-10-28,BTC,ARKB,59.8
2024-10-28,BTC,BTCO,0.0
2024-10-28,BTC,EZBC,0.0
2024-10-28,BTC,BRRR,0.0
2024-10-28,BTC,HODL,0.0
2024-10-28,BTC,BTCW,0.0
2024-10-28,BTC,MSBT,
2024-10-28,BTC,GBTC,0.0
2024-10-28,BTC,BTC,21.6
2024-10-28,BTC,Total,479.4
2024-10-29,BTC,IBIT,642.9
2024-10-29,BTC,FBTC,133.9
2024-10-29,BTC,BITB,52.5
2024-10-29,BTC,ARKB,12.4
2024-10-29,BTC,BTCO,0.0
2024-10-29,BTC,EZBC,0.0
2024-10-29,BTC,BRRR,0.0
2024-10-29,BTC,HODL,16.5
2024-10-29,BTC,BTCW,0.0
2024-10-29,BTC,MSBT,
2024-10-29,BTC,GBTC,-17.3
2024-10-29,BTC,BTC,29.2
2024-10-29,BTC,Total,870.1
2024-10-30,BTC,IBIT,872.0
2024-10-30,BTC,FBTC,12.6
2024-10-30,BTC,BITB,-23.9
2024-10-30,BTC,ARKB,7.2
2024-10-30,BTC,BTCO,7.2
2024-10-30,BTC,EZBC,0.0
2024-10-30,BTC,BRRR,6.1
2024-10-30,BTC,HODL,4.1
2024-10-30,BTC,BTCW,0.0
2024-10-30,BTC,MSBT,
2024-10-30,BTC,GBTC,0.0
2024-10-30,BTC,BTC,8.0
2024-10-30,BTC,Total,893.3
2024-10-31,BTC,IBIT,318.8
2024-10-31,BTC,FBTC,-75.2
2024-10-31,BTC,BITB,-74.0
2024-10-31,BTC,ARKB,-94.2
2024-10-31,BTC,BTCO,0.0
2024-10-31,BTC,EZBC,0.0
2024-10-31,BTC,BRRR,1.9
2024-10-31,BTC,HODL,-13.9
2024-10-31,BTC,BTCW,0.0
2024-10-31,BTC,MSBT,
2024-10-31,BTC,GBTC,-31.1
2024-10-31,BTC,BTC,0.0
2024-10-31,BTC,Total,32.3
2024-11-01,BTC,IBIT,0.0
2024-11-01,BTC,FBTC,-25.6
2024-11-01,BTC,BITB,-5.6
2024-11-01,BTC,ARKB,-24.1
2024-11-01,BTC,BTCO,0.0
2024-11-01,BTC,EZBC,0.0
2024-11-01,BTC,BRRR,-1.7
2024-11-01,BTC,HODL,-5.9
2024-11-01,BTC,BTCW,0.0
2024-11-01,BTC,MSBT,
2024-11-01,BTC,GBTC,-5.5
2024-11-01,BTC,BTC,13.5
2024-11-01,BTC,Total,-54.9
2024-11-04,BTC,IBIT,38.4
2024-11-04,BTC,FBTC,-169.6
2024-11-04,BTC,BITB,-79.8
2024-11-04,BTC,ARKB,-138.3
2024-11-04,BTC,BTCO,0.0
2024-11-04,BTC,EZBC,-17.6
2024-11-04,BTC,BRRR,-5.7
2024-11-04,BTC,HODL,-15.3
2024-11-04,BTC,BTCW,0.0
2024-11-04,BTC,MSBT,
2024-11-04,BTC,GBTC,-63.7
2024-11-04,BTC,BTC,-89.5
2024-11-04,BTC,Total,-541.1
2024-11-05,BTC,IBIT,-44.2
2024-11-05,BTC,FBTC,-68.2
2024-11-05,BTC,BITB,19.3
2024-11-05,BTC,ARKB,-12.5
2024-11-05,BTC,BTCO,0.0
2024-11-05,BTC,EZBC,-6.0
2024-11-05,BTC,BRRR,-1.3
2024-11-05,BTC,HODL,-3.9
2024-11-05,BTC,BTCW,0.0
2024-11-05,BTC,MSBT,
2024-11-05,BTC,GBTC,0.0
2024-11-05,BTC,BTC,0.0
2024-11-05,BTC,Total,-116.8
2024-11-06,BTC,IBIT,-69.1
2024-11-06,BTC,FBTC,308.8
2024-11-06,BTC,BITB,100.9
2024-11-06,BTC,ARKB,127.0
2024-11-06,BTC,BTCO,0.0
2024-11-06,BTC,EZBC,0.0
2024-11-06,BTC,BRRR,-2.6
2024-11-06,BTC,HODL,17.2
2024-11-06,BTC,BTCW,0.0
2024-11-06,BTC,MSBT,
2024-11-06,BTC,GBTC,30.9
2024-11-06,BTC,BTC,108.8
2024-11-06,BTC,Total,621.9
2024-11-07,BTC,IBIT,1119.9
2024-11-07,BTC,FBTC,190.9
2024-11-07,BTC,BITB,13.4
2024-11-07,BTC,ARKB,17.6
2024-11-07,BTC,BTCO,0.0
2024-11-07,BTC,EZBC,0.0
2024-11-07,BTC,BRRR,0.0
2024-11-07,BTC,HODL,4.3
2024-11-07,BTC,BTCW,0.0
2024-11-07,BTC,MSBT,
2024-11-07,BTC,GBTC,7.3
2024-11-07,BTC,BTC,20.4
2024-11-07,BTC,Total,1373.8
2024-11-08,BTC,IBIT,206.1
2024-11-08,BTC,FBTC,33.5
2024-11-08,BTC,BITB,23.0
2024-11-08,BTC,ARKB,0.0
2024-11-08,BTC,BTCO,0.0
2024-11-08,BTC,EZBC,17.8
2024-11-08,BTC,BRRR,0.0
2024-11-08,BTC,HODL,13.0
2024-11-08,BTC,BTCW,0.0
2024-11-08,BTC,MSBT,
2024-11-08,BTC,GBTC,0.0
2024-11-08,BTC,BTC,0.0
2024-11-08,BTC,Total,293.4
2024-11-11,BTC,IBIT,756.5
2024-11-11,BTC,FBTC,135.1
2024-11-11,BTC,BITB,42.7
2024-11-11,BTC,ARKB,108.6
2024-11-11,BTC,BTCO,8.7
2024-11-11,BTC,EZBC,10.1
2024-11-11,BTC,BRRR,0.0
2024-11-11,BTC,HODL,0.0
2024-11-11,BTC,BTCW,0.0
2024-11-11,BTC,MSBT,
2024-11-11,BTC,GBTC,24.2
2024-11-11,BTC,BTC,28.2
2024-11-11,BTC,Total,1114.1
2024-11-12,BTC,IBIT,778.3
2024-11-12,BTC,FBTC,37.2
2024-11-12,BTC,BITB,0.0
2024-11-12,BTC,ARKB,-5.4
2024-11-12,BTC,BTCO,0.0
2024-11-12,BTC,EZBC,0.0
2024-11-12,BTC,BRRR,0.0
2024-11-12,BTC,HODL,10.1
2024-11-12,BTC,BTCW,0.0
2024-11-12,BTC,MSBT,
2024-11-12,BTC,GBTC,-17.8
2024-11-12,BTC,BTC,15.1
2024-11-12,BTC,Total,817.5
2024-11-13,BTC,IBIT,230.8
2024-11-13,BTC,FBTC,186.1
2024-11-13,BTC,BITB,12.3
2024-11-13,BTC,ARKB,14.5
2024-11-13,BTC,BTCO,0.0
2024-11-13,BTC,EZBC,0.0
2024-11-13,BTC,BRRR,0.0
2024-11-13,BTC,HODL,5.1
2024-11-13,BTC,BTCW,0.0
2024-11-13,BTC,MSBT,
2024-11-13,BTC,GBTC,0.0
2024-11-13,BTC,BTC,61.3
2024-11-13,BTC,Total,510.1
2024-11-14,BTC,IBIT,126.5
2024-11-14,BTC,FBTC,-179.2
2024-11-14,BTC,BITB,-113.9
2024-11-14,BTC,ARKB,-161.7
2024-11-14,BTC,BTCO,0.0
2024-11-14,BTC,EZBC,0.0
2024-11-14,BTC,BRRR,0.0
2024-11-14,BTC,HODL,2.5
2024-11-14,BTC,BTCW,0.0
2024-11-14,BTC,MSBT,
2024-11-14,BTC,GBTC,-69.6
2024-11-14,BTC,BTC,-5.3
2024-11-14,BTC,Total,-400.7
2024-11-15,BTC,IBIT,0.0
2024-11-15,BTC,FBTC,-175.1
2024-11-15,BTC,BITB,-7.4
2024-11-15,BTC,ARKB,-108.6
2024-11-15,BTC,BTCO,0.0
2024-11-15,BTC,EZBC,0.0
2024-11-15,BTC,BRRR,-1.7
2024-11-15,BTC,HODL,-7.7
2024-11-15,BTC,BTCW,0.0
2024-11-15,BTC,MSBT,
2024-11-15,BTC,GBTC,-22.5
2024-11-15,BTC,BTC,-47.0
2024-11-15,BTC,Total,-370.0
2024-11-18,BTC,IBIT,89.3
2024-11-18,BTC,FBTC,60.0
2024-11-18,BTC,BITB,24.4
2024-11-18,BTC,ARKB,13.2
2024-11-18,BTC,BTCO,0.0
2024-11-18,BTC,EZBC,0.0
2024-11-18,BTC,BRRR,0.0
2024-11-18,BTC,HODL,7.7
2024-11-18,BTC,BTCW,0.0
2024-11-18,BTC,MSBT,
2024-11-18,BTC,GBTC,5.8
2024-11-18,BTC,BTC,54.4
2024-11-18,BTC,Total,254.8
2024-11-19,BTC,IBIT,216.1
2024-11-19,BTC,FBTC,256.1
2024-11-19,BTC,BITB,52.8
2024-11-19,BTC,ARKB,267.3
2024-11-19,BTC,BTCO,0.0
2024-11-19,BTC,EZBC,0.0
2024-11-19,BTC,BRRR,0.0
2024-11-19,BTC,HODL,7.9
2024-11-19,BTC,BTCW,0.0
2024-11-19,BTC,MSBT,
2024-11-19,BTC,GBTC,16.2
2024-11-19,BTC,BTC,13.1
2024-11-19,BTC,Total,829.5
2024-11-20,BTC,IBIT,626.5
2024-11-20,BTC,FBTC,133.9
2024-11-20,BTC,BITB,9.2
2024-11-20,BTC,ARKB,3.8
2024-11-20,BTC,BTCO,0.0
2024-11-20,BTC,EZBC,0.0
2024-11-20,BTC,BRRR,0.0
2024-11-20,BTC,HODL,0.0
2024-11-20,BTC,BTCW,0.0
2024-11-20,BTC,MSBT,
2024-11-20,BTC,GBTC,0.0
2024-11-20,BTC,BTC,
2024-11-20,BTC,Total,773.4
2024-11-21,BTC,IBIT,608.4
2024-11-21,BTC,FBTC,301.0
2024-11-21,BTC,BITB,68.0
2024-11-21,BTC,ARKB,17.2
2024-11-21,BTC,BTCO,0.0
2024-11-21,BTC,EZBC,5.7
2024-11-21,BTC,BRRR,0.0
2024-11-21,BTC,HODL,5.6
2024-11-21,BTC,BTCW,0.0
2024-11-21,BTC,MSBT,
2024-11-21,BTC,GBTC,-7.8
2024-11-21,BTC,BTC,7.0
2024-11-21,BTC,Total,1005.1
2024-11-22,BTC,IBIT,513.2
2024-11-22,BTC,FBTC,21.7
2024-11-22,BTC,BITB,0.0
2024-11-22,BTC,ARKB,0.0
2024-11-22,BTC,BTCO,5.0
2024-11-22,BTC,EZBC,0.0
2024-11-22,BTC,BRRR,6.2
2024-11-22,BTC,HODL,5.6
2024-11-22,BTC,BTCW,0.0
2024-11-22,BTC,MSBT,
2024-11-22,BTC,GBTC,-67.1
2024-11-22,BTC,BTC,5.7
2024-11-22,BTC,Total,490.3
2024-11-25,BTC,IBIT,267.8
2024-11-25,BTC,FBTC,-134.7
2024-11-25,BTC,BITB,-280.7
2024-11-25,BTC,ARKB,-110.9
2024-11-25,BTC,BTCO,-10.9
2024-11-25,BTC,EZBC,0.0
2024-11-25,BTC,BRRR,0.0
2024-11-25,BTC,HODL,-8.1
2024-11-25,BTC,BTCW,0.0
2024-11-25,BTC,MSBT,
2024-11-25,BTC,GBTC,-158.2
2024-11-25,BTC,BTC,0.4
2024-11-25,BTC,Total,-435.3
2024-11-26,BTC,IBIT,0.0
2024-11-26,BTC,FBTC,-95.7
2024-11-26,BTC,BITB,6.5
2024-11-26,BTC,ARKB,0.0
2024-11-26,BTC,BTCO,-2.3
2024-11-26,BTC,EZBC,0.0
2024-11-26,BTC,BRRR,0.0
2024-11-26,BTC,HODL,0.0
2024-11-26,BTC,BTCW,0.0
2024-11-26,BTC,MSBT,
2024-11-26,BTC,GBTC,-36.1
2024-11-26,BTC,BTC,4.8
2024-11-26,BTC,Total,-122.8
2024-11-27,BTC,IBIT,0.0
2024-11-27,BTC,FBTC,40.2
2024-11-27,BTC,BITB,48.0
2024-11-27,BTC,ARKB,0.0
2024-11-27,BTC,BTCO,0.0
2024-11-27,BTC,EZBC,2.8
2024-11-27,BTC,BRRR,0.0
2024-11-27,BTC,HODL,0.0
2024-11-27,BTC,BTCW,0.0
2024-11-27,BTC,MSBT,
2024-11-27,BTC,GBTC,0.0
2024-11-27,BTC,BTC,12.0
2024-11-27,BTC,Total,103.0
2024-11-28,BTC,IBIT,
2024-11-28,BTC,FBTC,
2024-11-28,BTC,BITB,
2024-11-28,BTC,ARKB,
2024-11-28,BTC,BTCO,
2024-11-28,BTC,EZBC,
2024-11-28,BTC,BRRR,
2024-11-28,BTC,HODL,
2024-11-28,BTC,BTCW,
2024-11-28,BTC,MSBT,
2024-11-28,BTC,GBTC,
2024-11-28,BTC,BTC,
2024-11-28,BTC,Total,0.0
2024-11-29,BTC,IBIT,137.5
2024-11-29,BTC,FBTC,106.5
2024-11-29,BTC,BITB,26.5
2024-11-29,BTC,ARKB,7.8
2024-11-29,BTC,BTCO,0.0
2024-11-29,BTC,EZBC,0.0
2024-11-29,BTC,BRRR,0.0
2024-11-29,BTC,HODL,33.1
2024-11-29,BTC,BTCW,0.0
2024-11-29,BTC,MSBT,
2024-11-29,BTC,GBTC,0.0
2024-11-29,BTC,BTC,8.6
2024-11-29,BTC,Total,320.0
2024-12-02,BTC,IBIT,338.3
2024-12-02,BTC,FBTC,25.1
2024-12-02,BTC,BITB,0.0
2024-12-02,BTC,ARKB,17.2
2024-12-02,BTC,BTCO,0.0
2024-12-02,BTC,EZBC,5.6
2024-12-02,BTC,BRRR,0.0
2024-12-02,BTC,HODL,-10.9
2024-12-02,BTC,BTCW,0.0
2024-12-02,BTC,MSBT,
2024-12-02,BTC,GBTC,-28.1
2024-12-02,BTC,BTC,6.4
2024-12-02,BTC,Total,353.6
2024-12-03,BTC,IBIT,693.3
2024-12-03,BTC,FBTC,52.2
2024-12-03,BTC,BITB,7.8
2024-12-03,BTC,ARKB,-93.5
2024-12-03,BTC,BTCO,0.0
2024-12-03,BTC,EZBC,0.0
2024-12-03,BTC,BRRR,0.0
2024-12-03,BTC,HODL,16.2
2024-12-03,BTC,BTCW,0.0
2024-12-03,BTC,MSBT,
2024-12-03,BTC,GBTC,0.0
2024-12-03,BTC,BTC,0.0
2024-12-03,BTC,Total,676.0
2024-12-04,BTC,IBIT,571.7
2024-12-04,BTC,FBTC,17.3
2024-12-04,BTC,BITB,6.4
2024-12-04,BTC,ARKB,0.0
2024-12-04,BTC,BTCO,0.0
2024-12-04,BTC,EZBC,0.0
2024-12-04,BTC,BRRR,0.0
2024-12-04,BTC,HODL,0.0
2024-12-04,BTC,BTCW,0.0
2024-12-04,BTC,MSBT,
2024-12-04,BTC,GBTC,-94.3
2024-12-04,BTC,BTC,55.7
2024-12-04,BTC,Total,556.8
2024-12-05,BTC,IBIT,770.5
2024-12-05,BTC,FBTC,47.5
2024-12-05,BTC,BITB,-10.2
2024-12-05,BTC,ARKB,12.3
2024-12-05,BTC,BTCO,0.0
2024-12-05,BTC,EZBC,0.0
2024-12-05,BTC,BRRR,0.0
2024-12-05,BTC,HODL,0.0
2024-12-05,BTC,BTCW,0.0
2024-12-05,BTC,MSBT,
2024-12-05,BTC,GBTC,-148.8
2024-12-05,BTC,BTC,95.4
2024-12-05,BTC,Total,766.7
2024-12-06,BTC,IBIT,257.0
2024-12-06,BTC,FBTC,120.2
2024-12-06,BTC,BITB,0.0
2024-12-06,BTC,ARKB,24.9
2024-12-06,BTC,BTCO,0.0
2024-12-06,BTC,EZBC,0.0
2024-12-06,BTC,BRRR,0.0
2024-12-06,BTC,HODL,0.0
2024-12-06,BTC,BTCW,0.0
2024-12-06,BTC,MSBT,
2024-12-06,BTC,GBTC,-32.3
2024-12-06,BTC,BTC,6.8
2024-12-06,BTC,Total,376.6
2024-12-09,BTC,IBIT,394.1
2024-12-09,BTC,FBTC,175.5
2024-12-09,BTC,BITB,-39.0
2024-12-09,BTC,ARKB,-34.3
2024-12-09,BTC,BTCO,0.0
2024-12-09,BTC,EZBC,0.0
2024-12-09,BTC,BRRR,0.0
2024-12-09,BTC,HODL,0.0
2024-12-09,BTC,BTCW,0.0
2024-12-09,BTC,MSBT,
2024-12-09,BTC,GBTC,-24.4
2024-12-09,BTC,BTC,7.2
2024-12-09,BTC,Total,479.1
2024-12-10,BTC,IBIT,295.6
2024-12-10,BTC,FBTC,210.5
2024-12-10,BTC,BITB,0.0
2024-12-10,BTC,ARKB,5.8
2024-12-10,BTC,BTCO,-11.6
2024-12-10,BTC,EZBC,0.0
2024-12-10,BTC,BRRR,0.0
2024-12-10,BTC,HODL,-5.4
2024-12-10,BTC,BTCW,0.0
2024-12-10,BTC,MSBT,
2024-12-10,BTC,GBTC,-62.8
2024-12-10,BTC,BTC,6.4
2024-12-10,BTC,Total,438.5
2024-12-11,BTC,IBIT,0.0
2024-12-11,BTC,FBTC,121.9
2024-12-11,BTC,BITB,12.2
2024-12-11,BTC,ARKB,52.7
2024-12-11,BTC,BTCO,0.0
2024-12-11,BTC,EZBC,0.0
2024-12-11,BTC,BRRR,-2.4
2024-12-11,BTC,HODL,2.9
2024-12-11,BTC,BTCW,0.0
2024-12-11,BTC,MSBT,
2024-12-11,BTC,GBTC,20.1
2024-12-11,BTC,BTC,15.7
2024-12-11,BTC,Total,223.1
2024-12-12,BTC,IBIT,431.6
2024-12-12,BTC,FBTC,30.5
2024-12-12,BTC,BITB,61.4
2024-12-12,BTC,ARKB,9.0
2024-12-12,BTC,BTCO,0.0
2024-12-12,BTC,EZBC,0.0
2024-12-12,BTC,BRRR,0.0
2024-12-12,BTC,HODL,0.0
2024-12-12,BTC,BTCW,2.6
2024-12-12,BTC,MSBT,
2024-12-12,BTC,GBTC,-48.4
2024-12-12,BTC,BTC,110.8
2024-12-12,BTC,Total,597.5
2024-12-13,BTC,IBIT,393.0
2024-12-13,BTC,FBTC,60.0
2024-12-13,BTC,BITB,33.2
2024-12-13,BTC,ARKB,28.4
2024-12-13,BTC,BTCO,0.0
2024-12-13,BTC,EZBC,0.0
2024-12-13,BTC,BRRR,0.0
2024-12-13,BTC,HODL,8.6
2024-12-13,BTC,BTCW,7.0
2024-12-13,BTC,MSBT,
2024-12-13,BTC,GBTC,-105.8
2024-12-13,BTC,BTC,4.5
2024-12-13,BTC,Total,428.9
2024-12-16,BTC,IBIT,418.2
2024-12-16,BTC,FBTC,116.1
2024-12-16,BTC,BITB,30.7
2024-12-16,BTC,ARKB,47.7
2024-12-16,BTC,BTCO,0.0
2024-12-16,BTC,EZBC,0.0
2024-12-16,BTC,BRRR,0.0
2024-12-16,BTC,HODL,0.0
2024-12-16,BTC,BTCW,0.0
2024-12-16,BTC,MSBT,
2024-12-16,BTC,GBTC,17.6
2024-12-16,BTC,BTC,6.6
2024-12-16,BTC,Total,636.9
2024-12-17,BTC,IBIT,741.4
2024-12-17,BTC,FBTC,-128.2
2024-12-17,BTC,BITB,-24.4
2024-12-17,BTC,ARKB,-17.0
2024-12-17,BTC,BTCO,0.0
2024-12-17,BTC,EZBC,0.0
2024-12-17,BTC,BRRR,0.0
2024-12-17,BTC,HODL,3.0
2024-12-17,BTC,BTCW,0.0
2024-12-17,BTC,MSBT,
2024-12-17,BTC,GBTC,-84.7
2024-12-17,BTC,BTC,3.8
2024-12-17,BTC,Total,493.9
2024-12-18,BTC,IBIT,359.6
2024-12-18,BTC,FBTC,0.0
2024-12-18,BTC,BITB,-16.6
2024-12-18,BTC,ARKB,-6.6
2024-12-18,BTC,BTCO,-25.2
2024-12-18,BTC,EZBC,0.0
2024-12-18,BTC,BRRR,0.0
2024-12-18,BTC,HODL,0.0
2024-12-18,BTC,BTCW,0.0
2024-12-18,BTC,MSBT,
2024-12-18,BTC,GBTC,-35.9
2024-12-18,BTC,BTC,0.0
2024-12-18,BTC,Total,275.3
2024-12-19,BTC,IBIT,0.0
2024-12-19,BTC,FBTC,-208.5
2024-12-19,BTC,BITB,-43.6
2024-12-19,BTC,ARKB,-108.4
2024-12-19,BTC,BTCO,-26.0
2024-12-19,BTC,EZBC,0.0
2024-12-19,BTC,BRRR,0.0
2024-12-19,BTC,HODL,-10.9
2024-12-19,BTC,BTCW,2.0
2024-12-19,BTC,MSBT,
2024-12-19,BTC,GBTC,-87.9
2024-12-19,BTC,BTC,-188.6
2024-12-19,BTC,Total,-671.9
2024-12-20,BTC,IBIT,-72.7
2024-12-20,BTC,FBTC,-71.9
2024-12-20,BTC,BITB,0.0
2024-12-20,BTC,ARKB,-87.0
2024-12-20,BTC,BTCO,0.0
2024-12-20,BTC,EZBC,5.6
2024-12-20,BTC,BRRR,0.0
2024-12-20,BTC,HODL,0.0
2024-12-20,BTC,BTCW,0.0
2024-12-20,BTC,MSBT,
2024-12-20,BTC,GBTC,-57.4
2024-12-20,BTC,BTC,6.4
2024-12-20,BTC,Total,-277.0
2024-12-23,BTC,IBIT,31.7
2024-12-23,BTC,FBTC,-146.0
2024-12-23,BTC,BITB,-23.7
2024-12-23,BTC,ARKB,-15.7
2024-12-23,BTC,BTCO,-25.6
2024-12-23,BTC,EZBC,0.0
2024-12-23,BTC,BRRR,0.0
2024-12-23,BTC,HODL,-2.6
2024-12-23,BTC,BTCW,0.0
2024-12-23,BTC,MSBT,
2024-12-23,BTC,GBTC,-38.4
2024-12-23,BTC,BTC,-6.2
2024-12-23,BTC,Total,-226.5
2024-12-24,BTC,IBIT,-188.7
2024-12-24,BTC,FBTC,-83.2
2024-12-24,BTC,BITB,8.5
2024-12-24,BTC,ARKB,-75.0
2024-12-24,BTC,BTCO,0.0
2024-12-24,BTC,EZBC,0.0
2024-12-24,BTC,BRRR,0.0
2024-12-24,BTC,HODL,0.0
2024-12-24,BTC,BTCW,0.0
2024-12-24,BTC,MSBT,
2024-12-24,BTC,GBTC,0.0
2024-12-24,BTC,BTC,0.0
2024-12-24,BTC,Total,-338.4
2024-12-25,BTC,IBIT,
2024-12-25,BTC,FBTC,
2024-12-25,BTC,BITB,
2024-12-25,BTC,ARKB,
2024-12-25,BTC,BTCO,
2024-12-25,BTC,EZBC,
2024-12-25,BTC,BRRR,
2024-12-25,BTC,HODL,
2024-12-25,BTC,BTCW,
2024-12-25,BTC,MSBT,
2024-12-25,BTC,GBTC,
2024-12-25,BTC,BTC,
2024-12-25,BTC,Total,0.0
2024-12-26,BTC,IBIT,56.5
2024-12-26,BTC,FBTC,254.4
2024-12-26,BTC,BITB,-8.3
2024-12-26,BTC,ARKB,186.9
2024-12-26,BTC,BTCO,0.0
2024-12-26,BTC,EZBC,0.0
2024-12-26,BTC,BRRR,0.0
2024-12-26,BTC,HODL,2.7
2024-12-26,BTC,BTCW,0.0
2024-12-26,BTC,MSBT,
2024-12-26,BTC,GBTC,-24.2
2024-12-26,BTC,BTC,7.2
2024-12-26,BTC,Total,475.2
2024-12-27,BTC,IBIT,79.4
2024-12-27,BTC,FBTC,-208.2
2024-12-27,BTC,BITB,-36.0
2024-12-27,BTC,ARKB,-112.6
2024-12-27,BTC,BTCO,-14.2
2024-12-27,BTC,EZBC,0.0
2024-12-27,BTC,BRRR,0.0
2024-12-27,BTC,HODL,0.0
2024-12-27,BTC,BTCW,0.0
2024-12-27,BTC,MSBT,
2024-12-27,BTC,GBTC,3.7
2024-12-27,BTC,BTC,0.0
2024-12-27,BTC,Total,-287.9
2024-12-30,BTC,IBIT,-36.5
2024-12-30,BTC,FBTC,-154.6
2024-12-30,BTC,BITB,-31.4
2024-12-30,BTC,ARKB,-26.4
2024-12-30,BTC,BTCO,0.0
2024-12-30,BTC,EZBC,0.0
2024-12-30,BTC,BRRR,0.0
2024-12-30,BTC,HODL,0.0
2024-12-30,BTC,BTCW,0.0
2024-12-30,BTC,MSBT,
2024-12-30,BTC,GBTC,-134.5
2024-12-30,BTC,BTC,-31.7
2024-12-30,BTC,Total,-415.1
2024-12-31,BTC,IBIT,-23.5
2024-12-31,BTC,FBTC,36.8
2024-12-31,BTC,BITB,8.7
2024-12-31,BTC,ARKB,-11.2
2024-12-31,BTC,BTCO,0.0
2024-12-31,BTC,EZBC,0.0
2024-12-31,BTC,BRRR,0.0
2024-12-31,BTC,HODL,0.0
2024-12-31,BTC,BTCW,0.0
2024-12-31,BTC,MSBT,
2024-12-31,BTC,GBTC,-9.6
2024-12-31,BTC,BTC,4.1
2024-12-31,BTC,Total,5.3
2025-01-01,BTC,IBIT,
2025-01-01,BTC,FBTC,
2025-01-01,BTC,BITB,
2025-01-01,BTC,ARKB,
2025-01-01,BTC,BTCO,
2025-01-01,BTC,EZBC,
2025-01-01,BTC,BRRR,
2025-01-01,BTC,HODL,
2025-01-01,BTC,BTCW,
2025-01-01,BTC,MSBT,
2025-01-01,BTC,GBTC,
2025-01-01,BTC,BTC,
2025-01-01,BTC,Total,0.0
2025-01-02,BTC,IBIT,-332.6
2025-01-02,BTC,FBTC,36.2
2025-01-02,BTC,BITB,48.3
2025-01-02,BTC,ARKB,16.5
2025-01-02,BTC,BTCO,0.0
2025-01-02,BTC,EZBC,0.0
2025-01-02,BTC,BRRR,0.0
2025-01-02,BTC,HODL,5.5
2025-01-02,BTC,BTCW,0.0
2025-01-02,BTC,MSBT,
2025-01-02,BTC,GBTC,-23.1
2025-01-02,BTC,BTC,6.9
2025-01-02,BTC,Total,-242.3
2025-01-03,BTC,IBIT,253.1
2025-01-03,BTC,FBTC,357.0
2025-01-03,BTC,BITB,61.1
2025-01-03,BTC,ARKB,222.6
2025-01-03,BTC,BTCO,0.0
2025-01-03,BTC,EZBC,0.0
2025-01-03,BTC,BRRR,0.0
2025-01-03,BTC,HODL,5.6
2025-01-03,BTC,BTCW,0.0
2025-01-03,BTC,MSBT,
2025-01-03,BTC,GBTC,0.0
2025-01-03,BTC,BTC,8.7
2025-01-03,BTC,Total,908.1
2025-01-06,BTC,IBIT,209.1
2025-01-06,BTC,FBTC,370.2
2025-01-06,BTC,BITB,71.2
2025-01-06,BTC,ARKB,152.9
2025-01-06,BTC,BTCO,0.0
2025-01-06,BTC,EZBC,8.9
2025-01-06,BTC,BRRR,0.0
2025-01-06,BTC,HODL,17.3
2025-01-06,BTC,BTCW,0.0
2025-01-06,BTC,MSBT,
2025-01-06,BTC,GBTC,73.8
2025-01-06,BTC,BTC,75.2
2025-01-06,BTC,Total,978.6
2025-01-07,BTC,IBIT,596.1
2025-01-07,BTC,FBTC,-86.3
2025-01-07,BTC,BITB,-113.8
2025-01-07,BTC,ARKB,-212.6
2025-01-07,BTC,BTCO,0.0
2025-01-07,BTC,EZBC,-5.6
2025-01-07,BTC,BRRR,0.0
2025-01-07,BTC,HODL,0.0
2025-01-07,BTC,BTCW,0.0
2025-01-07,BTC,MSBT,
2025-01-07,BTC,GBTC,-125.4
2025-01-07,BTC,BTC,0.0
2025-01-07,BTC,Total,52.4
2025-01-08,BTC,IBIT,-124.0
2025-01-08,BTC,FBTC,-258.7
2025-01-08,BTC,BITB,-11.3
2025-01-08,BTC,ARKB,-148.3
2025-01-08,BTC,BTCO,-9.4
2025-01-08,BTC,EZBC,-8.2
2025-01-08,BTC,BRRR,0.0
2025-01-08,BTC,HODL,0.0
2025-01-08,BTC,BTCW,0.0
2025-01-08,BTC,MSBT,
2025-01-08,BTC,GBTC,-8.9
2025-01-08,BTC,BTC,0.0
2025-01-08,BTC,Total,-568.8
2025-01-09,BTC,IBIT,
2025-01-09,BTC,FBTC,
2025-01-09,BTC,BITB,
2025-01-09,BTC,ARKB,
2025-01-09,BTC,BTCO,
2025-01-09,BTC,EZBC,
2025-01-09,BTC,BRRR,
2025-01-09,BTC,HODL,
2025-01-09,BTC,BTCW,
2025-01-09,BTC,MSBT,
2025-01-09,BTC,GBTC,
2025-01-09,BTC,BTC,
2025-01-09,BTC,Total,0.0
2025-01-10,BTC,IBIT,-183.6
2025-01-10,BTC,FBTC,16.6
2025-01-10,BTC,BITB,-1.6
2025-01-10,BTC,ARKB,5.7
2025-01-10,BTC,BTCO,0.0
2025-01-10,BTC,EZBC,0.0
2025-01-10,BTC,BRRR,0.0
2025-01-10,BTC,HODL,0.0
2025-01-10,BTC,BTCW,0.0
2025-01-10,BTC,MSBT,
2025-01-10,BTC,GBTC,13.5
2025-01-10,BTC,BTC,0.0
2025-01-10,BTC,Total,-149.4
2025-01-13,BTC,IBIT,29.5
2025-01-13,BTC,FBTC,-113.6
2025-01-13,BTC,BITB,-18.6
2025-01-13,BTC,ARKB,-92.4
2025-01-13,BTC,BTCO,0.0
2025-01-13,BTC,EZBC,0.0
2025-01-13,BTC,BRRR,0.0
2025-01-13,BTC,HODL,0.0
2025-01-13,BTC,BTCW,0.0
2025-01-13,BTC,MSBT,
2025-01-13,BTC,GBTC,-89.0
2025-01-13,BTC,BTC,0.0
2025-01-13,BTC,Total,-284.1
2025-01-14,BTC,IBIT,-219.5
2025-01-14,BTC,FBTC,0.0
2025-01-14,BTC,BITB,-8.9
2025-01-14,BTC,ARKB,2.9
2025-01-14,BTC,BTCO,0.0
2025-01-14,BTC,EZBC,0.0
2025-01-14,BTC,BRRR,0.0
2025-01-14,BTC,HODL,5.5
2025-01-14,BTC,BTCW,10.2
2025-01-14,BTC,MSBT,
2025-01-14,BTC,GBTC,0.0
2025-01-14,BTC,BTC,0.0
2025-01-14,BTC,Total,-209.8
2025-01-15,BTC,IBIT,31.9
2025-01-15,BTC,FBTC,463.1
2025-01-15,BTC,BITB,32.7
2025-01-15,BTC,ARKB,138.8
2025-01-15,BTC,BTCO,4.5
2025-01-15,BTC,EZBC,2.9
2025-01-15,BTC,BRRR,0.0
2025-01-15,BTC,HODL,17.0
2025-01-15,BTC,BTCW,0.0
2025-01-15,BTC,MSBT,
2025-01-15,BTC,GBTC,50.5
2025-01-15,BTC,BTC,13.7
2025-01-15,BTC,Total,755.1
2025-01-16,BTC,IBIT,527.9
2025-01-16,BTC,FBTC,4.4
2025-01-16,BTC,BITB,2.7
2025-01-16,BTC,ARKB,155.4
2025-01-16,BTC,BTCO,0.0
2025-01-16,BTC,EZBC,0.0
2025-01-16,BTC,BRRR,0.0
2025-01-16,BTC,HODL,5.7
2025-01-16,BTC,BTCW,0.0
2025-01-16,BTC,MSBT,
2025-01-16,BTC,GBTC,-70.0
2025-01-16,BTC,BTC,0.0
2025-01-16,BTC,Total,626.1
2025-01-17,BTC,IBIT,375.9
2025-01-17,BTC,FBTC,326.3
2025-01-17,BTC,BITB,208.1
2025-01-17,BTC,ARKB,97.2
2025-01-17,BTC,BTCO,6.3
2025-01-17,BTC,EZBC,0.0
2025-01-17,BTC,BRRR,0.0
2025-01-17,BTC,HODL,11.9
2025-01-17,BTC,BTCW,4.5
2025-01-17,BTC,MSBT,
2025-01-17,BTC,GBTC,20.8
2025-01-17,BTC,BTC,21.8
2025-01-17,BTC,Total,1072.8
2025-01-20,BTC,IBIT,
2025-01-20,BTC,FBTC,
2025-01-20,BTC,BITB,
2025-01-20,BTC,ARKB,
2025-01-20,BTC,BTCO,
2025-01-20,BTC,EZBC,
2025-01-20,BTC,BRRR,
2025-01-20,BTC,HODL,
2025-01-20,BTC,BTCW,
2025-01-20,BTC,MSBT,
2025-01-20,BTC,GBTC,
2025-01-20,BTC,BTC,
2025-01-20,BTC,Total,0.0
2025-01-21,BTC,IBIT,661.9
2025-01-21,BTC,FBTC,7.0
2025-01-21,BTC,BITB,-17.4
2025-01-21,BTC,ARKB,8.5
2025-01-21,BTC,BTCO,0.0
2025-01-21,BTC,EZBC,6.2
2025-01-21,BTC,BRRR,0.0
2025-01-21,BTC,HODL,0.0
2025-01-21,BTC,BTCW,0.0
2025-01-21,BTC,MSBT,
2025-01-21,BTC,GBTC,0.0
2025-01-21,BTC,BTC,136.4
2025-01-21,BTC,Total,802.6
2025-01-22,BTC,IBIT,344.3
2025-01-22,BTC,FBTC,0.0
2025-01-22,BTC,BITB,-34.7
2025-01-22,BTC,ARKB,-13.0
2025-01-22,BTC,BTCO,0.0
2025-01-22,BTC,EZBC,0.0
2025-01-22,BTC,BRRR,0.0
2025-01-22,BTC,HODL,0.0
2025-01-22,BTC,BTCW,0.0
2025-01-22,BTC,MSBT,
2025-01-22,BTC,GBTC,-47.9
2025-01-22,BTC,BTC,0.0
2025-01-22,BTC,Total,248.7
2025-01-23,BTC,IBIT,154.6
2025-01-23,BTC,FBTC,9.2
2025-01-23,BTC,BITB,42.1
2025-01-23,BTC,ARKB,8.4
2025-01-23,BTC,BTCO,12.4
2025-01-23,BTC,EZBC,0.0
2025-01-23,BTC,BRRR,0.0
2025-01-23,BTC,HODL,0.0
2025-01-23,BTC,BTCW,0.0
2025-01-23,BTC,MSBT,
2025-01-23,BTC,GBTC,-49.9
2025-01-23,BTC,BTC,11.9
2025-01-23,BTC,Total,188.7
2025-01-24,BTC,IBIT,155.7
2025-01-24,BTC,FBTC,186.1
2025-01-24,BTC,BITB,-8.6
2025-01-24,BTC,ARKB,168.7
2025-01-24,BTC,BTCO,0.0
2025-01-24,BTC,EZBC,0.0
2025-01-24,BTC,BRRR,0.0
2025-01-24,BTC,HODL,0.0
2025-01-24,BTC,BTCW,2.8
2025-01-24,BTC,MSBT,
2025-01-24,BTC,GBTC,0.0
2025-01-24,BTC,BTC,13.0
2025-01-24,BTC,Total,517.7
2025-01-27,BTC,IBIT,63.9
2025-01-27,BTC,FBTC,-268.6
2025-01-27,BTC,BITB,-88.6
2025-01-27,BTC,ARKB,-50.1
2025-01-27,BTC,BTCO,0.0
2025-01-27,BTC,EZBC,0.0
2025-01-27,BTC,BRRR,0.0
2025-01-27,BTC,HODL,-5.7
2025-01-27,BTC,BTCW,0.0
2025-01-27,BTC,MSBT,
2025-01-27,BTC,GBTC,-108.5
2025-01-27,BTC,BTC,0.0
2025-01-27,BTC,Total,-457.6
2025-01-28,BTC,IBIT,30.1
2025-01-28,BTC,FBTC,0.0
2025-01-28,BTC,BITB,0.0
2025-01-28,BTC,ARKB,-11.7
2025-01-28,BTC,BTCO,0.0
2025-01-28,BTC,EZBC,0.0
2025-01-28,BTC,BRRR,0.0
2025-01-28,BTC,HODL,0.0
2025-01-28,BTC,BTCW,0.0
2025-01-28,BTC,MSBT,
2025-01-28,BTC,GBTC,0.0
2025-01-28,BTC,BTC,0.0
2025-01-28,BTC,Total,18.4
2025-01-29,BTC,IBIT,-28.4
2025-01-29,BTC,FBTC,18.2
2025-01-29,BTC,BITB,-4.0
2025-01-29,BTC,ARKB,0.0
2025-01-29,BTC,BTCO,0.0
2025-01-29,BTC,EZBC,0.0
2025-01-29,BTC,BRRR,0.0
2025-01-29,BTC,HODL,0.0
2025-01-29,BTC,BTCW,0.0
2025-01-29,BTC,MSBT,
2025-01-29,BTC,GBTC,0.0
2025-01-29,BTC,BTC,106.2
2025-01-29,BTC,Total,92.0
2025-01-30,BTC,IBIT,321.5
2025-01-30,BTC,FBTC,209.1
2025-01-30,BTC,BITB,23.0
2025-01-30,BTC,ARKB,12.6
2025-01-30,BTC,BTCO,5.2
2025-01-30,BTC,EZBC,6.1
2025-01-30,BTC,BRRR,0.0
2025-01-30,BTC,HODL,6.0
2025-01-30,BTC,BTCW,0.0
2025-01-30,BTC,MSBT,
2025-01-30,BTC,GBTC,0.0
2025-01-30,BTC,BTC,4.6
2025-01-30,BTC,Total,588.1
2025-01-31,BTC,IBIT,363.8
2025-01-31,BTC,FBTC,0.0
2025-01-31,BTC,BITB,-56.0
2025-01-31,BTC,ARKB,35.6
2025-01-31,BTC,BTCO,0.0
2025-01-31,BTC,EZBC,0.0
2025-01-31,BTC,BRRR,0.0
2025-01-31,BTC,HODL,5.8
2025-01-31,BTC,BTCW,0.0
2025-01-31,BTC,MSBT,
2025-01-31,BTC,GBTC,-30.6
2025-01-31,BTC,BTC,0.0
2025-01-31,BTC,Total,318.6
2025-02-03,BTC,IBIT,0.0
2025-02-03,BTC,FBTC,-177.6
2025-02-03,BTC,BITB,-5.5
2025-02-03,BTC,ARKB,-50.7
2025-02-03,BTC,BTCO,0.0
2025-02-03,BTC,EZBC,0.0
2025-02-03,BTC,BRRR,0.0
2025-02-03,BTC,HODL,-8.6
2025-02-03,BTC,BTCW,0.0
2025-02-03,BTC,MSBT,
2025-02-03,BTC,GBTC,8.0
2025-02-03,BTC,BTC,0.0
2025-02-03,BTC,Total,-234.4
2025-02-04,BTC,IBIT,249.0
2025-02-04,BTC,FBTC,0.0
2025-02-04,BTC,BITB,16.1
2025-02-04,BTC,ARKB,56.1
2025-02-04,BTC,BTCO,0.0
2025-02-04,BTC,EZBC,0.0
2025-02-04,BTC,BRRR,0.0
2025-02-04,BTC,HODL,0.0
2025-02-04,BTC,BTCW,0.0
2025-02-04,BTC,MSBT,
2025-02-04,BTC,GBTC,19.5
2025-02-04,BTC,BTC,0.0
2025-02-04,BTC,Total,340.7
2025-02-05,BTC,IBIT,44.4
2025-02-05,BTC,FBTC,10.6
2025-02-05,BTC,BITB,0.0
2025-02-05,BTC,ARKB,0.0
2025-02-05,BTC,BTCO,0.0
2025-02-05,BTC,EZBC,0.0
2025-02-05,BTC,BRRR,0.0
2025-02-05,BTC,HODL,0.0
2025-02-05,BTC,BTCW,11.4
2025-02-05,BTC,MSBT,
2025-02-05,BTC,GBTC,0.0
2025-02-05,BTC,BTC,0.0
2025-02-05,BTC,Total,66.4
2025-02-06,BTC,IBIT,0.0
2025-02-06,BTC,FBTC,-103.2
2025-02-06,BTC,BITB,0.0
2025-02-06,BTC,ARKB,0.0
2025-02-06,BTC,BTCO,0.0
2025-02-06,BTC,EZBC,0.0
2025-02-06,BTC,BRRR,0.0
2025-02-06,BTC,HODL,0.0
2025-02-06,BTC,BTCW,0.0
2025-02-06,BTC,MSBT,
2025-02-06,BTC,GBTC,-42.2
2025-02-06,BTC,BTC,5.2
2025-02-06,BTC,Total,-140.2
2025-02-07,BTC,IBIT,21.9
2025-02-07,BTC,FBTC,52.5
2025-02-07,BTC,BITB,10.5
2025-02-07,BTC,ARKB,59.0
2025-02-07,BTC,BTCO,0.0
2025-02-07,BTC,EZBC,5.6
2025-02-07,BTC,BRRR,0.0
2025-02-07,BTC,HODL,21.8
2025-02-07,BTC,BTCW,0.0
2025-02-07,BTC,MSBT,
2025-02-07,BTC,GBTC,0.0
2025-02-07,BTC,BTC,0.0
2025-02-07,BTC,Total,171.3
2025-02-10,BTC,IBIT,55.4
2025-02-10,BTC,FBTC,-136.1
2025-02-10,BTC,BITB,0.0
2025-02-10,BTC,ARKB,0.0
2025-02-10,BTC,BTCO,-34.0
2025-02-10,BTC,EZBC,-19.8
2025-02-10,BTC,BRRR,0.0
2025-02-10,BTC,HODL,-5.5
2025-02-10,BTC,BTCW,0.0
2025-02-10,BTC,MSBT,
2025-02-10,BTC,GBTC,-46.3
2025-02-10,BTC,BTC,0.0
2025-02-10,BTC,Total,-186.3
2025-02-11,BTC,IBIT,23.8
2025-02-11,BTC,FBTC,-43.6
2025-02-11,BTC,BITB,-9.3
2025-02-11,BTC,ARKB,0.0
2025-02-11,BTC,BTCO,-9.5
2025-02-11,BTC,EZBC,-11.0
2025-02-11,BTC,BRRR,0.0
2025-02-11,BTC,HODL,0.0
2025-02-11,BTC,BTCW,-7.1
2025-02-11,BTC,MSBT,
2025-02-11,BTC,GBTC,0.0
2025-02-11,BTC,BTC,0.0
2025-02-11,BTC,Total,-56.7
2025-02-12,BTC,IBIT,-22.1
2025-02-12,BTC,FBTC,-102.0
2025-02-12,BTC,BITB,-25.9
2025-02-12,BTC,ARKB,-97.0
2025-02-12,BTC,BTCO,-9.7
2025-02-12,BTC,EZBC,0.0
2025-02-12,BTC,BRRR,-3.7
2025-02-12,BTC,HODL,0.0
2025-02-12,BTC,BTCW,0.0
2025-02-12,BTC,MSBT,
2025-02-12,BTC,GBTC,-6.9
2025-02-12,BTC,BTC,16.3
2025-02-12,BTC,Total,-251.0
2025-02-13,BTC,IBIT,26.2
2025-02-13,BTC,FBTC,-94.5
2025-02-13,BTC,BITB,-15.7
2025-02-13,BTC,ARKB,-52.7
2025-02-13,BTC,BTCO,-4.8
2025-02-13,BTC,EZBC,-8.4
2025-02-13,BTC,BRRR,0.0
2025-02-13,BTC,HODL,-1.0
2025-02-13,BTC,BTCW,0.0
2025-02-13,BTC,MSBT,
2025-02-13,BTC,GBTC,-6.9
2025-02-13,BTC,BTC,0.0
2025-02-13,BTC,Total,-157.8
2025-02-14,BTC,IBIT,22.3
2025-02-14,BTC,FBTC,94.0
2025-02-14,BTC,BITB,8.0
2025-02-14,BTC,ARKB,-13.2
2025-02-14,BTC,BTCO,0.0
2025-02-14,BTC,EZBC,0.0
2025-02-14,BTC,BRRR,0.0
2025-02-14,BTC,HODL,-4.4
2025-02-14,BTC,BTCW,0.0
2025-02-14,BTC,MSBT,
2025-02-14,BTC,GBTC,-47.0
2025-02-14,BTC,BTC,6.5
2025-02-14,BTC,Total,66.2
2025-02-17,BTC,IBIT,
2025-02-17,BTC,FBTC,
2025-02-17,BTC,BITB,
2025-02-17,BTC,ARKB,
2025-02-17,BTC,BTCO,
2025-02-17,BTC,EZBC,
2025-02-17,BTC,BRRR,
2025-02-17,BTC,HODL,
2025-02-17,BTC,BTCW,
2025-02-17,BTC,MSBT,
2025-02-17,BTC,GBTC,
2025-02-17,BTC,BTC,
2025-02-17,BTC,Total,0.0
2025-02-18,BTC,IBIT,68.4
2025-02-18,BTC,FBTC,-16.4
2025-02-18,BTC,BITB,-112.7
2025-02-18,BTC,ARKB,0.0
2025-02-18,BTC,BTCO,0.0
2025-02-18,BTC,EZBC,0.0
2025-02-18,BTC,BRRR,0.0
2025-02-18,BTC,HODL,0.0
2025-02-18,BTC,BTCW,0.0
2025-02-18,BTC,MSBT,
2025-02-18,BTC,GBTC,0.0
2025-02-18,BTC,BTC,0.0
2025-02-18,BTC,Total,-60.7
2025-02-19,BTC,IBIT,0.0
2025-02-19,BTC,FBTC,-48.4
2025-02-19,BTC,BITB,0.0
2025-02-19,BTC,ARKB,-8.7
2025-02-19,BTC,BTCO,0.0
2025-02-19,BTC,EZBC,0.0
2025-02-19,BTC,BRRR,-9.3
2025-02-19,BTC,HODL,-4.8
2025-02-19,BTC,BTCW,0.0
2025-02-19,BTC,MSBT,
2025-02-19,BTC,GBTC,0.0
2025-02-19,BTC,BTC,0.0
2025-02-19,BTC,Total,-71.2
2025-02-20,BTC,IBIT,-112.0
2025-02-20,BTC,FBTC,-88.2
2025-02-20,BTC,BITB,24.1
2025-02-20,BTC,ARKB,-98.3
2025-02-20,BTC,BTCO,0.0
2025-02-20,BTC,EZBC,0.0
2025-02-20,BTC,BRRR,0.0
2025-02-20,BTC,HODL,4.2
2025-02-20,BTC,BTCW,0.0
2025-02-20,BTC,MSBT,
2025-02-20,BTC,GBTC,-33.5
2025-02-20,BTC,BTC,-61.1
2025-02-20,BTC,Total,-364.8
2025-02-21,BTC,IBIT,21.6
2025-02-21,BTC,FBTC,-12.5
2025-02-21,BTC,BITB,-16.6
2025-02-21,BTC,ARKB,0.0
2025-02-21,BTC,BTCO,0.0
2025-02-21,BTC,EZBC,0.0
2025-02-21,BTC,BRRR,0.0
2025-02-21,BTC,HODL,4.7
2025-02-21,BTC,BTCW,0.0
2025-02-21,BTC,MSBT,
2025-02-21,BTC,GBTC,-60.1
2025-02-21,BTC,BTC,0.0
2025-02-21,BTC,Total,-62.9
2025-02-24,BTC,IBIT,-158.6
2025-02-24,BTC,FBTC,-247.0
2025-02-24,BTC,BITB,-10.3
2025-02-24,BTC,ARKB,-22.6
2025-02-24,BTC,BTCO,-15.0
2025-02-24,BTC,EZBC,0.0
2025-02-24,BTC,BRRR,-26.9
2025-02-24,BTC,HODL,-7.3
2025-02-24,BTC,BTCW,-12.5
2025-02-24,BTC,MSBT,
2025-02-24,BTC,GBTC,-59.5
2025-02-24,BTC,BTC,-6.2
2025-02-24,BTC,Total,-565.9
2025-02-25,BTC,IBIT,-164.4
2025-02-25,BTC,FBTC,-344.7
2025-02-25,BTC,BITB,-88.3
2025-02-25,BTC,ARKB,-126.2
2025-02-25,BTC,BTCO,-62.0
2025-02-25,BTC,EZBC,-74.1
2025-02-25,BTC,BRRR,-74.8
2025-02-25,BTC,HODL,-10.0
2025-02-25,BTC,BTCW,-17.3
2025-02-25,BTC,MSBT,
2025-02-25,BTC,GBTC,-66.1
2025-02-25,BTC,BTC,-85.8
2025-02-25,BTC,Total,-1113.7
2025-02-26,BTC,IBIT,-418.1
2025-02-26,BTC,FBTC,-145.7
2025-02-26,BTC,BITB,-13.6
2025-02-26,BTC,ARKB,-60.5
2025-02-26,BTC,BTCO,-16.8
2025-02-26,BTC,EZBC,-9.7
2025-02-26,BTC,BRRR,-3.2
2025-02-26,BTC,HODL,0.0
2025-02-26,BTC,BTCW,-11.5
2025-02-26,BTC,MSBT,
2025-02-26,BTC,GBTC,-22.7
2025-02-26,BTC,BTC,-56.0
2025-02-26,BTC,Total,-757.8
2025-02-27,BTC,IBIT,-189.0
2025-02-27,BTC,FBTC,-7.3
2025-02-27,BTC,BITB,17.6
2025-02-27,BTC,ARKB,0.0
2025-02-27,BTC,BTCO,0.0
2025-02-27,BTC,EZBC,-7.2
2025-02-27,BTC,BRRR,-12.8
2025-02-27,BTC,HODL,-10.6
2025-02-27,BTC,BTCW,-53.8
2025-02-27,BTC,MSBT,
2025-02-27,BTC,GBTC,-7.3
2025-02-27,BTC,BTC,-5.5
2025-02-27,BTC,Total,-275.9
2025-02-28,BTC,IBIT,-244.6
2025-02-28,BTC,FBTC,176.0
2025-02-28,BTC,BITB,4.6
2025-02-28,BTC,ARKB,193.7
2025-02-28,BTC,BTCO,0.0
2025-02-28,BTC,EZBC,0.0
2025-02-28,BTC,BRRR,0.0
2025-02-28,BTC,HODL,-7.7
2025-02-28,BTC,BTCW,0.0
2025-02-28,BTC,MSBT,
2025-02-28,BTC,GBTC,-33.3
2025-02-28,BTC,BTC,5.6
2025-02-28,BTC,Total,94.3
2025-03-03,BTC,IBIT,-78.0
2025-03-03,BTC,FBTC,0.0
2025-03-03,BTC,BITB,0.0
2025-03-03,BTC,ARKB,58.2
2025-03-03,BTC,BTCO,0.0
2025-03-03,BTC,EZBC,0.0
2025-03-03,BTC,BRRR,0.0
2025-03-03,BTC,HODL,0.0
2025-03-03,BTC,BTCW,0.0
2025-03-03,BTC,MSBT,
2025-03-03,BTC,GBTC,-54.4
2025-03-03,BTC,BTC,0.0
2025-03-03,BTC,Total,-74.2
2025-03-04,BTC,IBIT,0.0
2025-03-04,BTC,FBTC,-46.1
2025-03-04,BTC,BITB,-24.0
2025-03-04,BTC,ARKB,-43.9
2025-03-04,BTC,BTCO,-16.5
2025-03-04,BTC,EZBC,-35.7
2025-03-04,BTC,BRRR,0.0
2025-03-04,BTC,HODL,0.0
2025-03-04,BTC,BTCW,-13.1
2025-03-04,BTC,MSBT,
2025-03-04,BTC,GBTC,0.0
2025-03-04,BTC,BTC,35.8
2025-03-04,BTC,Total,-143.5
2025-03-05,BTC,IBIT,38.9
2025-03-05,BTC,FBTC,0.0
2025-03-05,BTC,BITB,-6.9
2025-03-05,BTC,ARKB,0.0
2025-03-05,BTC,BTCO,-9.9
2025-03-05,BTC,EZBC,0.0
2025-03-05,BTC,BRRR,-60.4
2025-03-05,BTC,HODL,0.0
2025-03-05,BTC,BTCW,0.0
2025-03-05,BTC,MSBT,
2025-03-05,BTC,GBTC,0.0
2025-03-05,BTC,BTC,0.0
2025-03-05,BTC,Total,-38.3
2025-03-06,BTC,IBIT,-50.6
2025-03-06,BTC,FBTC,0.0
2025-03-06,BTC,BITB,0.0
2025-03-06,BTC,ARKB,-17.8
2025-03-06,BTC,BTCO,0.0
2025-03-06,BTC,EZBC,-18.0
2025-03-06,BTC,BRRR,0.0
2025-03-06,BTC,HODL,-8.2
2025-03-06,BTC,BTCW,-5.2
2025-03-06,BTC,MSBT,
2025-03-06,BTC,GBTC,-34.5
2025-03-06,BTC,BTC,0.0
2025-03-06,BTC,Total,-134.3
2025-03-07,BTC,IBIT,-39.9
2025-03-07,BTC,FBTC,-154.9
2025-03-07,BTC,BITB,-18.6
2025-03-07,BTC,ARKB,-160.0
2025-03-07,BTC,BTCO,0.0
2025-03-07,BTC,EZBC,0.0
2025-03-07,BTC,BRRR,0.0
2025-03-07,BTC,HODL,0.6
2025-03-07,BTC,BTCW,0.0
2025-03-07,BTC,MSBT,
2025-03-07,BTC,GBTC,-36.5
2025-03-07,BTC,BTC,0.0
2025-03-07,BTC,Total,-409.3
2025-03-10,BTC,IBIT,-89.2
2025-03-10,BTC,FBTC,-134.0
2025-03-10,BTC,BITB,-6.8
2025-03-10,BTC,ARKB,-90.9
2025-03-10,BTC,BTCO,-14.2
2025-03-10,BTC,EZBC,-13.6
2025-03-10,BTC,BRRR,-3.2
2025-03-10,BTC,HODL,0.0
2025-03-10,BTC,BTCW,0.0
2025-03-10,BTC,MSBT,
2025-03-10,BTC,GBTC,-20.6
2025-03-10,BTC,BTC,0.0
2025-03-10,BTC,Total,-372.5
2025-03-11,BTC,IBIT,-151.3
2025-03-11,BTC,FBTC,-107.1
2025-03-11,BTC,BITB,-9.1
2025-03-11,BTC,ARKB,0.0
2025-03-11,BTC,BTCO,-14.9
2025-03-11,BTC,EZBC,-33.7
2025-03-11,BTC,BRRR,-28.7
2025-03-11,BTC,HODL,-0.6
2025-03-11,BTC,BTCW,-15.4
2025-03-11,BTC,MSBT,
2025-03-11,BTC,GBTC,-35.5
2025-03-11,BTC,BTC,0.0
2025-03-11,BTC,Total,-396.3
2025-03-12,BTC,IBIT,-47.1
2025-03-12,BTC,FBTC,0.0
2025-03-12,BTC,BITB,0.0
2025-03-12,BTC,ARKB,82.6
2025-03-12,BTC,BTCO,-12.4
2025-03-12,BTC,EZBC,0.0
2025-03-12,BTC,BRRR,0.0
2025-03-12,BTC,HODL,0.0
2025-03-12,BTC,BTCW,-3.5
2025-03-12,BTC,MSBT,
2025-03-12,BTC,GBTC,-11.8
2025-03-12,BTC,BTC,5.5
2025-03-12,BTC,Total,13.3
2025-03-13,BTC,IBIT,45.7
2025-03-13,BTC,FBTC,-75.5
2025-03-13,BTC,BITB,-11.0
2025-03-13,BTC,ARKB,-60.2
2025-03-13,BTC,BTCO,0.0
2025-03-13,BTC,EZBC,-7.0
2025-03-13,BTC,BRRR,-8.2
2025-03-13,BTC,HODL,0.0
2025-03-13,BTC,BTCW,-14.5
2025-03-13,BTC,MSBT,
2025-03-13,BTC,GBTC,-12.7
2025-03-13,BTC,BTC,0.0
2025-03-13,BTC,Total,-143.4
2025-03-14,BTC,IBIT,-96.2
2025-03-14,BTC,FBTC,9.2
2025-03-14,BTC,BITB,23.0
2025-03-14,BTC,ARKB,100.5
2025-03-14,BTC,BTCO,0.0
2025-03-14,BTC,EZBC,0.0
2025-03-14,BTC,BRRR,0.0
2025-03-14,BTC,HODL,4.8
2025-03-14,BTC,BTCW,0.0
2025-03-14,BTC,MSBT,
2025-03-14,BTC,GBTC,0.0
2025-03-14,BTC,BTC,0.0
2025-03-14,BTC,Total,41.3
2025-03-17,BTC,IBIT,42.3
2025-03-17,BTC,FBTC,127.3
2025-03-17,BTC,BITB,2.3
2025-03-17,BTC,ARKB,88.5
2025-03-17,BTC,BTCO,0.0
2025-03-17,BTC,EZBC,0.0
2025-03-17,BTC,BRRR,0.0
2025-03-17,BTC,HODL,0.0
2025-03-17,BTC,BTCW,0.0
2025-03-17,BTC,MSBT,
2025-03-17,BTC,GBTC,0.0
2025-03-17,BTC,BTC,14.2
2025-03-17,BTC,Total,274.6
2025-03-18,BTC,IBIT,218.1
2025-03-18,BTC,FBTC,0.0
2025-03-18,BTC,BITB,0.0
2025-03-18,BTC,ARKB,-9.0
2025-03-18,BTC,BTCO,0.0
2025-03-18,BTC,EZBC,0.0
2025-03-18,BTC,BRRR,0.0
2025-03-18,BTC,HODL,0.0
2025-03-18,BTC,BTCW,0.0
2025-03-18,BTC,MSBT,
2025-03-18,BTC,GBTC,0.0
2025-03-18,BTC,BTC,0.0
2025-03-18,BTC,Total,209.1
2025-03-19,BTC,IBIT,0.0
2025-03-19,BTC,FBTC,0.0
2025-03-19,BTC,BITB,12.1
2025-03-19,BTC,ARKB,0.0
2025-03-19,BTC,BTCO,-10.2
2025-03-19,BTC,EZBC,0.0
2025-03-19,BTC,BRRR,0.0
2025-03-19,BTC,HODL,0.0
2025-03-19,BTC,BTCW,0.0
2025-03-19,BTC,MSBT,
2025-03-19,BTC,GBTC,5.4
2025-03-19,BTC,BTC,4.5
2025-03-19,BTC,Total,11.8
2025-03-20,BTC,IBIT,172.1
2025-03-20,BTC,FBTC,9.2
2025-03-20,BTC,BITB,-17.4
2025-03-20,BTC,ARKB,0.0
2025-03-20,BTC,BTCO,0.0
2025-03-20,BTC,EZBC,-7.3
2025-03-20,BTC,BRRR,0.0
2025-03-20,BTC,HODL,11.9
2025-03-20,BTC,BTCW,0.0
2025-03-20,BTC,MSBT,
2025-03-20,BTC,GBTC,-8.0
2025-03-20,BTC,BTC,5.2
2025-03-20,BTC,Total,165.7
2025-03-21,BTC,IBIT,105.0
2025-03-21,BTC,FBTC,0.0
2025-03-21,BTC,BITB,0.0
2025-03-21,BTC,ARKB,0.0
2025-03-21,BTC,BTCO,0.0
2025-03-21,BTC,EZBC,0.0
2025-03-21,BTC,BRRR,0.0
2025-03-21,BTC,HODL,0.0
2025-03-21,BTC,BTCW,0.0
2025-03-21,BTC,MSBT,
2025-03-21,BTC,GBTC,-21.9
2025-03-21,BTC,BTC,0.0
2025-03-21,BTC,Total,83.1
2025-03-24,BTC,IBIT,18.1
2025-03-24,BTC,FBTC,82.9
2025-03-24,BTC,BITB,19.2
2025-03-24,BTC,ARKB,-41.0
2025-03-24,BTC,BTCO,0.0
2025-03-24,BTC,EZBC,0.0
2025-03-24,BTC,BRRR,-4.5
2025-03-24,BTC,HODL,5.0
2025-03-24,BTC,BTCW,0.0
2025-03-24,BTC,MSBT,
2025-03-24,BTC,GBTC,0.0
2025-03-24,BTC,BTC,0.0
2025-03-24,BTC,Total,79.7
2025-03-25,BTC,IBIT,42.0
2025-03-25,BTC,FBTC,0.0
2025-03-25,BTC,BITB,-10.1
2025-03-25,BTC,ARKB,0.0
2025-03-25,BTC,BTCO,0.0
2025-03-25,BTC,EZBC,0.0
2025-03-25,BTC,BRRR,0.0
2025-03-25,BTC,HODL,0.0
2025-03-25,BTC,BTCW,-5.1
2025-03-25,BTC,MSBT,
2025-03-25,BTC,GBTC,0.0
2025-03-25,BTC,BTC,0.0
2025-03-25,BTC,Total,26.8
2025-03-26,BTC,IBIT,107.9
2025-03-26,BTC,FBTC,0.0
2025-03-26,BTC,BITB,-18.3
2025-03-26,BTC,ARKB,0.0
2025-03-26,BTC,BTCO,0.0
2025-03-26,BTC,EZBC,0.0
2025-03-26,BTC,BRRR,0.0
2025-03-26,BTC,HODL,0.0
2025-03-26,BTC,BTCW,0.0
2025-03-26,BTC,MSBT,
2025-03-26,BTC,GBTC,0.0
2025-03-26,BTC,BTC,0.0
2025-03-26,BTC,Total,89.6
2025-03-27,BTC,IBIT,4.0
2025-03-27,BTC,FBTC,97.1
2025-03-27,BTC,BITB,0.0
2025-03-27,BTC,ARKB,0.0
2025-03-27,BTC,BTCO,-7.0
2025-03-27,BTC,EZBC,0.0
2025-03-27,BTC,BRRR,-7.3
2025-03-27,BTC,HODL,0.0
2025-03-27,BTC,BTCW,-5.1
2025-03-27,BTC,MSBT,
2025-03-27,BTC,GBTC,0.0
2025-03-27,BTC,BTC,0.0
2025-03-27,BTC,Total,81.7
2025-03-28,BTC,IBIT,0.0
2025-03-28,BTC,FBTC,-93.2
2025-03-28,BTC,BITB,0.0
2025-03-28,BTC,ARKB,0.0
2025-03-28,BTC,BTCO,0.0
2025-03-28,BTC,EZBC,0.0
2025-03-28,BTC,BRRR,-1.7
2025-03-28,BTC,HODL,0.0
2025-03-28,BTC,BTCW,0.0
2025-03-28,BTC,MSBT,
2025-03-28,BTC,GBTC,0.0
2025-03-28,BTC,BTC,0.0
2025-03-28,BTC,Total,-94.9
2025-03-31,BTC,IBIT,15.1
2025-03-31,BTC,FBTC,0.0
2025-03-31,BTC,BITB,-19.9
2025-03-31,BTC,ARKB,-23.2
2025-03-31,BTC,BTCO,0.0
2025-03-31,BTC,EZBC,0.0
2025-03-31,BTC,BRRR,-10.6
2025-03-31,BTC,HODL,0.0
2025-03-31,BTC,BTCW,-32.6
2025-03-31,BTC,MSBT,
2025-03-31,BTC,GBTC,0.0
2025-03-31,BTC,BTC,0.0
2025-03-31,BTC,Total,-71.2
2025-04-01,BTC,IBIT,0.0
2025-04-01,BTC,FBTC,-85.4
2025-04-01,BTC,BITB,24.5
2025-04-01,BTC,ARKB,-87.4
2025-04-01,BTC,BTCO,0.0
2025-04-01,BTC,EZBC,7.4
2025-04-01,BTC,BRRR,0.0
2025-04-01,BTC,HODL,0.0
2025-04-01,BTC,BTCW,-6.8
2025-04-01,BTC,MSBT,
2025-04-01,BTC,GBTC,-10.1
2025-04-01,BTC,BTC,0.0
2025-04-01,BTC,Total,-157.8
2025-04-02,BTC,IBIT,-115.9
2025-04-02,BTC,FBTC,118.8
2025-04-02,BTC,BITB,33.4
2025-04-02,BTC,ARKB,130.2
2025-04-02,BTC,BTCO,0.0
2025-04-02,BTC,EZBC,10.0
2025-04-02,BTC,BRRR,2.7
2025-04-02,BTC,HODL,7.3
2025-04-02,BTC,BTCW,0.0
2025-04-02,BTC,MSBT,
2025-04-02,BTC,GBTC,0.0
2025-04-02,BTC,BTC,34.3
2025-04-02,BTC,Total,220.8
2025-04-03,BTC,IBIT,65.3
2025-04-03,BTC,FBTC,-23.3
2025-04-03,BTC,BITB,-44.2
2025-04-03,BTC,ARKB,-20.0
2025-04-03,BTC,BTCO,0.0
2025-04-03,BTC,EZBC,0.0
2025-04-03,BTC,BRRR,0.0
2025-04-03,BTC,HODL,-12.2
2025-04-03,BTC,BTCW,-5.2
2025-04-03,BTC,MSBT,
2025-04-03,BTC,GBTC,-60.2
2025-04-03,BTC,BTC,0.0
2025-04-03,BTC,Total,-99.8
2025-04-04,BTC,IBIT,0.0
2025-04-04,BTC,FBTC,0.0
2025-04-04,BTC,BITB,-17.9
2025-04-04,BTC,ARKB,-21.8
2025-04-04,BTC,BTCO,0.0
2025-04-04,BTC,EZBC,0.0
2025-04-04,BTC,BRRR,0.0
2025-04-04,BTC,HODL,0.0
2025-04-04,BTC,BTCW,0.0
2025-04-04,BTC,MSBT,
2025-04-04,BTC,GBTC,-25.2
2025-04-04,BTC,BTC,0.0
2025-04-04,BTC,Total,-64.9
2025-04-07,BTC,IBIT,0.0
2025-04-07,BTC,FBTC,0.0
2025-04-07,BTC,BITB,0.0
2025-04-07,BTC,ARKB,-4.7
2025-04-07,BTC,BTCO,-12.9
2025-04-07,BTC,EZBC,0.0
2025-04-07,BTC,BRRR,-5.3
2025-04-07,BTC,HODL,-6.1
2025-04-07,BTC,BTCW,-6.2
2025-04-07,BTC,MSBT,
2025-04-07,BTC,GBTC,-74.0
2025-04-07,BTC,BTC,0.0
2025-04-07,BTC,Total,-109.2
2025-04-08,BTC,IBIT,-252.9
2025-04-08,BTC,FBTC,0.0
2025-04-08,BTC,BITB,-21.7
2025-04-08,BTC,ARKB,-19.9
2025-04-08,BTC,BTCO,-6.9
2025-04-08,BTC,EZBC,-8.9
2025-04-08,BTC,BRRR,-1.7
2025-04-08,BTC,HODL,0.0
2025-04-08,BTC,BTCW,0.0
2025-04-08,BTC,MSBT,
2025-04-08,BTC,GBTC,-8.5
2025-04-08,BTC,BTC,-7.5
2025-04-08,BTC,Total,-328.0
2025-04-09,BTC,IBIT,-89.7
2025-04-09,BTC,FBTC,0.0
2025-04-09,BTC,BITB,6.7
2025-04-09,BTC,ARKB,0.0
2025-04-09,BTC,BTCO,0.0
2025-04-09,BTC,EZBC,0.0
2025-04-09,BTC,BRRR,0.0
2025-04-09,BTC,HODL,-4.7
2025-04-09,BTC,BTCW,-5.7
2025-04-09,BTC,MSBT,
2025-04-09,BTC,GBTC,-33.8
2025-04-09,BTC,BTC,0.0
2025-04-09,BTC,Total,-127.2
2025-04-10,BTC,IBIT,0.0
2025-04-10,BTC,FBTC,-74.6
2025-04-10,BTC,BITB,-10.8
2025-04-10,BTC,ARKB,-12.7
2025-04-10,BTC,BTCO,-7.5
2025-04-10,BTC,EZBC,-9.2
2025-04-10,BTC,BRRR,0.0
2025-04-10,BTC,HODL,0.0
2025-04-10,BTC,BTCW,0.0
2025-04-10,BTC,MSBT,
2025-04-10,BTC,GBTC,-44.6
2025-04-10,BTC,BTC,9.9
2025-04-10,BTC,Total,-149.5
2025-04-11,BTC,IBIT,0.0
2025-04-11,BTC,FBTC,0.0
2025-04-11,BTC,BITB,-12.3
2025-04-11,BTC,ARKB,11.3
2025-04-11,BTC,BTCO,0.0
2025-04-11,BTC,EZBC,0.0
2025-04-11,BTC,BRRR,0.0
2025-04-11,BTC,HODL,0.0
2025-04-11,BTC,BTCW,0.0
2025-04-11,BTC,MSBT,
2025-04-11,BTC,GBTC,0.0
2025-04-11,BTC,BTC,0.0
2025-04-11,BTC,Total,-1.0
2025-04-14,BTC,IBIT,36.7
2025-04-14,BTC,FBTC,-35.2
2025-04-14,BTC,BITB,0.0
2025-04-14,BTC,ARKB,0.0
2025-04-14,BTC,BTCO,0.0
2025-04-14,BTC,EZBC,0.0
2025-04-14,BTC,BRRR,0.0
2025-04-14,BTC,HODL,0.0
2025-04-14,BTC,BTCW,0.0
2025-04-14,BTC,MSBT,
2025-04-14,BTC,GBTC,0.0
2025-04-14,BTC,BTC,0.0
2025-04-14,BTC,Total,1.5
2025-04-15,BTC,IBIT,38.2
2025-04-15,BTC,FBTC,0.0
2025-04-15,BTC,BITB,11.0
2025-04-15,BTC,ARKB,13.4
2025-04-15,BTC,BTCO,0.0
2025-04-15,BTC,EZBC,4.9
2025-04-15,BTC,BRRR,0.0
2025-04-15,BTC,HODL,0.0
2025-04-15,BTC,BTCW,0.0
2025-04-15,BTC,MSBT,
2025-04-15,BTC,GBTC,0.0
2025-04-15,BTC,BTC,8.9
2025-04-15,BTC,Total,76.4
2025-04-16,BTC,IBIT,30.6
2025-04-16,BTC,FBTC,-113.8
2025-04-16,BTC,BITB,12.8
2025-04-16,BTC,ARKB,-113.2
2025-04-16,BTC,BTCO,6.7
2025-04-16,BTC,EZBC,0.0
2025-04-16,BTC,BRRR,1.3
2025-04-16,BTC,HODL,2.4
2025-04-16,BTC,BTCW,0.0
2025-04-16,BTC,MSBT,
2025-04-16,BTC,GBTC,0.0
2025-04-16,BTC,BTC,3.4
2025-04-16,BTC,Total,-169.8
2025-04-17,BTC,IBIT,81.0
2025-04-17,BTC,FBTC,25.9
2025-04-17,BTC,BITB,0.0
2025-04-17,BTC,ARKB,0.0
2025-04-17,BTC,BTCO,0.0
2025-04-17,BTC,EZBC,0.0
2025-04-17,BTC,BRRR,0.0
2025-04-17,BTC,HODL,0.0
2025-04-17,BTC,BTCW,0.0
2025-04-17,BTC,MSBT,
2025-04-17,BTC,GBTC,0.0
2025-04-17,BTC,BTC,0.0
2025-04-17,BTC,Total,106.9
2025-04-18,BTC,IBIT,
2025-04-18,BTC,FBTC,
2025-04-18,BTC,BITB,
2025-04-18,BTC,ARKB,
2025-04-18,BTC,BTCO,
2025-04-18,BTC,EZBC,
2025-04-18,BTC,BRRR,
2025-04-18,BTC,HODL,
2025-04-18,BTC,BTCW,
2025-04-18,BTC,MSBT,
2025-04-18,BTC,GBTC,
2025-04-18,BTC,BTC,
2025-04-18,BTC,Total,0.0
2025-04-21,BTC,IBIT,41.6
2025-04-21,BTC,FBTC,87.6
2025-04-21,BTC,BITB,45.1
2025-04-21,BTC,ARKB,116.1
2025-04-21,BTC,BTCO,0.0
2025-04-21,BTC,EZBC,10.1
2025-04-21,BTC,BRRR,6.1
2025-04-21,BTC,HODL,11.7
2025-04-21,BTC,BTCW,0.0
2025-04-21,BTC,MSBT,
2025-04-21,BTC,GBTC,36.6
2025-04-21,BTC,BTC,32.5
2025-04-21,BTC,Total,387.4
2025-04-22,BTC,IBIT,193.5
2025-04-22,BTC,FBTC,253.8
2025-04-22,BTC,BITB,76.7
2025-04-22,BTC,ARKB,267.1
2025-04-22,BTC,BTCO,18.3
2025-04-22,BTC,EZBC,10.6
2025-04-22,BTC,BRRR,23.8
2025-04-22,BTC,HODL,6.5
2025-04-22,BTC,BTCW,0.0
2025-04-22,BTC,MSBT,
2025-04-22,BTC,GBTC,65.1
2025-04-22,BTC,BTC,21.1
2025-04-22,BTC,Total,936.5
2025-04-23,BTC,IBIT,643.2
2025-04-23,BTC,FBTC,124.4
2025-04-23,BTC,BITB,-15.2
2025-04-23,BTC,ARKB,129.5
2025-04-23,BTC,BTCO,0.0
2025-04-23,BTC,EZBC,0.0
2025-04-23,BTC,BRRR,0.0
2025-04-23,BTC,HODL,5.3
2025-04-23,BTC,BTCW,0.0
2025-04-23,BTC,MSBT,
2025-04-23,BTC,GBTC,0.0
2025-04-23,BTC,BTC,29.8
2025-04-23,BTC,Total,917.0
2025-04-24,BTC,IBIT,327.3
2025-04-24,BTC,FBTC,0.0
2025-04-24,BTC,BITB,10.2
2025-04-24,BTC,ARKB,97.0
2025-04-24,BTC,BTCO,7.5
2025-04-24,BTC,EZBC,0.0
2025-04-24,BTC,BRRR,0.0
2025-04-24,BTC,HODL,0.0
2025-04-24,BTC,BTCW,0.0
2025-04-24,BTC,MSBT,
2025-04-24,BTC,GBTC,0.0
2025-04-24,BTC,BTC,0.0
2025-04-24,BTC,Total,442.0
2025-04-25,BTC,IBIT,240.1
2025-04-25,BTC,FBTC,108.0
2025-04-25,BTC,BITB,0.0
2025-04-25,BTC,ARKB,11.4
2025-04-25,BTC,BTCO,0.0
2025-04-25,BTC,EZBC,0.0
2025-04-25,BTC,BRRR,0.0
2025-04-25,BTC,HODL,8.1
2025-04-25,BTC,BTCW,0.0
2025-04-25,BTC,MSBT,
2025-04-25,BTC,GBTC,-7.5
2025-04-25,BTC,BTC,19.9
2025-04-25,BTC,Total,380.0
2025-04-28,BTC,IBIT,970.9
2025-04-28,BTC,FBTC,-86.9
2025-04-28,BTC,BITB,-21.1
2025-04-28,BTC,ARKB,-226.3
2025-04-28,BTC,BTCO,0.0
2025-04-28,BTC,EZBC,0.0
2025-04-28,BTC,BRRR,0.0
2025-04-28,BTC,HODL,-2.7
2025-04-28,BTC,BTCW,0.0
2025-04-28,BTC,MSBT,
2025-04-28,BTC,GBTC,-42.7
2025-04-28,BTC,BTC,0.0
2025-04-28,BTC,Total,591.2
2025-04-29,BTC,IBIT,216.7
2025-04-29,BTC,FBTC,-6.2
2025-04-29,BTC,BITB,-24.4
2025-04-29,BTC,ARKB,-13.3
2025-04-29,BTC,BTCO,0.0
2025-04-29,BTC,EZBC,0.0
2025-04-29,BTC,BRRR,0.0
2025-04-29,BTC,HODL,0.0
2025-04-29,BTC,BTCW,0.0
2025-04-29,BTC,MSBT,
2025-04-29,BTC,GBTC,0.0
2025-04-29,BTC,BTC,0.0
2025-04-29,BTC,Total,172.8
2025-04-30,BTC,IBIT,267.0
2025-04-30,BTC,FBTC,-137.5
2025-04-30,BTC,BITB,-23.0
2025-04-30,BTC,ARKB,-130.8
2025-04-30,BTC,BTCO,0.0
2025-04-30,BTC,EZBC,0.0
2025-04-30,BTC,BRRR,0.0
2025-04-30,BTC,HODL,0.0
2025-04-30,BTC,BTCW,0.0
2025-04-30,BTC,MSBT,
2025-04-30,BTC,GBTC,-32.0
2025-04-30,BTC,BTC,0.0
2025-04-30,BTC,Total,-56.3
2025-05-01,BTC,IBIT,351.4
2025-05-01,BTC,FBTC,29.5
2025-05-01,BTC,BITB,38.4
2025-05-01,BTC,ARKB,-87.2
2025-05-01,BTC,BTCO,10.6
2025-05-01,BTC,EZBC,0.0
2025-05-01,BTC,BRRR,0.0
2025-05-01,BTC,HODL,21.9
2025-05-01,BTC,BTCW,0.0
2025-05-01,BTC,MSBT,
2025-05-01,BTC,GBTC,16.0
2025-05-01,BTC,BTC,41.9
2025-05-01,BTC,Total,422.5
2025-05-02,BTC,IBIT,674.9
2025-05-02,BTC,FBTC,0.0
2025-05-02,BTC,BITB,0.0
2025-05-02,BTC,ARKB,0.0
2025-05-02,BTC,BTCO,0.0
2025-05-02,BTC,EZBC,0.0
2025-05-02,BTC,BRRR,0.0
2025-05-02,BTC,HODL,0.0
2025-05-02,BTC,BTCW,0.0
2025-05-02,BTC,MSBT,
2025-05-02,BTC,GBTC,0.0
2025-05-02,BTC,BTC,0.0
2025-05-02,BTC,Total,674.9
2025-05-05,BTC,IBIT,531.2
2025-05-05,BTC,FBTC,-57.8
2025-05-05,BTC,BITB,-22.7
2025-05-05,BTC,ARKB,-6.1
2025-05-05,BTC,BTCO,0.0
2025-05-05,BTC,EZBC,-2.7
2025-05-05,BTC,BRRR,0.0
2025-05-05,BTC,HODL,0.0
2025-05-05,BTC,BTCW,0.0
2025-05-05,BTC,MSBT,
2025-05-05,BTC,GBTC,-16.4
2025-05-05,BTC,BTC,0.0
2025-05-05,BTC,Total,425.5
2025-05-06,BTC,IBIT,36.7
2025-05-06,BTC,FBTC,0.0
2025-05-06,BTC,BITB,0.0
2025-05-06,BTC,ARKB,-16.1
2025-05-06,BTC,BTCO,0.0
2025-05-06,BTC,EZBC,-8.3
2025-05-06,BTC,BRRR,0.0
2025-05-06,BTC,HODL,-8.1
2025-05-06,BTC,BTCW,0.0
2025-05-06,BTC,MSBT,
2025-05-06,BTC,GBTC,-89.9
2025-05-06,BTC,BTC,0.0
2025-05-06,BTC,Total,-85.7
2025-05-07,BTC,IBIT,37.2
2025-05-07,BTC,FBTC,39.9
2025-05-07,BTC,BITB,10.5
2025-05-07,BTC,ARKB,54.7
2025-05-07,BTC,BTCO,0.0
2025-05-07,BTC,EZBC,0.0
2025-05-07,BTC,BRRR,0.0
2025-05-07,BTC,HODL,0.0
2025-05-07,BTC,BTCW,0.0
2025-05-07,BTC,MSBT,
2025-05-07,BTC,GBTC,0.0
2025-05-07,BTC,BTC,0.0
2025-05-07,BTC,Total,142.3
2025-05-08,BTC,IBIT,69.0
2025-05-08,BTC,FBTC,35.3
2025-05-08,BTC,BITB,0.0
2025-05-08,BTC,ARKB,13.1
2025-05-08,BTC,BTCO,0.0
2025-05-08,BTC,EZBC,0.0
2025-05-08,BTC,BRRR,0.0
2025-05-08,BTC,HODL,0.0
2025-05-08,BTC,BTCW,0.0
2025-05-08,BTC,MSBT,
2025-05-08,BTC,GBTC,0.0
2025-05-08,BTC,BTC,0.0
2025-05-08,BTC,Total,117.4
2025-05-09,BTC,IBIT,356.2
2025-05-09,BTC,FBTC,45.0
2025-05-09,BTC,BITB,-14.6
2025-05-09,BTC,ARKB,0.0
2025-05-09,BTC,BTCO,0.0
2025-05-09,BTC,EZBC,0.0
2025-05-09,BTC,BRRR,0.0
2025-05-09,BTC,HODL,13.1
2025-05-09,BTC,BTCW,0.0
2025-05-09,BTC,MSBT,
2025-05-09,BTC,GBTC,-65.2
2025-05-09,BTC,BTC,0.0
2025-05-09,BTC,Total,334.5
2025-05-12,BTC,IBIT,69.4
2025-05-12,BTC,FBTC,-11.1
2025-05-12,BTC,BITB,-17.7
2025-05-12,BTC,ARKB,0.0
2025-05-12,BTC,BTCO,-2.5
2025-05-12,BTC,EZBC,0.0
2025-05-12,BTC,BRRR,0.0
2025-05-12,BTC,HODL,0.0
2025-05-12,BTC,BTCW,0.0
2025-05-12,BTC,MSBT,
2025-05-12,BTC,GBTC,-32.9
2025-05-12,BTC,BTC,0.0
2025-05-12,BTC,Total,5.2
2025-05-13,BTC,IBIT,0.0
2025-05-13,BTC,FBTC,-91.4
2025-05-13,BTC,BITB,0.0
2025-05-13,BTC,ARKB,0.0
2025-05-13,BTC,BTCO,0.0
2025-05-13,BTC,EZBC,0.0
2025-05-13,BTC,BRRR,0.0
2025-05-13,BTC,HODL,0.0
2025-05-13,BTC,BTCW,0.0
2025-05-13,BTC,MSBT,
2025-05-13,BTC,GBTC,0.0
2025-05-13,BTC,BTC,0.0
2025-05-13,BTC,Total,-91.4
2025-05-14,BTC,IBIT,232.9
2025-05-14,BTC,FBTC,36.1
2025-05-14,BTC,BITB,2.8
2025-05-14,BTC,ARKB,5.2
2025-05-14,BTC,BTCO,0.0
2025-05-14,BTC,EZBC,0.0
2025-05-14,BTC,BRRR,0.0
2025-05-14,BTC,HODL,7.3
2025-05-14,BTC,BTCW,0.0
2025-05-14,BTC,MSBT,
2025-05-14,BTC,GBTC,0.0
2025-05-14,BTC,BTC,35.2
2025-05-14,BTC,Total,319.5
2025-05-15,BTC,IBIT,409.7
2025-05-15,BTC,FBTC,-123.7
2025-05-15,BTC,BITB,0.0
2025-05-15,BTC,ARKB,-132.0
2025-05-15,BTC,BTCO,0.0
2025-05-15,BTC,EZBC,0.0
2025-05-15,BTC,BRRR,0.0
2025-05-15,BTC,HODL,0.0
2025-05-15,BTC,BTCW,0.0
2025-05-15,BTC,MSBT,
2025-05-15,BTC,GBTC,-39.1
2025-05-15,BTC,BTC,0.0
2025-05-15,BTC,Total,114.9
2025-05-16,BTC,IBIT,129.7
2025-05-16,BTC,FBTC,67.9
2025-05-16,BTC,BITB,0.0
2025-05-16,BTC,ARKB,58.0
2025-05-16,BTC,BTCO,0.0
2025-05-16,BTC,EZBC,0.0
2025-05-16,BTC,BRRR,0.0
2025-05-16,BTC,HODL,0.0
2025-05-16,BTC,BTCW,0.0
2025-05-16,BTC,MSBT,
2025-05-16,BTC,GBTC,0.0
2025-05-16,BTC,BTC,4.6
2025-05-16,BTC,Total,260.2
2025-05-19,BTC,IBIT,305.9
2025-05-19,BTC,FBTC,188.1
2025-05-19,BTC,BITB,16.0
2025-05-19,BTC,ARKB,155.3
2025-05-19,BTC,BTCO,-5.3
2025-05-19,BTC,EZBC,0.0
2025-05-19,BTC,BRRR,0.0
2025-05-19,BTC,HODL,7.4
2025-05-19,BTC,BTCW,0.0
2025-05-19,BTC,MSBT,
2025-05-19,BTC,GBTC,0.0
2025-05-19,BTC,BTC,0.0
2025-05-19,BTC,Total,667.4
2025-05-20,BTC,IBIT,287.5
2025-05-20,BTC,FBTC,23.3
2025-05-20,BTC,BITB,5.8
2025-05-20,BTC,ARKB,6.4
2025-05-20,BTC,BTCO,0.0
2025-05-20,BTC,EZBC,0.0
2025-05-20,BTC,BRRR,0.0
2025-05-20,BTC,HODL,0.0
2025-05-20,BTC,BTCW,0.0
2025-05-20,BTC,MSBT,
2025-05-20,BTC,GBTC,0.0
2025-05-20,BTC,BTC,6.2
2025-05-20,BTC,Total,329.2
2025-05-21,BTC,IBIT,530.6
2025-05-21,BTC,FBTC,23.5
2025-05-21,BTC,BITB,20.5
2025-05-21,BTC,ARKB,4.3
2025-05-21,BTC,BTCO,0.0
2025-05-21,BTC,EZBC,0.0
2025-05-21,BTC,BRRR,0.0
2025-05-21,BTC,HODL,6.1
2025-05-21,BTC,BTCW,0.0
2025-05-21,BTC,MSBT,
2025-05-21,BTC,GBTC,0.0
2025-05-21,BTC,BTC,22.1
2025-05-21,BTC,Total,607.1
2025-05-22,BTC,IBIT,877.2
2025-05-22,BTC,FBTC,48.7
2025-05-22,BTC,BITB,0.0
2025-05-22,BTC,ARKB,8.9
2025-05-22,BTC,BTCO,0.0
2025-05-22,BTC,EZBC,0.0
2025-05-22,BTC,BRRR,0.0
2025-05-22,BTC,HODL,0.0
2025-05-22,BTC,BTCW,0.0
2025-05-22,BTC,MSBT,
2025-05-22,BTC,GBTC,0.0
2025-05-22,BTC,BTC,0.0
2025-05-22,BTC,Total,934.8
2025-05-23,BTC,IBIT,430.8
2025-05-23,BTC,FBTC,-73.7
2025-05-23,BTC,BITB,0.0
2025-05-23,BTC,ARKB,-73.9
2025-05-23,BTC,BTCO,0.0
2025-05-23,BTC,EZBC,0.0
2025-05-23,BTC,BRRR,0.0
2025-05-23,BTC,HODL,17.7
2025-05-23,BTC,BTCW,0.0
2025-05-23,BTC,MSBT,
2025-05-23,BTC,GBTC,-89.2
2025-05-23,BTC,BTC,0.0
2025-05-23,BTC,Total,211.7
2025-05-26,BTC,IBIT,
2025-05-26,BTC,FBTC,
2025-05-26,BTC,BITB,
2025-05-26,BTC,ARKB,
2025-05-26,BTC,BTCO,
2025-05-26,BTC,EZBC,
2025-05-26,BTC,BRRR,
2025-05-26,BTC,HODL,
2025-05-26,BTC,BTCW,
2025-05-26,BTC,MSBT,
2025-05-26,BTC,GBTC,
2025-05-26,BTC,BTC,
2025-05-26,BTC,Total,0.0
2025-05-27,BTC,IBIT,409.3
2025-05-27,BTC,FBTC,-4.8
2025-05-27,BTC,BITB,1.8
2025-05-27,BTC,ARKB,-38.3
2025-05-27,BTC,BTCO,0.0
2025-05-27,BTC,EZBC,0.0
2025-05-27,BTC,BRRR,0.5
2025-05-27,BTC,HODL,7.8
2025-05-27,BTC,BTCW,0.0
2025-05-27,BTC,MSBT,
2025-05-27,BTC,GBTC,-26.9
2025-05-27,BTC,BTC,36.0
2025-05-27,BTC,Total,385.4
2025-05-28,BTC,IBIT,481.0
2025-05-28,BTC,FBTC,-14.0
2025-05-28,BTC,BITB,0.0
2025-05-28,BTC,ARKB,-34.3
2025-05-28,BTC,BTCO,0.0
2025-05-28,BTC,EZBC,0.0
2025-05-28,BTC,BRRR,0.0
2025-05-28,BTC,HODL,0.0
2025-05-28,BTC,BTCW,0.0
2025-05-28,BTC,MSBT,
2025-05-28,BTC,GBTC,0.0
2025-05-28,BTC,BTC,0.0
2025-05-28,BTC,Total,432.7
2025-05-29,BTC,IBIT,125.1
2025-05-29,BTC,FBTC,-166.3
2025-05-29,BTC,BITB,-70.8
2025-05-29,BTC,ARKB,-89.2
2025-05-29,BTC,BTCO,-20.0
2025-05-29,BTC,EZBC,-6.1
2025-05-29,BTC,BRRR,0.0
2025-05-29,BTC,HODL,-12.0
2025-05-29,BTC,BTCW,0.0
2025-05-29,BTC,MSBT,
2025-05-29,BTC,GBTC,-107.5
2025-05-29,BTC,BTC,0.0
2025-05-29,BTC,Total,-346.8
2025-05-30,BTC,IBIT,-430.8
2025-05-30,BTC,FBTC,-13.7
2025-05-30,BTC,BITB,-35.3
2025-05-30,BTC,ARKB,-120.1
2025-05-30,BTC,BTCO,0.0
2025-05-30,BTC,EZBC,0.0
2025-05-30,BTC,BRRR,0.0
2025-05-30,BTC,HODL,0.0
2025-05-30,BTC,BTCW,0.0
2025-05-30,BTC,MSBT,
2025-05-30,BTC,GBTC,0.0
2025-05-30,BTC,BTC,-16.2
2025-05-30,BTC,Total,-616.1
2025-06-02,BTC,IBIT,-130.4
2025-06-02,BTC,FBTC,-50.1
2025-06-02,BTC,BITB,3.4
2025-06-02,BTC,ARKB,-73.9
2025-06-02,BTC,BTCO,0.0
2025-06-02,BTC,EZBC,0.0
2025-06-02,BTC,BRRR,0.0
2025-06-02,BTC,HODL,0.0
2025-06-02,BTC,BTCW,0.0
2025-06-02,BTC,MSBT,
2025-06-02,BTC,GBTC,-16.5
2025-06-02,BTC,BTC,0.0
2025-06-02,BTC,Total,-267.5
2025-06-03,BTC,IBIT,58.0
2025-06-03,BTC,FBTC,136.8
2025-06-03,BTC,BITB,14.5
2025-06-03,BTC,ARKB,139.9
2025-06-03,BTC,BTCO,0.0
2025-06-03,BTC,EZBC,0.0
2025-06-03,BTC,BRRR,0.0
2025-06-03,BTC,HODL,18.8
2025-06-03,BTC,BTCW,0.0
2025-06-03,BTC,MSBT,
2025-06-03,BTC,GBTC,0.0
2025-06-03,BTC,BTC,7.1
2025-06-03,BTC,Total,375.1
2025-06-04,BTC,IBIT,284.0
2025-06-04,BTC,FBTC,-197.0
2025-06-04,BTC,BITB,0.0
2025-06-04,BTC,ARKB,0.0
2025-06-04,BTC,BTCO,0.0
2025-06-04,BTC,EZBC,0.0
2025-06-04,BTC,BRRR,0.0
2025-06-04,BTC,HODL,0.0
2025-06-04,BTC,BTCW,0.0
2025-06-04,BTC,MSBT,
2025-06-04,BTC,GBTC,0.0
2025-06-04,BTC,BTC,0.0
2025-06-04,BTC,Total,87.0
2025-06-05,BTC,IBIT,0.0
2025-06-05,BTC,FBTC,-80.2
2025-06-05,BTC,BITB,-36.7
2025-06-05,BTC,ARKB,-102.0
2025-06-05,BTC,BTCO,-12.2
2025-06-05,BTC,EZBC,0.0
2025-06-05,BTC,BRRR,0.0
2025-06-05,BTC,HODL,-6.5
2025-06-05,BTC,BTCW,0.0
2025-06-05,BTC,MSBT,
2025-06-05,BTC,GBTC,-24.1
2025-06-05,BTC,BTC,-16.7
2025-06-05,BTC,Total,-278.4
2025-06-06,BTC,IBIT,-130.5
2025-06-06,BTC,FBTC,22.8
2025-06-06,BTC,BITB,31.8
2025-06-06,BTC,ARKB,11.5
2025-06-06,BTC,BTCO,0.0
2025-06-06,BTC,EZBC,0.0
2025-06-06,BTC,BRRR,0.0
2025-06-06,BTC,HODL,7.4
2025-06-06,BTC,BTCW,0.0
2025-06-06,BTC,MSBT,
2025-06-06,BTC,GBTC,0.0
2025-06-06,BTC,BTC,9.2
2025-06-06,BTC,Total,-47.8
2025-06-09,BTC,IBIT,120.9
2025-06-09,BTC,FBTC,173.0
2025-06-09,BTC,BITB,68.5
2025-06-09,BTC,ARKB,10.8
2025-06-09,BTC,BTCO,0.0
2025-06-09,BTC,EZBC,0.0
2025-06-09,BTC,BRRR,0.0
2025-06-09,BTC,HODL,7.7
2025-06-09,BTC,BTCW,0.0
2025-06-09,BTC,MSBT,
2025-06-09,BTC,GBTC,0.0
2025-06-09,BTC,BTC,5.3
2025-06-09,BTC,Total,386.2
2025-06-10,BTC,IBIT,336.7
2025-06-10,BTC,FBTC,67.1
2025-06-10,BTC,BITB,-0.6
2025-06-10,BTC,ARKB,20.3
2025-06-10,BTC,BTCO,7.7
2025-06-10,BTC,EZBC,0.0
2025-06-10,BTC,BRRR,0.0
2025-06-10,BTC,HODL,0.0
2025-06-10,BTC,BTCW,0.0
2025-06-10,BTC,MSBT,
2025-06-10,BTC,GBTC,0.0
2025-06-10,BTC,BTC,0.0
2025-06-10,BTC,Total,431.2
2025-06-11,BTC,IBIT,131.0
2025-06-11,BTC,FBTC,11.9
2025-06-11,BTC,BITB,0.0
2025-06-11,BTC,ARKB,0.0
2025-06-11,BTC,BTCO,0.0
2025-06-11,BTC,EZBC,6.3
2025-06-11,BTC,BRRR,0.0
2025-06-11,BTC,HODL,15.4
2025-06-11,BTC,BTCW,0.0
2025-06-11,BTC,MSBT,
2025-06-11,BTC,GBTC,0.0
2025-06-11,BTC,BTC,0.0
2025-06-11,BTC,Total,164.6
2025-06-12,BTC,IBIT,288.3
2025-06-12,BTC,FBTC,-197.2
2025-06-12,BTC,BITB,0.0
2025-06-12,BTC,ARKB,-10.7
2025-06-12,BTC,BTCO,0.0
2025-06-12,BTC,EZBC,0.0
2025-06-12,BTC,BRRR,0.0
2025-06-12,BTC,HODL,0.0
2025-06-12,BTC,BTCW,0.0
2025-06-12,BTC,MSBT,
2025-06-12,BTC,GBTC,5.9
2025-06-12,BTC,BTC,0.0
2025-06-12,BTC,Total,86.3
2025-06-13,BTC,IBIT,239.0
2025-06-13,BTC,FBTC,25.2
2025-06-13,BTC,BITB,14.9
2025-06-13,BTC,ARKB,21.0
2025-06-13,BTC,BTCO,0.0
2025-06-13,BTC,EZBC,0.0
2025-06-13,BTC,BRRR,0.0
2025-06-13,BTC,HODL,6.0
2025-06-13,BTC,BTCW,0.0
2025-06-13,BTC,MSBT,
2025-06-13,BTC,GBTC,9.1
2025-06-13,BTC,BTC,7.5
2025-06-13,BTC,Total,322.7
2025-06-16,BTC,IBIT,266.6
2025-06-16,BTC,FBTC,83.0
2025-06-16,BTC,BITB,41.4
2025-06-16,BTC,ARKB,3.6
2025-06-16,BTC,BTCO,0.0
2025-06-16,BTC,EZBC,0.0
2025-06-16,BTC,BRRR,0.0
2025-06-16,BTC,HODL,0.0
2025-06-16,BTC,BTCW,0.0
2025-06-16,BTC,MSBT,
2025-06-16,BTC,GBTC,12.8
2025-06-16,BTC,BTC,4.8
2025-06-16,BTC,Total,412.2
2025-06-17,BTC,IBIT,639.2
2025-06-17,BTC,FBTC,-208.5
2025-06-17,BTC,BITB,-22.8
2025-06-17,BTC,ARKB,-191.4
2025-06-17,BTC,BTCO,0.0
2025-06-17,BTC,EZBC,0.0
2025-06-17,BTC,BRRR,0.0
2025-06-17,BTC,HODL,0.0
2025-06-17,BTC,BTCW,0.0
2025-06-17,BTC,MSBT,
2025-06-17,BTC,GBTC,0.0
2025-06-17,BTC,BTC,0.0
2025-06-17,BTC,Total,216.5
2025-06-18,BTC,IBIT,278.9
2025-06-18,BTC,FBTC,104.4
2025-06-18,BTC,BITB,11.3
2025-06-18,BTC,ARKB,0.0
2025-06-18,BTC,BTCO,0.0
2025-06-18,BTC,EZBC,0.0
2025-06-18,BTC,BRRR,0.0
2025-06-18,BTC,HODL,0.0
2025-06-18,BTC,BTCW,0.0
2025-06-18,BTC,MSBT,
2025-06-18,BTC,GBTC,-16.4
2025-06-18,BTC,BTC,10.1
2025-06-18,BTC,Total,388.3
2025-06-19,BTC,IBIT,
2025-06-19,BTC,FBTC,
2025-06-19,BTC,BITB,
2025-06-19,BTC,ARKB,
2025-06-19,BTC,BTCO,
2025-06-19,BTC,EZBC,
2025-06-19,BTC,BRRR,
2025-06-19,BTC,HODL,
2025-06-19,BTC,BTCW,
2025-06-19,BTC,MSBT,
2025-06-19,BTC,GBTC,
2025-06-19,BTC,BTC,
2025-06-19,BTC,Total,0.0
2025-06-20,BTC,IBIT,46.9
2025-06-20,BTC,FBTC,-40.5
2025-06-20,BTC,BITB,0.0
2025-06-20,BTC,ARKB,0.0
2025-06-20,BTC,BTCO,0.0
2025-06-20,BTC,EZBC,0.0
2025-06-20,BTC,BRRR,0.0
2025-06-20,BTC,HODL,0.0
2025-06-20,BTC,BTCW,0.0
2025-06-20,BTC,MSBT,
2025-06-20,BTC,GBTC,0.0
2025-06-20,BTC,BTC,0.0
2025-06-20,BTC,Total,6.4
2025-06-23,BTC,IBIT,217.6
2025-06-23,BTC,FBTC,105.7
2025-06-23,BTC,BITB,14.6
2025-06-23,BTC,ARKB,2.1
2025-06-23,BTC,BTCO,6.2
2025-06-23,BTC,EZBC,0.0
2025-06-23,BTC,BRRR,0.0
2025-06-23,BTC,HODL,0.0
2025-06-23,BTC,BTCW,0.0
2025-06-23,BTC,MSBT,
2025-06-23,BTC,GBTC,-5.7
2025-06-23,BTC,BTC,10.1
2025-06-23,BTC,Total,350.6
2025-06-24,BTC,IBIT,436.3
2025-06-24,BTC,FBTC,85.2
2025-06-24,BTC,BITB,9.8
2025-06-24,BTC,ARKB,43.8
2025-06-24,BTC,BTCO,0.0
2025-06-24,BTC,EZBC,0.0
2025-06-24,BTC,BRRR,0.0
2025-06-24,BTC,HODL,6.0
2025-06-24,BTC,BTCW,0.0
2025-06-24,BTC,MSBT,
2025-06-24,BTC,GBTC,0.0
2025-06-24,BTC,BTC,7.5
2025-06-24,BTC,Total,588.6
2025-06-25,BTC,IBIT,340.3
2025-06-25,BTC,FBTC,115.2
2025-06-25,BTC,BITB,12.9
2025-06-25,BTC,ARKB,70.2
2025-06-25,BTC,BTCO,0.0
2025-06-25,BTC,EZBC,0.0
2025-06-25,BTC,BRRR,0.0
2025-06-25,BTC,HODL,9.1
2025-06-25,BTC,BTCW,0.0
2025-06-25,BTC,MSBT,
2025-06-25,BTC,GBTC,0.0
2025-06-25,BTC,BTC,0.0
2025-06-25,BTC,Total,547.7
2025-06-26,BTC,IBIT,163.7
2025-06-26,BTC,FBTC,32.9
2025-06-26,BTC,BITB,25.2
2025-06-26,BTC,ARKB,1.8
2025-06-26,BTC,BTCO,0.0
2025-06-26,BTC,EZBC,3.1
2025-06-26,BTC,BRRR,0.0
2025-06-26,BTC,HODL,0.0
2025-06-26,BTC,BTCW,0.0
2025-06-26,BTC,MSBT,
2025-06-26,BTC,GBTC,0.0
2025-06-26,BTC,BTC,0.0
2025-06-26,BTC,Total,226.7
2025-06-27,BTC,IBIT,153.0
2025-06-27,BTC,FBTC,165.5
2025-06-27,BTC,BITB,11.6
2025-06-27,BTC,ARKB,150.3
2025-06-27,BTC,BTCO,3.7
2025-06-27,BTC,EZBC,3.1
2025-06-27,BTC,BRRR,0.0
2025-06-27,BTC,HODL,6.0
2025-06-27,BTC,BTCW,0.0
2025-06-27,BTC,MSBT,
2025-06-27,BTC,GBTC,0.0
2025-06-27,BTC,BTC,8.0
2025-06-27,BTC,Total,501.2
2025-06-30,BTC,IBIT,112.3
2025-06-30,BTC,FBTC,0.0
2025-06-30,BTC,BITB,0.0
2025-06-30,BTC,ARKB,-10.2
2025-06-30,BTC,BTCO,0.0
2025-06-30,BTC,EZBC,0.0
2025-06-30,BTC,BRRR,0.0
2025-06-30,BTC,HODL,0.0
2025-06-30,BTC,BTCW,0.0
2025-06-30,BTC,MSBT,
2025-06-30,BTC,GBTC,0.0
2025-06-30,BTC,BTC,0.0
2025-06-30,BTC,Total,102.1
2025-07-01,BTC,IBIT,0.0
2025-07-01,BTC,FBTC,-172.7
2025-07-01,BTC,BITB,-23.0
2025-07-01,BTC,ARKB,-27.0
2025-07-01,BTC,BTCO,0.0
2025-07-01,BTC,EZBC,0.0
2025-07-01,BTC,BRRR,0.0
2025-07-01,BTC,HODL,0.0
2025-07-01,BTC,BTCW,0.0
2025-07-01,BTC,MSBT,
2025-07-01,BTC,GBTC,-119.5
2025-07-01,BTC,BTC,0.0
2025-07-01,BTC,Total,-342.2
2025-07-02,BTC,IBIT,0.0
2025-07-02,BTC,FBTC,184.0
2025-07-02,BTC,BITB,64.9
2025-07-02,BTC,ARKB,83.0
2025-07-02,BTC,BTCO,9.9
2025-07-02,BTC,EZBC,9.5
2025-07-02,BTC,BRRR,0.0
2025-07-02,BTC,HODL,5.4
2025-07-02,BTC,BTCW,0.0
2025-07-02,BTC,MSBT,
2025-07-02,BTC,GBTC,34.6
2025-07-02,BTC,BTC,16.5
2025-07-02,BTC,Total,407.8
2025-07-03,BTC,IBIT,224.5
2025-07-03,BTC,FBTC,237.1
2025-07-03,BTC,BITB,15.5
2025-07-03,BTC,ARKB,114.2
2025-07-03,BTC,BTCO,0.0
2025-07-03,BTC,EZBC,0.0
2025-07-03,BTC,BRRR,0.0
2025-07-03,BTC,HODL,4.7
2025-07-03,BTC,BTCW,0.0
2025-07-03,BTC,MSBT,
2025-07-03,BTC,GBTC,0.0
2025-07-03,BTC,BTC,5.8
2025-07-03,BTC,Total,601.8
2025-07-07,BTC,IBIT,164.6
2025-07-07,BTC,FBTC,66.0
2025-07-07,BTC,BITB,0.0
2025-07-07,BTC,ARKB,-10.1
2025-07-07,BTC,BTCO,0.0
2025-07-07,BTC,EZBC,0.0
2025-07-07,BTC,BRRR,0.0
2025-07-07,BTC,HODL,0.0
2025-07-07,BTC,BTCW,0.0
2025-07-07,BTC,MSBT,
2025-07-07,BTC,GBTC,-10.2
2025-07-07,BTC,BTC,6.2
2025-07-07,BTC,Total,216.5
2025-07-08,BTC,IBIT,66.8
2025-07-08,BTC,FBTC,4.8
2025-07-08,BTC,BITB,0.0
2025-07-08,BTC,ARKB,0.0
2025-07-08,BTC,BTCO,0.0
2025-07-08,BTC,EZBC,0.0
2025-07-08,BTC,BRRR,3.7
2025-07-08,BTC,HODL,0.0
2025-07-08,BTC,BTCW,0.0
2025-07-08,BTC,MSBT,
2025-07-08,BTC,GBTC,0.0
2025-07-08,BTC,BTC,4.8
2025-07-08,BTC,Total,80.1
2025-07-09,BTC,IBIT,125.6
2025-07-09,BTC,FBTC,4.8
2025-07-09,BTC,BITB,3.0
2025-07-09,BTC,ARKB,57.0
2025-07-09,BTC,BTCO,9.5
2025-07-09,BTC,EZBC,0.0
2025-07-09,BTC,BRRR,0.0
2025-07-09,BTC,HODL,0.0
2025-07-09,BTC,BTCW,0.0
2025-07-09,BTC,MSBT,
2025-07-09,BTC,GBTC,0.0
2025-07-09,BTC,BTC,15.8
2025-07-09,BTC,Total,215.7
2025-07-10,BTC,IBIT,448.5
2025-07-10,BTC,FBTC,324.3
2025-07-10,BTC,BITB,77.2
2025-07-10,BTC,ARKB,268.7
2025-07-10,BTC,BTCO,0.0
2025-07-10,BTC,EZBC,0.0
2025-07-10,BTC,BRRR,0.0
2025-07-10,BTC,HODL,15.2
2025-07-10,BTC,BTCW,0.0
2025-07-10,BTC,MSBT,
2025-07-10,BTC,GBTC,-40.2
2025-07-10,BTC,BTC,81.9
2025-07-10,BTC,Total,1175.6
2025-07-11,BTC,IBIT,953.5
2025-07-11,BTC,FBTC,0.0
2025-07-11,BTC,BITB,6.4
2025-07-11,BTC,ARKB,23.5
2025-07-11,BTC,BTCO,5.3
2025-07-11,BTC,EZBC,0.0
2025-07-11,BTC,BRRR,0.0
2025-07-11,BTC,HODL,20.0
2025-07-11,BTC,BTCW,0.0
2025-07-11,BTC,MSBT,
2025-07-11,BTC,GBTC,0.0
2025-07-11,BTC,BTC,20.9
2025-07-11,BTC,Total,1029.6
2025-07-14,BTC,IBIT,394.7
2025-07-14,BTC,FBTC,-26.1
2025-07-14,BTC,BITB,7.2
2025-07-14,BTC,ARKB,-99.6
2025-07-14,BTC,BTCO,0.0
2025-07-14,BTC,EZBC,0.0
2025-07-14,BTC,BRRR,0.0
2025-07-14,BTC,HODL,8.5
2025-07-14,BTC,BTCW,0.0
2025-07-14,BTC,MSBT,
2025-07-14,BTC,GBTC,0.0
2025-07-14,BTC,BTC,12.7
2025-07-14,BTC,Total,297.4
2025-07-15,BTC,IBIT,416.3
2025-07-15,BTC,FBTC,-22.9
2025-07-15,BTC,BITB,12.7
2025-07-15,BTC,ARKB,-6.2
2025-07-15,BTC,BTCO,0.0
2025-07-15,BTC,EZBC,6.8
2025-07-15,BTC,BRRR,0.0
2025-07-15,BTC,HODL,19.0
2025-07-15,BTC,BTCW,0.0
2025-07-15,BTC,MSBT,
2025-07-15,BTC,GBTC,-41.2
2025-07-15,BTC,BTC,18.6
2025-07-15,BTC,Total,403.1
2025-07-16,BTC,IBIT,763.9
2025-07-16,BTC,FBTC,10.4
2025-07-16,BTC,BITB,0.0
2025-07-16,BTC,ARKB,19.8
2025-07-16,BTC,BTCO,0.0
2025-07-16,BTC,EZBC,0.0
2025-07-16,BTC,BRRR,0.0
2025-07-16,BTC,HODL,0.0
2025-07-16,BTC,BTCW,0.0
2025-07-16,BTC,MSBT,
2025-07-16,BTC,GBTC,0.0
2025-07-16,BTC,BTC,5.3
2025-07-16,BTC,Total,799.4
2025-07-17,BTC,IBIT,497.3
2025-07-17,BTC,FBTC,7.8
2025-07-17,BTC,BITB,0.0
2025-07-17,BTC,ARKB,0.0
2025-07-17,BTC,BTCO,7.1
2025-07-17,BTC,EZBC,0.0
2025-07-17,BTC,BRRR,0.0
2025-07-17,BTC,HODL,5.1
2025-07-17,BTC,BTCW,0.0
2025-07-17,BTC,MSBT,
2025-07-17,BTC,GBTC,0.0
2025-07-17,BTC,BTC,5.3
2025-07-17,BTC,Total,522.6
2025-07-18,BTC,IBIT,496.8
2025-07-18,BTC,FBTC,-17.9
2025-07-18,BTC,BITB,-1.9
2025-07-18,BTC,ARKB,-33.6
2025-07-18,BTC,BTCO,0.0
2025-07-18,BTC,EZBC,0.0
2025-07-18,BTC,BRRR,0.0
2025-07-18,BTC,HODL,-1.7
2025-07-18,BTC,BTCW,3.1
2025-07-18,BTC,MSBT,
2025-07-18,BTC,GBTC,-81.3
2025-07-18,BTC,BTC,0.0
2025-07-18,BTC,Total,363.5
2025-07-21,BTC,IBIT,0.0
2025-07-21,BTC,FBTC,-12.8
2025-07-21,BTC,BITB,-1.9
2025-07-21,BTC,ARKB,-77.5
2025-07-21,BTC,BTCO,0.0
2025-07-21,BTC,EZBC,0.0
2025-07-21,BTC,BRRR,0.0
2025-07-21,BTC,HODL,-2.5
2025-07-21,BTC,BTCW,0.0
2025-07-21,BTC,MSBT,
2025-07-21,BTC,GBTC,-36.7
2025-07-21,BTC,BTC,0.0
2025-07-21,BTC,Total,-131.4
2025-07-22,BTC,IBIT,0.0
2025-07-22,BTC,FBTC,0.0
2025-07-22,BTC,BITB,-42.3
2025-07-22,BTC,ARKB,-33.2
2025-07-22,BTC,BTCO,0.0
2025-07-22,BTC,EZBC,0.0
2025-07-22,BTC,BRRR,0.0
2025-07-22,BTC,HODL,0.0
2025-07-22,BTC,BTCW,0.0
2025-07-22,BTC,MSBT,
2025-07-22,BTC,GBTC,7.5
2025-07-22,BTC,BTC,0.0
2025-07-22,BTC,Total,-68.0
2025-07-23,BTC,IBIT,142.6
2025-07-23,BTC,FBTC,-227.2
2025-07-23,BTC,BITB,-1.9
2025-07-23,BTC,ARKB,-9.8
2025-07-23,BTC,BTCO,0.0
2025-07-23,BTC,EZBC,0.0
2025-07-23,BTC,BRRR,0.0
2025-07-23,BTC,HODL,0.0
2025-07-23,BTC,BTCW,0.0
2025-07-23,BTC,MSBT,
2025-07-23,BTC,GBTC,0.0
2025-07-23,BTC,BTC,10.5
2025-07-23,BTC,Total,-85.8
2025-07-24,BTC,IBIT,32.5
2025-07-24,BTC,FBTC,106.6
2025-07-24,BTC,BITB,29.8
2025-07-24,BTC,ARKB,0.0
2025-07-24,BTC,BTCO,0.0
2025-07-24,BTC,EZBC,3.5
2025-07-24,BTC,BRRR,0.0
2025-07-24,BTC,HODL,46.4
2025-07-24,BTC,BTCW,0.0
2025-07-24,BTC,MSBT,
2025-07-24,BTC,GBTC,0.0
2025-07-24,BTC,BTC,7.9
2025-07-24,BTC,Total,226.7
2025-07-25,BTC,IBIT,92.8
2025-07-25,BTC,FBTC,10.2
2025-07-25,BTC,BITB,21.0
2025-07-25,BTC,ARKB,30.3
2025-07-25,BTC,BTCO,0.0
2025-07-25,BTC,EZBC,0.0
2025-07-25,BTC,BRRR,0.0
2025-07-25,BTC,HODL,18.2
2025-07-25,BTC,BTCW,0.0
2025-07-25,BTC,MSBT,
2025-07-25,BTC,GBTC,-50.5
2025-07-25,BTC,BTC,8.8
2025-07-25,BTC,Total,130.8
2025-07-28,BTC,IBIT,147.4
2025-07-28,BTC,FBTC,30.9
2025-07-28,BTC,BITB,-14.8
2025-07-28,BTC,ARKB,-17.4
2025-07-28,BTC,BTCO,0.0
2025-07-28,BTC,EZBC,0.0
2025-07-28,BTC,BRRR,0.0
2025-07-28,BTC,HODL,0.0
2025-07-28,BTC,BTCW,0.0
2025-07-28,BTC,MSBT,
2025-07-28,BTC,GBTC,0.0
2025-07-28,BTC,BTC,11.0
2025-07-28,BTC,Total,157.1
2025-07-29,BTC,IBIT,157.6
2025-07-29,BTC,FBTC,0.0
2025-07-29,BTC,BITB,-26.2
2025-07-29,BTC,ARKB,-8.2
2025-07-29,BTC,BTCO,0.0
2025-07-29,BTC,EZBC,0.0
2025-07-29,BTC,BRRR,0.0
2025-07-29,BTC,HODL,5.8
2025-07-29,BTC,BTCW,0.0
2025-07-29,BTC,MSBT,
2025-07-29,BTC,GBTC,-49.0
2025-07-29,BTC,BTC,0.0
2025-07-29,BTC,Total,80.0
2025-07-30,BTC,IBIT,34.4
2025-07-30,BTC,FBTC,0.0
2025-07-30,BTC,BITB,12.7
2025-07-30,BTC,ARKB,0.0
2025-07-30,BTC,BTCO,0.0
2025-07-30,BTC,EZBC,0.0
2025-07-30,BTC,BRRR,0.0
2025-07-30,BTC,HODL,0.0
2025-07-30,BTC,BTCW,0.0
2025-07-30,BTC,MSBT,
2025-07-30,BTC,GBTC,0.0
2025-07-30,BTC,BTC,0.0
2025-07-30,BTC,Total,47.1
2025-07-31,BTC,IBIT,18.6
2025-07-31,BTC,FBTC,-53.6
2025-07-31,BTC,BITB,0.0
2025-07-31,BTC,ARKB,-89.9
2025-07-31,BTC,BTCO,3.5
2025-07-31,BTC,EZBC,6.8
2025-07-31,BTC,BRRR,0.0
2025-07-31,BTC,HODL,3.3
2025-07-31,BTC,BTCW,0.0
2025-07-31,BTC,MSBT,
2025-07-31,BTC,GBTC,-9.2
2025-07-31,BTC,BTC,5.7
2025-07-31,BTC,Total,-114.8
2025-08-01,BTC,IBIT,-2.6
2025-08-01,BTC,FBTC,-331.4
2025-08-01,BTC,BITB,-38.3
2025-08-01,BTC,ARKB,-327.9
2025-08-01,BTC,BTCO,-5.1
2025-08-01,BTC,EZBC,-6.6
2025-08-01,BTC,BRRR,0.0
2025-08-01,BTC,HODL,0.0
2025-08-01,BTC,BTCW,0.0
2025-08-01,BTC,MSBT,
2025-08-01,BTC,GBTC,-66.8
2025-08-01,BTC,BTC,-33.6
2025-08-01,BTC,Total,-812.3
2025-08-04,BTC,IBIT,-292.2
2025-08-04,BTC,FBTC,-40.1
2025-08-04,BTC,BITB,18.7
2025-08-04,BTC,ARKB,0.0
2025-08-04,BTC,BTCO,0.0
2025-08-04,BTC,EZBC,0.0
2025-08-04,BTC,BRRR,0.0
2025-08-04,BTC,HODL,0.0
2025-08-04,BTC,BTCW,0.0
2025-08-04,BTC,MSBT,
2025-08-04,BTC,GBTC,-9.9
2025-08-04,BTC,BTC,0.0
2025-08-04,BTC,Total,-323.5
2025-08-05,BTC,IBIT,-77.4
2025-08-05,BTC,FBTC,-99.1
2025-08-05,BTC,BITB,0.0
2025-08-05,BTC,ARKB,0.0
2025-08-05,BTC,BTCO,0.0
2025-08-05,BTC,EZBC,0.0
2025-08-05,BTC,BRRR,0.0
2025-08-05,BTC,HODL,0.0
2025-08-05,BTC,BTCW,0.0
2025-08-05,BTC,MSBT,
2025-08-05,BTC,GBTC,-19.7
2025-08-05,BTC,BTC,0.0
2025-08-05,BTC,Total,-196.2
2025-08-06,BTC,IBIT,41.9
2025-08-06,BTC,FBTC,10.1
2025-08-06,BTC,BITB,26.4
2025-08-06,BTC,ARKB,-5.4
2025-08-06,BTC,BTCO,0.0
2025-08-06,BTC,EZBC,0.0
2025-08-06,BTC,BRRR,0.0
2025-08-06,BTC,HODL,4.1
2025-08-06,BTC,BTCW,0.0
2025-08-06,BTC,MSBT,
2025-08-06,BTC,GBTC,14.5
2025-08-06,BTC,BTC,0.0
2025-08-06,BTC,Total,91.6
2025-08-07,BTC,IBIT,156.6
2025-08-07,BTC,FBTC,43.4
2025-08-07,BTC,BITB,17.2
2025-08-07,BTC,ARKB,-0.4
2025-08-07,BTC,BTCO,0.0
2025-08-07,BTC,EZBC,3.4
2025-08-07,BTC,BRRR,0.0
2025-08-07,BTC,HODL,21.5
2025-08-07,BTC,BTCW,0.0
2025-08-07,BTC,MSBT,
2025-08-07,BTC,GBTC,18.5
2025-08-07,BTC,BTC,17.2
2025-08-07,BTC,Total,277.4
2025-08-08,BTC,IBIT,360.0
2025-08-08,BTC,FBTC,30.5
2025-08-08,BTC,BITB,0.0
2025-08-08,BTC,ARKB,0.0
2025-08-08,BTC,BTCO,0.0
2025-08-08,BTC,EZBC,0.0
2025-08-08,BTC,BRRR,0.0
2025-08-08,BTC,HODL,0.0
2025-08-08,BTC,BTCW,0.0
2025-08-08,BTC,MSBT,
2025-08-08,BTC,GBTC,0.0
2025-08-08,BTC,BTC,13.4
2025-08-08,BTC,Total,403.9
2025-08-11,BTC,IBIT,138.2
2025-08-11,BTC,FBTC,13.0
2025-08-11,BTC,BITB,5.2
2025-08-11,BTC,ARKB,0.0
2025-08-11,BTC,BTCO,0.0
2025-08-11,BTC,EZBC,0.0
2025-08-11,BTC,BRRR,0.0
2025-08-11,BTC,HODL,0.0
2025-08-11,BTC,BTCW,0.0
2025-08-11,BTC,MSBT,
2025-08-11,BTC,GBTC,7.5
2025-08-11,BTC,BTC,14.2
2025-08-11,BTC,Total,178.1
2025-08-12,BTC,IBIT,111.4
2025-08-12,BTC,FBTC,0.0
2025-08-12,BTC,BITB,0.0
2025-08-12,BTC,ARKB,-23.9
2025-08-12,BTC,BTCO,0.0
2025-08-12,BTC,EZBC,0.0
2025-08-12,BTC,BRRR,0.0
2025-08-12,BTC,HODL,0.0
2025-08-12,BTC,BTCW,0.0
2025-08-12,BTC,MSBT,
2025-08-12,BTC,GBTC,-21.6
2025-08-12,BTC,BTC,0.0
2025-08-12,BTC,Total,65.9
2025-08-13,BTC,IBIT,0.0
2025-08-13,BTC,FBTC,26.7
2025-08-13,BTC,BITB,7.3
2025-08-13,BTC,ARKB,36.6
2025-08-13,BTC,BTCO,4.9
2025-08-13,BTC,EZBC,0.0
2025-08-13,BTC,BRRR,0.0
2025-08-13,BTC,HODL,0.0
2025-08-13,BTC,BTCW,0.0
2025-08-13,BTC,MSBT,
2025-08-13,BTC,GBTC,0.0
2025-08-13,BTC,BTC,11.4
2025-08-13,BTC,Total,86.9
2025-08-14,BTC,IBIT,523.7
2025-08-14,BTC,FBTC,-113.5
2025-08-14,BTC,BITB,-30.9
2025-08-14,BTC,ARKB,-149.9
2025-08-14,BTC,BTCO,0.0
2025-08-14,BTC,EZBC,0.0
2025-08-14,BTC,BRRR,0.0
2025-08-14,BTC,HODL,-5.9
2025-08-14,BTC,BTCW,0.0
2025-08-14,BTC,MSBT,
2025-08-14,BTC,GBTC,0.0
2025-08-14,BTC,BTC,7.3
2025-08-14,BTC,Total,230.8
2025-08-15,BTC,IBIT,114.4
2025-08-15,BTC,FBTC,0.0
2025-08-15,BTC,BITB,0.0
2025-08-15,BTC,ARKB,-46.7
2025-08-15,BTC,BTCO,0.0
2025-08-15,BTC,EZBC,0.0
2025-08-15,BTC,BRRR,0.0
2025-08-15,BTC,HODL,0.0
2025-08-15,BTC,BTCW,0.0
2025-08-15,BTC,MSBT,
2025-08-15,BTC,GBTC,-81.8
2025-08-15,BTC,BTC,0.0
2025-08-15,BTC,Total,-14.1
2025-08-18,BTC,IBIT,-68.7
2025-08-18,BTC,FBTC,0.0
2025-08-18,BTC,BITB,12.7
2025-08-18,BTC,ARKB,-65.7
2025-08-18,BTC,BTCO,0.0
2025-08-18,BTC,EZBC,0.0
2025-08-18,BTC,BRRR,0.0
2025-08-18,BTC,HODL,0.0
2025-08-18,BTC,BTCW,0.0
2025-08-18,BTC,MSBT,
2025-08-18,BTC,GBTC,0.0
2025-08-18,BTC,BTC,0.0
2025-08-18,BTC,Total,-121.7
2025-08-19,BTC,IBIT,0.0
2025-08-19,BTC,FBTC,-246.9
2025-08-19,BTC,BITB,-86.8
2025-08-19,BTC,ARKB,-63.3
2025-08-19,BTC,BTCO,0.0
2025-08-19,BTC,EZBC,-3.3
2025-08-19,BTC,BRRR,0.0
2025-08-19,BTC,HODL,0.0
2025-08-19,BTC,BTCW,0.0
2025-08-19,BTC,MSBT,
2025-08-19,BTC,GBTC,-115.5
2025-08-19,BTC,BTC,-7.5
2025-08-19,BTC,Total,-523.3
2025-08-20,BTC,IBIT,-220.0
2025-08-20,BTC,FBTC,-7.5
2025-08-20,BTC,BITB,0.6
2025-08-20,BTC,ARKB,-75.7
2025-08-20,BTC,BTCO,0.0
2025-08-20,BTC,EZBC,0.0
2025-08-20,BTC,BRRR,-4.3
2025-08-20,BTC,HODL,0.0
2025-08-20,BTC,BTCW,0.0
2025-08-20,BTC,MSBT,
2025-08-20,BTC,GBTC,-9.0
2025-08-20,BTC,BTC,0.0
2025-08-20,BTC,Total,-315.9
2025-08-21,BTC,IBIT,-127.5
2025-08-21,BTC,FBTC,-31.8
2025-08-21,BTC,BITB,0.0
2025-08-21,BTC,ARKB,-43.3
2025-08-21,BTC,BTCO,0.0
2025-08-21,BTC,EZBC,3.2
2025-08-21,BTC,BRRR,0.0
2025-08-21,BTC,HODL,0.0
2025-08-21,BTC,BTCW,0.0
2025-08-21,BTC,MSBT,
2025-08-21,BTC,GBTC,0.0
2025-08-21,BTC,BTC,5.0
2025-08-21,BTC,Total,-194.4
2025-08-22,BTC,IBIT,-198.8
2025-08-22,BTC,FBTC,50.9
2025-08-22,BTC,BITB,12.7
2025-08-22,BTC,ARKB,65.7
2025-08-22,BTC,BTCO,0.0
2025-08-22,BTC,EZBC,13.5
2025-08-22,BTC,BRRR,0.0
2025-08-22,BTC,HODL,26.4
2025-08-22,BTC,BTCW,0.0
2025-08-22,BTC,MSBT,
2025-08-22,BTC,GBTC,6.4
2025-08-22,BTC,BTC,0.0
2025-08-22,BTC,Total,-23.2
2025-08-25,BTC,IBIT,63.4
2025-08-25,BTC,FBTC,65.6
2025-08-25,BTC,BITB,15.2
2025-08-25,BTC,ARKB,61.2
2025-08-25,BTC,BTCO,0.0
2025-08-25,BTC,EZBC,0.0
2025-08-25,BTC,BRRR,0.0
2025-08-25,BTC,HODL,6.3
2025-08-25,BTC,BTCW,0.0
2025-08-25,BTC,MSBT,
2025-08-25,BTC,GBTC,0.0
2025-08-25,BTC,BTC,7.4
2025-08-25,BTC,Total,219.1
2025-08-26,BTC,IBIT,45.3
2025-08-26,BTC,FBTC,14.5
2025-08-26,BTC,BITB,9.0
2025-08-26,BTC,ARKB,4.1
2025-08-26,BTC,BTCO,0.0
2025-08-26,BTC,EZBC,0.0
2025-08-26,BTC,BRRR,0.0
2025-08-26,BTC,HODL,3.9
2025-08-26,BTC,BTCW,0.0
2025-08-26,BTC,MSBT,
2025-08-26,BTC,GBTC,0.0
2025-08-26,BTC,BTC,11.3
2025-08-26,BTC,Total,88.1
2025-08-27,BTC,IBIT,50.9
2025-08-27,BTC,FBTC,14.7
2025-08-27,BTC,BITB,-3.0
2025-08-27,BTC,ARKB,5.6
2025-08-27,BTC,BTCO,6.7
2025-08-27,BTC,EZBC,6.5
2025-08-27,BTC,BRRR,0.0
2025-08-27,BTC,HODL,0.0
2025-08-27,BTC,BTCW,0.0
2025-08-27,BTC,MSBT,
2025-08-27,BTC,GBTC,0.0
2025-08-27,BTC,BTC,0.0
2025-08-27,BTC,Total,81.4
2025-08-28,BTC,IBIT,63.7
2025-08-28,BTC,FBTC,4.9
2025-08-28,BTC,BITB,25.0
2025-08-28,BTC,ARKB,79.8
2025-08-28,BTC,BTCO,0.0
2025-08-28,BTC,EZBC,0.0
2025-08-28,BTC,BRRR,0.0
2025-08-28,BTC,HODL,0.0
2025-08-28,BTC,BTCW,0.0
2025-08-28,BTC,MSBT,
2025-08-28,BTC,GBTC,0.0
2025-08-28,BTC,BTC,5.5
2025-08-28,BTC,Total,178.9
2025-08-29,BTC,IBIT,24.6
2025-08-29,BTC,FBTC,-66.2
2025-08-29,BTC,BITB,0.0
2025-08-29,BTC,ARKB,-72.1
2025-08-29,BTC,BTCO,0.0
2025-08-29,BTC,EZBC,0.0
2025-08-29,BTC,BRRR,0.0
2025-08-29,BTC,HODL,0.0
2025-08-29,BTC,BTCW,2.3
2025-08-29,BTC,MSBT,
2025-08-29,BTC,GBTC,-15.3
2025-08-29,BTC,BTC,0.0
2025-08-29,BTC,Total,-126.7
2025-09-02,BTC,IBIT,72.9
2025-09-02,BTC,FBTC,132.7
2025-09-02,BTC,BITB,39.1
2025-09-02,BTC,ARKB,71.9
2025-09-02,BTC,BTCO,2.2
2025-09-02,BTC,EZBC,0.0
2025-09-02,BTC,BRRR,0.0
2025-09-02,BTC,HODL,4.7
2025-09-02,BTC,BTCW,0.0
2025-09-02,BTC,MSBT,
2025-09-02,BTC,GBTC,0.0
2025-09-02,BTC,BTC,9.3
2025-09-02,BTC,Total,332.8
2025-09-03,BTC,IBIT,289.8
2025-09-03,BTC,FBTC,9.8
2025-09-03,BTC,BITB,0.0
2025-09-03,BTC,ARKB,-27.9
2025-09-03,BTC,BTCO,0.0
2025-09-03,BTC,EZBC,0.0
2025-09-03,BTC,BRRR,0.0
2025-09-03,BTC,HODL,0.0
2025-09-03,BTC,BTCW,0.0
2025-09-03,BTC,MSBT,
2025-09-03,BTC,GBTC,0.0
2025-09-03,BTC,BTC,28.8
2025-09-03,BTC,Total,300.5
2025-09-04,BTC,IBIT,134.8
2025-09-04,BTC,FBTC,-117.4
2025-09-04,BTC,BITB,-66.4
2025-09-04,BTC,ARKB,-125.5
2025-09-04,BTC,BTCO,0.0
2025-09-04,BTC,EZBC,-3.2
2025-09-04,BTC,BRRR,0.0
2025-09-04,BTC,HODL,-17.9
2025-09-04,BTC,BTCW,0.0
2025-09-04,BTC,MSBT,
2025-09-04,BTC,GBTC,-22.4
2025-09-04,BTC,BTC,-4.9
2025-09-04,BTC,Total,-222.9
2025-09-05,BTC,IBIT,-63.2
2025-09-05,BTC,FBTC,0.0
2025-09-05,BTC,BITB,-49.6
2025-09-05,BTC,ARKB,0.0
2025-09-05,BTC,BTCO,0.0
2025-09-05,BTC,EZBC,0.0
2025-09-05,BTC,BRRR,0.0
2025-09-05,BTC,HODL,0.0
2025-09-05,BTC,BTCW,0.0
2025-09-05,BTC,MSBT,
2025-09-05,BTC,GBTC,-47.3
2025-09-05,BTC,BTC,0.0
2025-09-05,BTC,Total,-160.1
2025-09-08,BTC,IBIT,25.5
2025-09-08,BTC,FBTC,156.5
2025-09-08,BTC,BITB,42.7
2025-09-08,BTC,ARKB,89.5
2025-09-08,BTC,BTCO,6.7
2025-09-08,BTC,EZBC,6.5
2025-09-08,BTC,BRRR,0.0
2025-09-08,BTC,HODL,20.6
2025-09-08,BTC,BTCW,0.0
2025-09-08,BTC,MSBT,
2025-09-08,BTC,GBTC,4.4
2025-09-08,BTC,BTC,11.9
2025-09-08,BTC,Total,364.3
2025-09-09,BTC,IBIT,169.3
2025-09-09,BTC,FBTC,-55.8
2025-09-09,BTC,BITB,-18.2
2025-09-09,BTC,ARKB,-72.3
2025-09-09,BTC,BTCO,0.0
2025-09-09,BTC,EZBC,0.0
2025-09-09,BTC,BRRR,0.0
2025-09-09,BTC,HODL,0.0
2025-09-09,BTC,BTCW,0.0
2025-09-09,BTC,MSBT,
2025-09-09,BTC,GBTC,0.0
2025-09-09,BTC,BTC,0.0
2025-09-09,BTC,Total,23.0
2025-09-10,BTC,IBIT,211.2
2025-09-10,BTC,FBTC,299.0
2025-09-10,BTC,BITB,44.4
2025-09-10,BTC,ARKB,145.1
2025-09-10,BTC,BTCO,0.0
2025-09-10,BTC,EZBC,3.3
2025-09-10,BTC,BRRR,0.0
2025-09-10,BTC,HODL,12.0
2025-09-10,BTC,BTCW,0.0
2025-09-10,BTC,MSBT,
2025-09-10,BTC,GBTC,8.9
2025-09-10,BTC,BTC,17.6
2025-09-10,BTC,Total,741.5
2025-09-11,BTC,IBIT,366.2
2025-09-11,BTC,FBTC,134.7
2025-09-11,BTC,BITB,40.4
2025-09-11,BTC,ARKB,0.0
2025-09-11,BTC,BTCO,5.7
2025-09-11,BTC,EZBC,3.3
2025-09-11,BTC,BRRR,0.0
2025-09-11,BTC,HODL,2.4
2025-09-11,BTC,BTCW,0.0
2025-09-11,BTC,MSBT,
2025-09-11,BTC,GBTC,0.0
2025-09-11,BTC,BTC,0.0
2025-09-11,BTC,Total,552.7
2025-09-12,BTC,IBIT,264.7
2025-09-12,BTC,FBTC,315.2
2025-09-12,BTC,BITB,29.2
2025-09-12,BTC,ARKB,19.4
2025-09-12,BTC,BTCO,0.0
2025-09-12,BTC,EZBC,0.0
2025-09-12,BTC,BRRR,0.0
2025-09-12,BTC,HODL,8.2
2025-09-12,BTC,BTCW,0.0
2025-09-12,BTC,MSBT,
2025-09-12,BTC,GBTC,0.0
2025-09-12,BTC,BTC,5.7
2025-09-12,BTC,Total,642.4
2025-09-15,BTC,IBIT,261.8
2025-09-15,BTC,FBTC,7.5
2025-09-15,BTC,BITB,-18.8
2025-09-15,BTC,ARKB,0.0
2025-09-15,BTC,BTCO,0.0
2025-09-15,BTC,EZBC,3.3
2025-09-15,BTC,BRRR,0.0
2025-09-15,BTC,HODL,0.0
2025-09-15,BTC,BTCW,0.0
2025-09-15,BTC,MSBT,
2025-09-15,BTC,GBTC,0.0
2025-09-15,BTC,BTC,6.1
2025-09-15,BTC,Total,259.9
2025-09-16,BTC,IBIT,209.2
2025-09-16,BTC,FBTC,45.8
2025-09-16,BTC,BITB,-10.8
2025-09-16,BTC,ARKB,40.7
2025-09-16,BTC,BTCO,0.0
2025-09-16,BTC,EZBC,0.0
2025-09-16,BTC,BRRR,0.0
2025-09-16,BTC,HODL,7.4
2025-09-16,BTC,BTCW,0.0
2025-09-16,BTC,MSBT,
2025-09-16,BTC,GBTC,0.0
2025-09-16,BTC,BTC,0.0
2025-09-16,BTC,Total,292.3
2025-09-17,BTC,IBIT,149.7
2025-09-17,BTC,FBTC,-116.0
2025-09-17,BTC,BITB,-12.6
2025-09-17,BTC,ARKB,-32.3
2025-09-17,BTC,BTCO,0.0
2025-09-17,BTC,EZBC,0.0
2025-09-17,BTC,BRRR,0.0
2025-09-17,BTC,HODL,0.0
2025-09-17,BTC,BTCW,0.0
2025-09-17,BTC,MSBT,
2025-09-17,BTC,GBTC,-62.6
2025-09-17,BTC,BTC,22.5
2025-09-17,BTC,Total,-51.3
2025-09-18,BTC,IBIT,0.0
2025-09-18,BTC,FBTC,97.4
2025-09-18,BTC,BITB,12.8
2025-09-18,BTC,ARKB,25.0
2025-09-18,BTC,BTCO,3.5
2025-09-18,BTC,EZBC,6.8
2025-09-18,BTC,BRRR,0.0
2025-09-18,BTC,HODL,6.6
2025-09-18,BTC,BTCW,0.0
2025-09-18,BTC,MSBT,
2025-09-18,BTC,GBTC,0.0
2025-09-18,BTC,BTC,10.9
2025-09-18,BTC,Total,163.0
2025-09-19,BTC,IBIT,246.1
2025-09-19,BTC,FBTC,0.0
2025-09-19,BTC,BITB,0.0
2025-09-19,BTC,ARKB,0.0
2025-09-19,BTC,BTCO,0.0
2025-09-19,BTC,EZBC,0.0
2025-09-19,BTC,BRRR,0.0
2025-09-19,BTC,HODL,0.0
2025-09-19,BTC,BTCW,0.0
2025-09-19,BTC,MSBT,
2025-09-19,BTC,GBTC,-23.5
2025-09-19,BTC,BTC,0.0
2025-09-19,BTC,Total,222.6
2025-09-22,BTC,IBIT,0.0
2025-09-22,BTC,FBTC,-276.7
2025-09-22,BTC,BITB,0.0
2025-09-22,BTC,ARKB,-52.3
2025-09-22,BTC,BTCO,0.0
2025-09-22,BTC,EZBC,0.0
2025-09-22,BTC,BRRR,0.0
2025-09-22,BTC,HODL,-9.5
2025-09-22,BTC,BTCW,0.0
2025-09-22,BTC,MSBT,
2025-09-22,BTC,GBTC,-24.6
2025-09-22,BTC,BTC,0.0
2025-09-22,BTC,Total,-363.1
2025-09-23,BTC,IBIT,2.5
2025-09-23,BTC,FBTC,-75.6
2025-09-23,BTC,BITB,-12.8
2025-09-23,BTC,ARKB,-27.9
2025-09-23,BTC,BTCO,10.0
2025-09-23,BTC,EZBC,0.0
2025-09-23,BTC,BRRR,0.0
2025-09-23,BTC,HODL,0.0
2025-09-23,BTC,BTCW,0.0
2025-09-23,BTC,MSBT,
2025-09-23,BTC,GBTC,0.0
2025-09-23,BTC,BTC,0.0
2025-09-23,BTC,Total,-103.8
2025-09-24,BTC,IBIT,128.9
2025-09-24,BTC,FBTC,29.7
2025-09-24,BTC,BITB,24.7
2025-09-24,BTC,ARKB,37.7
2025-09-24,BTC,BTCO,0.0
2025-09-24,BTC,EZBC,0.0
2025-09-24,BTC,BRRR,0.0
2025-09-24,BTC,HODL,6.4
2025-09-24,BTC,BTCW,0.0
2025-09-24,BTC,MSBT,
2025-09-24,BTC,GBTC,0.0
2025-09-24,BTC,BTC,13.6
2025-09-24,BTC,Total,241.0
2025-09-25,BTC,IBIT,79.7
2025-09-25,BTC,FBTC,-114.8
2025-09-25,BTC,BITB,-80.5
2025-09-25,BTC,ARKB,-63.0
2025-09-25,BTC,BTCO,0.0
2025-09-25,BTC,EZBC,-6.3
2025-09-25,BTC,BRRR,0.0
2025-09-25,BTC,HODL,-10.1
2025-09-25,BTC,BTCW,0.0
2025-09-25,BTC,MSBT,
2025-09-25,BTC,GBTC,-42.9
2025-09-25,BTC,BTC,-15.5
2025-09-25,BTC,Total,-253.4
2025-09-26,BTC,IBIT,-37.3
2025-09-26,BTC,FBTC,-300.4
2025-09-26,BTC,BITB,-23.8
2025-09-26,BTC,ARKB,-17.8
2025-09-26,BTC,BTCO,0.0
2025-09-26,BTC,EZBC,0.0
2025-09-26,BTC,BRRR,0.0
2025-09-26,BTC,HODL,-9.3
2025-09-26,BTC,BTCW,0.0
2025-09-26,BTC,MSBT,
2025-09-26,BTC,GBTC,-17.1
2025-09-26,BTC,BTC,-12.6
2025-09-26,BTC,Total,-418.3
2025-09-29,BTC,IBIT,-46.6
2025-09-29,BTC,FBTC,298.7
2025-09-29,BTC,BITB,47.2
2025-09-29,BTC,ARKB,62.2
2025-09-29,BTC,BTCO,35.3
2025-09-29,BTC,EZBC,16.5
2025-09-29,BTC,BRRR,0.0
2025-09-29,BTC,HODL,30.7
2025-09-29,BTC,BTCW,0.0
2025-09-29,BTC,MSBT,
2025-09-29,BTC,GBTC,26.9
2025-09-29,BTC,BTC,47.1
2025-09-29,BTC,Total,518.0
2025-09-30,BTC,IBIT,199.4
2025-09-30,BTC,FBTC,54.7
2025-09-30,BTC,BITB,70.1
2025-09-30,BTC,ARKB,105.7
2025-09-30,BTC,BTCO,0.0
2025-09-30,BTC,EZBC,0.0
2025-09-30,BTC,BRRR,0.0
2025-09-30,BTC,HODL,0.0
2025-09-30,BTC,BTCW,0.0
2025-09-30,BTC,MSBT,
2025-09-30,BTC,GBTC,0.0
2025-09-30,BTC,BTC,0.0
2025-09-30,BTC,Total,429.9
2025-10-01,BTC,IBIT,405.5
2025-10-01,BTC,FBTC,179.3
2025-10-01,BTC,BITB,59.4
2025-10-01,BTC,ARKB,5.9
2025-10-01,BTC,BTCO,0.0
2025-10-01,BTC,EZBC,0.0
2025-10-01,BTC,BRRR,0.0
2025-10-01,BTC,HODL,6.6
2025-10-01,BTC,BTCW,0.0
2025-10-01,BTC,MSBT,
2025-10-01,BTC,GBTC,9.2
2025-10-01,BTC,BTC,9.9
2025-10-01,BTC,Total,675.8
2025-10-02,BTC,IBIT,466.5
2025-10-02,BTC,FBTC,89.6
2025-10-02,BTC,BITB,11.2
2025-10-02,BTC,ARKB,45.2
2025-10-02,BTC,BTCO,0.0
2025-10-02,BTC,EZBC,0.0
2025-10-02,BTC,BRRR,0.0
2025-10-02,BTC,HODL,1.7
2025-10-02,BTC,BTCW,0.0
2025-10-02,BTC,MSBT,
2025-10-02,BTC,GBTC,2.8
2025-10-02,BTC,BTC,10.2
2025-10-02,BTC,Total,627.2
2025-10-03,BTC,IBIT,791.6
2025-10-03,BTC,FBTC,69.6
2025-10-03,BTC,BITB,24.0
2025-10-03,BTC,ARKB,35.5
2025-10-03,BTC,BTCO,0.0
2025-10-03,BTC,EZBC,0.0
2025-10-03,BTC,BRRR,0.0
2025-10-03,BTC,HODL,26.0
2025-10-03,BTC,BTCW,0.0
2025-10-03,BTC,MSBT,
2025-10-03,BTC,GBTC,18.3
2025-10-03,BTC,BTC,20.1
2025-10-03,BTC,Total,985.1
2025-10-06,BTC,IBIT,970.0
2025-10-06,BTC,FBTC,112.3
2025-10-06,BTC,BITB,60.1
2025-10-06,BTC,ARKB,0.0
2025-10-06,BTC,BTCO,7.5
2025-10-06,BTC,EZBC,3.6
2025-10-06,BTC,BRRR,0.0
2025-10-06,BTC,HODL,15.1
2025-10-06,BTC,BTCW,6.0
2025-10-06,BTC,MSBT,
2025-10-06,BTC,GBTC,0.0
2025-10-06,BTC,BTC,30.6
2025-10-06,BTC,Total,1205.2
2025-10-07,BTC,IBIT,899.4
2025-10-07,BTC,FBTC,0.0
2025-10-07,BTC,BITB,0.0
2025-10-07,BTC,ARKB,0.0
2025-10-07,BTC,BTCO,0.0
2025-10-07,BTC,EZBC,0.0
2025-10-07,BTC,BRRR,4.8
2025-10-07,BTC,HODL,0.0
2025-10-07,BTC,BTCW,0.0
2025-10-07,BTC,MSBT,
2025-10-07,BTC,GBTC,-28.6
2025-10-07,BTC,BTC,0.0
2025-10-07,BTC,Total,875.6
2025-10-08,BTC,IBIT,426.2
2025-10-08,BTC,FBTC,0.0
2025-10-08,BTC,BITB,13.4
2025-10-08,BTC,ARKB,0.0
2025-10-08,BTC,BTCO,0.0
2025-10-08,BTC,EZBC,0.0
2025-10-08,BTC,BRRR,0.0
2025-10-08,BTC,HODL,0.0
2025-10-08,BTC,BTCW,0.0
2025-10-08,BTC,MSBT,
2025-10-08,BTC,GBTC,0.0
2025-10-08,BTC,BTC,1.1
2025-10-08,BTC,Total,440.7
2025-10-09,BTC,IBIT,255.5
2025-10-09,BTC,FBTC,-13.2
2025-10-09,BTC,BITB,6.6
2025-10-09,BTC,ARKB,-5.6
2025-10-09,BTC,BTCO,0.0
2025-10-09,BTC,EZBC,0.0
2025-10-09,BTC,BRRR,0.0
2025-10-09,BTC,HODL,0.0
2025-10-09,BTC,BTCW,0.0
2025-10-09,BTC,MSBT,
2025-10-09,BTC,GBTC,-45.5
2025-10-09,BTC,BTC,0.0
2025-10-09,BTC,Total,197.8
2025-10-10,BTC,IBIT,74.2
2025-10-10,BTC,FBTC,-10.2
2025-10-10,BTC,BITB,-37.4
2025-10-10,BTC,ARKB,-6.2
2025-10-10,BTC,BTCO,0.0
2025-10-10,BTC,EZBC,0.0
2025-10-10,BTC,BRRR,0.0
2025-10-10,BTC,HODL,0.0
2025-10-10,BTC,BTCW,0.0
2025-10-10,BTC,MSBT,
2025-10-10,BTC,GBTC,-19.2
2025-10-10,BTC,BTC,-5.7
2025-10-10,BTC,Total,-4.5
2025-10-13,BTC,IBIT,60.4
2025-10-13,BTC,FBTC,-93.3
2025-10-13,BTC,BITB,-115.6
2025-10-13,BTC,ARKB,-21.1
2025-10-13,BTC,BTCO,0.0
2025-10-13,BTC,EZBC,0.0
2025-10-13,BTC,BRRR,0.0
2025-10-13,BTC,HODL,-11.4
2025-10-13,BTC,BTCW,0.0
2025-10-13,BTC,MSBT,
2025-10-13,BTC,GBTC,-145.4
2025-10-13,BTC,BTC,0.0
2025-10-13,BTC,Total,-326.4
2025-10-14,BTC,IBIT,-30.8
2025-10-14,BTC,FBTC,132.7
2025-10-14,BTC,BITB,8.0
2025-10-14,BTC,ARKB,6.8
2025-10-14,BTC,BTCO,0.0
2025-10-14,BTC,EZBC,0.0
2025-10-14,BTC,BRRR,-14.0
2025-10-14,BTC,HODL,0.0
2025-10-14,BTC,BTCW,0.0
2025-10-14,BTC,MSBT,
2025-10-14,BTC,GBTC,0.0
2025-10-14,BTC,BTC,0.0
2025-10-14,BTC,Total,102.7
2025-10-15,BTC,IBIT,-10.1
2025-10-15,BTC,FBTC,0.0
2025-10-15,BTC,BITB,0.0
2025-10-15,BTC,ARKB,0.0
2025-10-15,BTC,BTCO,-11.1
2025-10-15,BTC,EZBC,0.0
2025-10-15,BTC,BRRR,0.0
2025-10-15,BTC,HODL,0.0
2025-10-15,BTC,BTCW,0.0
2025-10-15,BTC,MSBT,
2025-10-15,BTC,GBTC,-82.9
2025-10-15,BTC,BTC,0.0
2025-10-15,BTC,Total,-104.1
2025-10-16,BTC,IBIT,-29.5
2025-10-16,BTC,FBTC,-132.0
2025-10-16,BTC,BITB,-20.6
2025-10-16,BTC,ARKB,-275.2
2025-10-16,BTC,BTCO,0.0
2025-10-16,BTC,EZBC,0.0
2025-10-16,BTC,BRRR,0.0
2025-10-16,BTC,HODL,-6.1
2025-10-16,BTC,BTCW,0.0
2025-10-16,BTC,MSBT,
2025-10-16,BTC,GBTC,-45.0
2025-10-16,BTC,BTC,-22.5
2025-10-16,BTC,Total,-530.9
2025-10-17,BTC,IBIT,-268.6
2025-10-17,BTC,FBTC,-67.4
2025-10-17,BTC,BITB,0.0
2025-10-17,BTC,ARKB,0.0
2025-10-17,BTC,BTCO,0.0
2025-10-17,BTC,EZBC,0.0
2025-10-17,BTC,BRRR,-5.6
2025-10-17,BTC,HODL,0.0
2025-10-17,BTC,BTCW,0.0
2025-10-17,BTC,MSBT,
2025-10-17,BTC,GBTC,-25.0
2025-10-17,BTC,BTC,0.0
2025-10-17,BTC,Total,-366.6
2025-10-20,BTC,IBIT,-100.7
2025-10-20,BTC,FBTC,9.7
2025-10-20,BTC,BITB,12.1
2025-10-20,BTC,ARKB,0.0
2025-10-20,BTC,BTCO,9.9
2025-10-20,BTC,EZBC,0.0
2025-10-20,BTC,BRRR,0.0
2025-10-20,BTC,HODL,21.2
2025-10-20,BTC,BTCW,0.0
2025-10-20,BTC,MSBT,
2025-10-20,BTC,GBTC,0.0
2025-10-20,BTC,BTC,7.4
2025-10-20,BTC,Total,-40.4
2025-10-21,BTC,IBIT,210.9
2025-10-21,BTC,FBTC,34.1
2025-10-21,BTC,BITB,20.1
2025-10-21,BTC,ARKB,162.9
2025-10-21,BTC,BTCO,8.9
2025-10-21,BTC,EZBC,6.5
2025-10-21,BTC,BRRR,2.5
2025-10-21,BTC,HODL,17.4
2025-10-21,BTC,BTCW,0.0
2025-10-21,BTC,MSBT,
2025-10-21,BTC,GBTC,0.0
2025-10-21,BTC,BTC,13.9
2025-10-21,BTC,Total,477.2
2025-10-22,BTC,IBIT,73.6
2025-10-22,BTC,FBTC,-56.6
2025-10-22,BTC,BITB,-10.0
2025-10-22,BTC,ARKB,-53.9
2025-10-22,BTC,BTCO,0.0
2025-10-22,BTC,EZBC,0.0
2025-10-22,BTC,BRRR,2.1
2025-10-22,BTC,HODL,0.0
2025-10-22,BTC,BTCW,0.0
2025-10-22,BTC,MSBT,
2025-10-22,BTC,GBTC,-56.6
2025-10-22,BTC,BTC,0.0
2025-10-22,BTC,Total,-101.4
2025-10-23,BTC,IBIT,107.8
2025-10-23,BTC,FBTC,7.2
2025-10-23,BTC,BITB,17.4
2025-10-23,BTC,ARKB,-55.0
2025-10-23,BTC,BTCO,0.0
2025-10-23,BTC,EZBC,0.0
2025-10-23,BTC,BRRR,0.0
2025-10-23,BTC,HODL,0.0
2025-10-23,BTC,BTCW,0.0
2025-10-23,BTC,MSBT,
2025-10-23,BTC,GBTC,-60.5
2025-10-23,BTC,BTC,3.4
2025-10-23,BTC,Total,20.3
2025-10-24,BTC,IBIT,32.7
2025-10-24,BTC,FBTC,57.9
2025-10-24,BTC,BITB,0.0
2025-10-24,BTC,ARKB,0.0
2025-10-24,BTC,BTCO,0.0
2025-10-24,BTC,EZBC,0.0
2025-10-24,BTC,BRRR,0.0
2025-10-24,BTC,HODL,0.0
2025-10-24,BTC,BTCW,0.0
2025-10-24,BTC,MSBT,
2025-10-24,BTC,GBTC,0.0
2025-10-24,BTC,BTC,0.0
2025-10-24,BTC,Total,90.6
2025-10-27,BTC,IBIT,65.3
2025-10-27,BTC,FBTC,0.0
2025-10-27,BTC,BITB,0.0
2025-10-27,BTC,ARKB,76.4
2025-10-27,BTC,BTCO,0.0
2025-10-27,BTC,EZBC,0.0
2025-10-27,BTC,BRRR,0.0
2025-10-27,BTC,HODL,0.0
2025-10-27,BTC,BTCW,0.0
2025-10-27,BTC,MSBT,
2025-10-27,BTC,GBTC,0.0
2025-10-27,BTC,BTC,7.6
2025-10-27,BTC,Total,149.3
2025-10-28,BTC,IBIT,59.6
2025-10-28,BTC,FBTC,67.0
2025-10-28,BTC,BITB,0.0
2025-10-28,BTC,ARKB,75.8
2025-10-28,BTC,BTCO,0.0
2025-10-28,BTC,EZBC,0.0
2025-10-28,BTC,BRRR,0.0
2025-10-28,BTC,HODL,0.0
2025-10-28,BTC,BTCW,0.0
2025-10-28,BTC,MSBT,
2025-10-28,BTC,GBTC,0.0
2025-10-28,BTC,BTC,0.0
2025-10-28,BTC,Total,202.4
2025-10-29,BTC,IBIT,-88.1
2025-10-29,BTC,FBTC,-164.4
2025-10-29,BTC,BITB,-6.0
2025-10-29,BTC,ARKB,-143.8
2025-10-29,BTC,BTCO,0.0
2025-10-29,BTC,EZBC,0.0
2025-10-29,BTC,BRRR,0.0
2025-10-29,BTC,HODL,0.0
2025-10-29,BTC,BTCW,0.0
2025-10-29,BTC,MSBT,
2025-10-29,BTC,GBTC,-65.0
2025-10-29,BTC,BTC,-3.4
2025-10-29,BTC,Total,-470.7
2025-10-30,BTC,IBIT,-290.9
2025-10-30,BTC,FBTC,-46.5
2025-10-30,BTC,BITB,-55.1
2025-10-30,BTC,ARKB,-65.6
2025-10-30,BTC,BTCO,-8.0
2025-10-30,BTC,EZBC,0.0
2025-10-30,BTC,BRRR,0.0
2025-10-30,BTC,HODL,-3.8
2025-10-30,BTC,BTCW,0.0
2025-10-30,BTC,MSBT,
2025-10-30,BTC,GBTC,-10.0
2025-10-30,BTC,BTC,-8.5
2025-10-30,BTC,Total,-488.4
2025-10-31,BTC,IBIT,-149.3
2025-10-31,BTC,FBTC,-12.0
2025-10-31,BTC,BITB,-17.9
2025-10-31,BTC,ARKB,-19.3
2025-10-31,BTC,BTCO,0.0
2025-10-31,BTC,EZBC,0.0
2025-10-31,BTC,BRRR,0.0
2025-10-31,BTC,HODL,0.0
2025-10-31,BTC,BTCW,0.0
2025-10-31,BTC,MSBT,
2025-10-31,BTC,GBTC,6.9
2025-10-31,BTC,BTC,0.0
2025-10-31,BTC,Total,-191.6
2025-11-03,BTC,IBIT,-186.5
2025-11-03,BTC,FBTC,0.0
2025-11-03,BTC,BITB,0.0
2025-11-03,BTC,ARKB,0.0
2025-11-03,BTC,BTCO,0.0
2025-11-03,BTC,EZBC,0.0
2025-11-03,BTC,BRRR,0.0
2025-11-03,BTC,HODL,0.0
2025-11-03,BTC,BTCW,0.0
2025-11-03,BTC,MSBT,
2025-11-03,BTC,GBTC,0.0
2025-11-03,BTC,BTC,0.0
2025-11-03,BTC,Total,-186.5
2025-11-04,BTC,IBIT,0.0
2025-11-04,BTC,FBTC,-356.6
2025-11-04,BTC,BITB,-7.1
2025-11-04,BTC,ARKB,-128.1
2025-11-04,BTC,BTCO,0.0
2025-11-04,BTC,EZBC,-8.7
2025-11-04,BTC,BRRR,0.0
2025-11-04,BTC,HODL,-17.0
2025-11-04,BTC,BTCW,0.0
2025-11-04,BTC,MSBT,
2025-11-04,BTC,GBTC,-48.9
2025-11-04,BTC,BTC,0.0
2025-11-04,BTC,Total,-566.4
2025-11-05,BTC,IBIT,-375.5
2025-11-05,BTC,FBTC,113.3
2025-11-05,BTC,BITB,17.0
2025-11-05,BTC,ARKB,82.9
2025-11-05,BTC,BTCO,0.0
2025-11-05,BTC,EZBC,0.0
2025-11-05,BTC,BRRR,0.0
2025-11-05,BTC,HODL,3.7
2025-11-05,BTC,BTCW,0.0
2025-11-05,BTC,MSBT,
2025-11-05,BTC,GBTC,0.0
2025-11-05,BTC,BTC,21.6
2025-11-05,BTC,Total,-137.0
2025-11-06,BTC,IBIT,112.4
2025-11-06,BTC,FBTC,61.6
2025-11-06,BTC,BITB,5.5
2025-11-06,BTC,ARKB,60.4
2025-11-06,BTC,BTCO,0.0
2025-11-06,BTC,EZBC,0.0
2025-11-06,BTC,BRRR,0.0
2025-11-06,BTC,HODL,0.0
2025-11-06,BTC,BTCW,0.0
2025-11-06,BTC,MSBT,
2025-11-06,BTC,GBTC,0.0
2025-11-06,BTC,BTC,0.0
2025-11-06,BTC,Total,239.9
2025-11-07,BTC,IBIT,-131.4
2025-11-07,BTC,FBTC,-256.7
2025-11-07,BTC,BITB,-10.7
2025-11-07,BTC,ARKB,-144.2
2025-11-07,BTC,BTCO,0.0
2025-11-07,BTC,EZBC,0.0
2025-11-07,BTC,BRRR,0.0
2025-11-07,BTC,HODL,0.0
2025-11-07,BTC,BTCW,0.0
2025-11-07,BTC,MSBT,
2025-11-07,BTC,GBTC,-15.4
2025-11-07,BTC,BTC,0.0
2025-11-07,BTC,Total,-558.4
2025-11-10,BTC,IBIT,0.0
2025-11-10,BTC,FBTC,0.0
2025-11-10,BTC,BITB,1.2
2025-11-10,BTC,ARKB,0.0
2025-11-10,BTC,BTCO,0.0
2025-11-10,BTC,EZBC,0.0
2025-11-10,BTC,BRRR,0.0
2025-11-10,BTC,HODL,0.0
2025-11-10,BTC,BTCW,0.0
2025-11-10,BTC,MSBT,
2025-11-10,BTC,GBTC,0.0
2025-11-10,BTC,BTC,0.0
2025-11-10,BTC,Total,1.2
2025-11-11,BTC,IBIT,224.2
2025-11-11,BTC,FBTC,165.9
2025-11-11,BTC,BITB,7.3
2025-11-11,BTC,ARKB,102.5
2025-11-11,BTC,BTCO,0.0
2025-11-11,BTC,EZBC,0.0
2025-11-11,BTC,BRRR,0.0
2025-11-11,BTC,HODL,0.0
2025-11-11,BTC,BTCW,0.0
2025-11-11,BTC,MSBT,
2025-11-11,BTC,GBTC,0.0
2025-11-11,BTC,BTC,24.1
2025-11-11,BTC,Total,524.0
2025-11-12,BTC,IBIT,-36.9
2025-11-12,BTC,FBTC,-132.9
2025-11-12,BTC,BITB,0.0
2025-11-12,BTC,ARKB,-85.2
2025-11-12,BTC,BTCO,0.0
2025-11-12,BTC,EZBC,0.0
2025-11-12,BTC,BRRR,0.0
2025-11-12,BTC,HODL,0.0
2025-11-12,BTC,BTCW,0.0
2025-11-12,BTC,MSBT,
2025-11-12,BTC,GBTC,-23.1
2025-11-12,BTC,BTC,0.0
2025-11-12,BTC,Total,-278.1
2025-11-13,BTC,IBIT,-256.6
2025-11-13,BTC,FBTC,-119.9
2025-11-13,BTC,BITB,-47.0
2025-11-13,BTC,ARKB,-15.7
2025-11-13,BTC,BTCO,-30.8
2025-11-13,BTC,EZBC,-5.7
2025-11-13,BTC,BRRR,0.0
2025-11-13,BTC,HODL,-8.3
2025-11-13,BTC,BTCW,0.0
2025-11-13,BTC,MSBT,
2025-11-13,BTC,GBTC,-64.5
2025-11-13,BTC,BTC,-318.2
2025-11-13,BTC,Total,-866.7
2025-11-14,BTC,IBIT,-463.1
2025-11-14,BTC,FBTC,-2.1
2025-11-14,BTC,BITB,0.0
2025-11-14,BTC,ARKB,0.0
2025-11-14,BTC,BTCO,0.0
2025-11-14,BTC,EZBC,0.0
2025-11-14,BTC,BRRR,0.0
2025-11-14,BTC,HODL,0.0
2025-11-14,BTC,BTCW,-6.0
2025-11-14,BTC,MSBT,
2025-11-14,BTC,GBTC,-25.1
2025-11-14,BTC,BTC,4.2
2025-11-14,BTC,Total,-492.1
2025-11-17,BTC,IBIT,-145.6
2025-11-17,BTC,FBTC,-12.0
2025-11-17,BTC,BITB,-9.5
2025-11-17,BTC,ARKB,-29.7
2025-11-17,BTC,BTCO,0.0
2025-11-17,BTC,EZBC,0.0
2025-11-17,BTC,BRRR,0.0
2025-11-17,BTC,HODL,-23.3
2025-11-17,BTC,BTCW,0.0
2025-11-17,BTC,MSBT,
2025-11-17,BTC,GBTC,-34.5
2025-11-17,BTC,BTC,0.0
2025-11-17,BTC,Total,-254.6
2025-11-18,BTC,IBIT,-523.2
2025-11-18,BTC,FBTC,0.0
2025-11-18,BTC,BITB,0.0
2025-11-18,BTC,ARKB,0.0
2025-11-18,BTC,BTCO,0.0
2025-11-18,BTC,EZBC,10.8
2025-11-18,BTC,BRRR,0.0
2025-11-18,BTC,HODL,0.0
2025-11-18,BTC,BTCW,0.0
2025-11-18,BTC,MSBT,
2025-11-18,BTC,GBTC,0.0
2025-11-18,BTC,BTC,139.6
2025-11-18,BTC,Total,-372.8
2025-11-19,BTC,IBIT,60.6
2025-11-19,BTC,FBTC,-21.4
2025-11-19,BTC,BITB,0.0
2025-11-19,BTC,ARKB,0.0
2025-11-19,BTC,BTCO,0.0
2025-11-19,BTC,EZBC,0.0
2025-11-19,BTC,BRRR,0.0
2025-11-19,BTC,HODL,-17.6
2025-11-19,BTC,BTCW,0.0
2025-11-19,BTC,MSBT,
2025-11-19,BTC,GBTC,0.0
2025-11-19,BTC,BTC,53.8
2025-11-19,BTC,Total,75.4
2025-11-20,BTC,IBIT,-355.5
2025-11-20,BTC,FBTC,-190.4
2025-11-20,BTC,BITB,-21.2
2025-11-20,BTC,ARKB,-94.4
2025-11-20,BTC,BTCO,0.0
2025-11-20,BTC,EZBC,-7.5
2025-11-20,BTC,BRRR,0.0
2025-11-20,BTC,HODL,-30.6
2025-11-20,BTC,BTCW,0.0
2025-11-20,BTC,MSBT,
2025-11-20,BTC,GBTC,-199.4
2025-11-20,BTC,BTC,-4.2
2025-11-20,BTC,Total,-903.2
2025-11-21,BTC,IBIT,-122.0
2025-11-21,BTC,FBTC,108.0
2025-11-21,BTC,BITB,22.8
2025-11-21,BTC,ARKB,39.1
2025-11-21,BTC,BTCO,35.8
2025-11-21,BTC,EZBC,0.0
2025-11-21,BTC,BRRR,0.0
2025-11-21,BTC,HODL,8.3
2025-11-21,BTC,BTCW,0.0
2025-11-21,BTC,MSBT,
2025-11-21,BTC,GBTC,61.5
2025-11-21,BTC,BTC,84.9
2025-11-21,BTC,Total,238.4
2025-11-24,BTC,IBIT,-149.1
2025-11-24,BTC,FBTC,15.5
2025-11-24,BTC,BITB,-5.8
2025-11-24,BTC,ARKB,-11.6
2025-11-24,BTC,BTCO,0.0
2025-11-24,BTC,EZBC,0.0
2025-11-24,BTC,BRRR,0.0
2025-11-24,BTC,HODL,0.0
2025-11-24,BTC,BTCW,0.0
2025-11-24,BTC,MSBT,
2025-11-24,BTC,GBTC,0.0
2025-11-24,BTC,BTC,0.0
2025-11-24,BTC,Total,-151.0
2025-11-25,BTC,IBIT,83.0
2025-11-25,BTC,FBTC,170.8
2025-11-25,BTC,BITB,-12.3
2025-11-25,BTC,ARKB,-75.9
2025-11-25,BTC,BTCO,0.0
2025-11-25,BTC,EZBC,0.0
2025-11-25,BTC,BRRR,0.0
2025-11-25,BTC,HODL,-36.9
2025-11-25,BTC,BTCW,0.0
2025-11-25,BTC,MSBT,
2025-11-25,BTC,GBTC,0.0
2025-11-25,BTC,BTC,0.0
2025-11-25,BTC,Total,128.7
2025-11-26,BTC,IBIT,42.8
2025-11-26,BTC,FBTC,-33.3
2025-11-26,BTC,BITB,0.0
2025-11-26,BTC,ARKB,6.0
2025-11-26,BTC,BTCO,0.0
2025-11-26,BTC,EZBC,0.0
2025-11-26,BTC,BRRR,0.0
2025-11-26,BTC,HODL,0.0
2025-11-26,BTC,BTCW,0.0
2025-11-26,BTC,MSBT,
2025-11-26,BTC,GBTC,5.6
2025-11-26,BTC,BTC,0.0
2025-11-26,BTC,Total,21.1
2025-11-28,BTC,IBIT,-113.7
2025-11-28,BTC,FBTC,77.5
2025-11-28,BTC,BITB,0.0
2025-11-28,BTC,ARKB,88.0
2025-11-28,BTC,BTCO,0.0
2025-11-28,BTC,EZBC,0.0
2025-11-28,BTC,BRRR,0.0
2025-11-28,BTC,HODL,0.0
2025-11-28,BTC,BTCW,0.0
2025-11-28,BTC,MSBT,
2025-11-28,BTC,GBTC,10.7
2025-11-28,BTC,BTC,8.9
2025-11-28,BTC,Total,71.4
2025-12-01,BTC,IBIT,-65.9
2025-12-01,BTC,FBTC,67.0
2025-12-01,BTC,BITB,0.0
2025-12-01,BTC,ARKB,7.4
2025-12-01,BTC,BTCO,0.0
2025-12-01,BTC,EZBC,0.0
2025-12-01,BTC,BRRR,0.0
2025-12-01,BTC,HODL,0.0
2025-12-01,BTC,BTCW,0.0
2025-12-01,BTC,MSBT,
2025-12-01,BTC,GBTC,0.0
2025-12-01,BTC,BTC,0.0
2025-12-01,BTC,Total,8.5
2025-12-02,BTC,IBIT,120.1
2025-12-02,BTC,FBTC,21.9
2025-12-02,BTC,BITB,7.4
2025-12-02,BTC,ARKB,-90.9
2025-12-02,BTC,BTCO,0.0
2025-12-02,BTC,EZBC,0.0
2025-12-02,BTC,BRRR,0.0
2025-12-02,BTC,HODL,0.0
2025-12-02,BTC,BTCW,0.0
2025-12-02,BTC,MSBT,
2025-12-02,BTC,GBTC,0.0
2025-12-02,BTC,BTC,0.0
2025-12-02,BTC,Total,58.5
2025-12-03,BTC,IBIT,42.2
2025-12-03,BTC,FBTC,0.0
2025-12-03,BTC,BITB,0.0
2025-12-03,BTC,ARKB,-37.1
2025-12-03,BTC,BTCO,0.0
2025-12-03,BTC,EZBC,0.0
2025-12-03,BTC,BRRR,0.0
2025-12-03,BTC,HODL,0.0
2025-12-03,BTC,BTCW,0.0
2025-12-03,BTC,MSBT,
2025-12-03,BTC,GBTC,-19.6
2025-12-03,BTC,BTC,-0.4
2025-12-03,BTC,Total,-14.9
2025-12-04,BTC,IBIT,-113.0
2025-12-04,BTC,FBTC,-54.2
2025-12-04,BTC,BITB,-3.0
2025-12-04,BTC,ARKB,0.0
2025-12-04,BTC,BTCO,0.0
2025-12-04,BTC,EZBC,0.0
2025-12-04,BTC,BRRR,0.0
2025-12-04,BTC,HODL,-14.3
2025-12-04,BTC,BTCW,0.0
2025-12-04,BTC,MSBT,
2025-12-04,BTC,GBTC,-10.1
2025-12-04,BTC,BTC,0.0
2025-12-04,BTC,Total,-194.6
2025-12-05,BTC,IBIT,-32.5
2025-12-05,BTC,FBTC,27.3
2025-12-05,BTC,BITB,4.9
2025-12-05,BTC,ARKB,42.8
2025-12-05,BTC,BTCO,0.0
2025-12-05,BTC,EZBC,0.0
2025-12-05,BTC,BRRR,0.0
2025-12-05,BTC,HODL,11.4
2025-12-05,BTC,BTCW,0.9
2025-12-05,BTC,MSBT,
2025-12-05,BTC,GBTC,0.0
2025-12-05,BTC,BTC,0.0
2025-12-05,BTC,Total,54.8
2025-12-08,BTC,IBIT,28.8
2025-12-08,BTC,FBTC,-39.4
2025-12-08,BTC,BITB,0.0
2025-12-08,BTC,ARKB,0.0
2025-12-08,BTC,BTCO,0.0
2025-12-08,BTC,EZBC,0.0
2025-12-08,BTC,BRRR,0.0
2025-12-08,BTC,HODL,-5.8
2025-12-08,BTC,BTCW,0.0
2025-12-08,BTC,MSBT,
2025-12-08,BTC,GBTC,-44.0
2025-12-08,BTC,BTC,0.0
2025-12-08,BTC,Total,-60.4
2025-12-09,BTC,IBIT,-135.4
2025-12-09,BTC,FBTC,198.9
2025-12-09,BTC,BITB,16.2
2025-12-09,BTC,ARKB,5.3
2025-12-09,BTC,BTCO,6.5
2025-12-09,BTC,EZBC,8.1
2025-12-09,BTC,BRRR,0.0
2025-12-09,BTC,HODL,0.0
2025-12-09,BTC,BTCW,1.0
2025-12-09,BTC,MSBT,
2025-12-09,BTC,GBTC,17.5
2025-12-09,BTC,BTC,33.8
2025-12-09,BTC,Total,151.9
2025-12-10,BTC,IBIT,192.9
2025-12-10,BTC,FBTC,30.6
2025-12-10,BTC,BITB,0.0
2025-12-10,BTC,ARKB,0.0
2025-12-10,BTC,BTCO,0.0
2025-12-10,BTC,EZBC,0.0
2025-12-10,BTC,BRRR,0.0
2025-12-10,BTC,HODL,0.0
2025-12-10,BTC,BTCW,0.0
2025-12-10,BTC,MSBT,
2025-12-10,BTC,GBTC,0.0
2025-12-10,BTC,BTC,0.0
2025-12-10,BTC,Total,223.5
2025-12-11,BTC,IBIT,76.7
2025-12-11,BTC,FBTC,-103.6
2025-12-11,BTC,BITB,8.4
2025-12-11,BTC,ARKB,-16.4
2025-12-11,BTC,BTCO,0.0
2025-12-11,BTC,EZBC,0.0
2025-12-11,BTC,BRRR,0.0
2025-12-11,BTC,HODL,-19.4
2025-12-11,BTC,BTCW,0.0
2025-12-11,BTC,MSBT,
2025-12-11,BTC,GBTC,-12.2
2025-12-11,BTC,BTC,-11.0
2025-12-11,BTC,Total,-77.5
2025-12-12,BTC,IBIT,51.1
2025-12-12,BTC,FBTC,-2.0
2025-12-12,BTC,BITB,0.0
2025-12-12,BTC,ARKB,0.0
2025-12-12,BTC,BTCO,0.0
2025-12-12,BTC,EZBC,0.0
2025-12-12,BTC,BRRR,0.0
2025-12-12,BTC,HODL,0.0
2025-12-12,BTC,BTCW,0.0
2025-12-12,BTC,MSBT,
2025-12-12,BTC,GBTC,0.0
2025-12-12,BTC,BTC,0.0
2025-12-12,BTC,Total,49.1
2025-12-15,BTC,IBIT,0.0
2025-12-15,BTC,FBTC,-230.1
2025-12-15,BTC,BITB,-44.3
2025-12-15,BTC,ARKB,-34.5
2025-12-15,BTC,BTCO,0.0
2025-12-15,BTC,EZBC,0.0
2025-12-15,BTC,BRRR,0.0
2025-12-15,BTC,HODL,-21.2
2025-12-15,BTC,BTCW,0.0
2025-12-15,BTC,MSBT,
2025-12-15,BTC,GBTC,-27.5
2025-12-15,BTC,BTC,0.0
2025-12-15,BTC,Total,-357.6
2025-12-16,BTC,IBIT,-210.7
2025-12-16,BTC,FBTC,26.7
2025-12-16,BTC,BITB,-50.9
2025-12-16,BTC,ARKB,-16.9
2025-12-16,BTC,BTCO,0.0
2025-12-16,BTC,EZBC,0.0
2025-12-16,BTC,BRRR,0.0
2025-12-16,BTC,HODL,-18.0
2025-12-16,BTC,BTCW,0.0
2025-12-16,BTC,MSBT,
2025-12-16,BTC,GBTC,0.0
2025-12-16,BTC,BTC,-7.4
2025-12-16,BTC,Total,-277.2
2025-12-17,BTC,IBIT,111.2
2025-12-17,BTC,FBTC,391.5
2025-12-17,BTC,BITB,-8.4
2025-12-17,BTC,ARKB,-37.0
2025-12-17,BTC,BTCO,0.0
2025-12-17,BTC,EZBC,0.0
2025-12-17,BTC,BRRR,0.0
2025-12-17,BTC,HODL,0.0
2025-12-17,BTC,BTCW,0.0
2025-12-17,BTC,MSBT,
2025-12-17,BTC,GBTC,0.0
2025-12-17,BTC,BTC,0.0
2025-12-17,BTC,Total,457.3
2025-12-18,BTC,IBIT,32.8
2025-12-18,BTC,FBTC,-170.3
2025-12-18,BTC,BITB,-11.5
2025-12-18,BTC,ARKB,-12.3
2025-12-18,BTC,BTCO,0.0
2025-12-18,BTC,EZBC,0.0
2025-12-18,BTC,BRRR,0.0
2025-12-18,BTC,HODL,0.0
2025-12-18,BTC,BTCW,0.0
2025-12-18,BTC,MSBT,
2025-12-18,BTC,GBTC,0.0
2025-12-18,BTC,BTC,0.0
2025-12-18,BTC,Total,-161.3
2025-12-19,BTC,IBIT,-173.6
2025-12-19,BTC,FBTC,15.3
2025-12-19,BTC,BITB,0.0
2025-12-19,BTC,ARKB,0.0
2025-12-19,BTC,BTCO,0.0
2025-12-19,BTC,EZBC,0.0
2025-12-19,BTC,BRRR,0.0
2025-12-19,BTC,HODL,0.0
2025-12-19,BTC,BTCW,0.0
2025-12-19,BTC,MSBT,
2025-12-19,BTC,GBTC,0.0
2025-12-19,BTC,BTC,0.0
2025-12-19,BTC,Total,-158.3
2025-12-22,BTC,IBIT,6.0
2025-12-22,BTC,FBTC,-3.8
2025-12-22,BTC,BITB,-35.0
2025-12-22,BTC,ARKB,-21.4
2025-12-22,BTC,BTCO,0.0
2025-12-22,BTC,EZBC,0.0
2025-12-22,BTC,BRRR,0.0
2025-12-22,BTC,HODL,-33.6
2025-12-22,BTC,BTCW,0.0
2025-12-22,BTC,MSBT,
2025-12-22,BTC,GBTC,-29.0
2025-12-22,BTC,BTC,-25.4
2025-12-22,BTC,Total,-142.2
2025-12-23,BTC,IBIT,-157.3
2025-12-23,BTC,FBTC,-15.3
2025-12-23,BTC,BITB,-5.7
2025-12-23,BTC,ARKB,0.0
2025-12-23,BTC,BTCO,0.0
2025-12-23,BTC,EZBC,0.0
2025-12-23,BTC,BRRR,0.0
2025-12-23,BTC,HODL,0.0
2025-12-23,BTC,BTCW,0.0
2025-12-23,BTC,MSBT,
2025-12-23,BTC,GBTC,-10.3
2025-12-23,BTC,BTC,0.0
2025-12-23,BTC,Total,-188.6
2025-12-24,BTC,IBIT,-91.4
2025-12-24,BTC,FBTC,-17.2
2025-12-24,BTC,BITB,-13.3
2025-12-24,BTC,ARKB,-9.9
2025-12-24,BTC,BTCO,0.0
2025-12-24,BTC,EZBC,-5.1
2025-12-24,BTC,BRRR,0.0
2025-12-24,BTC,HODL,-8.0
2025-12-24,BTC,BTCW,0.0
2025-12-24,BTC,MSBT,
2025-12-24,BTC,GBTC,-24.6
2025-12-24,BTC,BTC,-5.8
2025-12-24,BTC,Total,-175.3
2025-12-26,BTC,IBIT,-192.6
2025-12-26,BTC,FBTC,-74.4
2025-12-26,BTC,BITB,0.0
2025-12-26,BTC,ARKB,0.0
2025-12-26,BTC,BTCO,0.0
2025-12-26,BTC,EZBC,0.0
2025-12-26,BTC,BRRR,0.0
2025-12-26,BTC,HODL,0.0
2025-12-26,BTC,BTCW,0.0
2025-12-26,BTC,MSBT,
2025-12-26,BTC,GBTC,-8.9
2025-12-26,BTC,BTC,0.0
2025-12-26,BTC,Total,-275.9
2025-12-29,BTC,IBIT,-7.9
2025-12-29,BTC,FBTC,5.7
2025-12-29,BTC,BITB,0.0
2025-12-29,BTC,ARKB,-6.7
2025-12-29,BTC,BTCO,-10.4
2025-12-29,BTC,EZBC,0.0
2025-12-29,BTC,BRRR,0.0
2025-12-29,BTC,HODL,0.0
2025-12-29,BTC,BTCW,0.0
2025-12-29,BTC,MSBT,
2025-12-29,BTC,GBTC,0.0
2025-12-29,BTC,BTC,0.0
2025-12-29,BTC,Total,-19.3
2025-12-30,BTC,IBIT,143.7
2025-12-30,BTC,FBTC,78.6
2025-12-30,BTC,BITB,13.9
2025-12-30,BTC,ARKB,109.6
2025-12-30,BTC,BTCO,0.0
2025-12-30,BTC,EZBC,0.0
2025-12-30,BTC,BRRR,0.0
2025-12-30,BTC,HODL,5.0
2025-12-30,BTC,BTCW,0.0
2025-12-30,BTC,MSBT,
2025-12-30,BTC,GBTC,0.0
2025-12-30,BTC,BTC,4.3
2025-12-30,BTC,Total,355.1
2025-12-31,BTC,IBIT,-99.0
2025-12-31,BTC,FBTC,-66.6
2025-12-31,BTC,BITB,-13.8
2025-12-31,BTC,ARKB,-76.5
2025-12-31,BTC,BTCO,0.0
2025-12-31,BTC,EZBC,-5.1
2025-12-31,BTC,BRRR,0.0
2025-12-31,BTC,HODL,-6.8
2025-12-31,BTC,BTCW,0.0
2025-12-31,BTC,MSBT,
2025-12-31,BTC,GBTC,-69.1
2025-12-31,BTC,BTC,-11.2
2025-12-31,BTC,Total,-348.1
2026-01-02,BTC,IBIT,287.4
2026-01-02,BTC,FBTC,88.1
2026-01-02,BTC,BITB,41.5
2026-01-02,BTC,ARKB,6.7
2026-01-02,BTC,BTCO,4.5
2026-01-02,BTC,EZBC,13.0
2026-01-02,BTC,BRRR,0.0
2026-01-02,BTC,HODL,8.3
2026-01-02,BTC,BTCW,0.0
2026-01-02,BTC,MSBT,
2026-01-02,BTC,GBTC,15.4
2026-01-02,BTC,BTC,6.4
2026-01-02,BTC,Total,471.3
2026-01-05,BTC,IBIT,372.5
2026-01-05,BTC,FBTC,191.2
2026-01-05,BTC,BITB,38.5
2026-01-05,BTC,ARKB,36.0
2026-01-05,BTC,BTCO,15.0
2026-01-05,BTC,EZBC,13.6
2026-01-05,BTC,BRRR,7.2
2026-01-05,BTC,HODL,5.3
2026-01-05,BTC,BTCW,0.0
2026-01-05,BTC,MSBT,
2026-01-05,BTC,GBTC,0.0
2026-01-05,BTC,BTC,17.9
2026-01-05,BTC,Total,697.2
2026-01-06,BTC,IBIT,228.7
2026-01-06,BTC,FBTC,-312.2
2026-01-06,BTC,BITB,0.0
2026-01-06,BTC,ARKB,-29.5
2026-01-06,BTC,BTCO,0.0
2026-01-06,BTC,EZBC,0.0
2026-01-06,BTC,BRRR,0.0
2026-01-06,BTC,HODL,-14.4
2026-01-06,BTC,BTCW,0.0
2026-01-06,BTC,MSBT,
2026-01-06,BTC,GBTC,-83.1
2026-01-06,BTC,BTC,-32.7
2026-01-06,BTC,Total,-243.2
2026-01-07,BTC,IBIT,-130.0
2026-01-07,BTC,FBTC,-247.6
2026-01-07,BTC,BITB,-39.0
2026-01-07,BTC,ARKB,-42.3
2026-01-07,BTC,BTCO,0.0
2026-01-07,BTC,EZBC,0.0
2026-01-07,BTC,BRRR,0.0
2026-01-07,BTC,HODL,-11.6
2026-01-07,BTC,BTCW,0.0
2026-01-07,BTC,MSBT,
2026-01-07,BTC,GBTC,-15.6
2026-01-07,BTC,BTC,0.0
2026-01-07,BTC,Total,-486.1
2026-01-08,BTC,IBIT,-193.3
2026-01-08,BTC,FBTC,-120.5
2026-01-08,BTC,BITB,3.0
2026-01-08,BTC,ARKB,-9.6
2026-01-08,BTC,BTCO,0.0
2026-01-08,BTC,EZBC,0.0
2026-01-08,BTC,BRRR,0.0
2026-01-08,BTC,HODL,0.0
2026-01-08,BTC,BTCW,1.9
2026-01-08,BTC,MSBT,
2026-01-08,BTC,GBTC,-73.1
2026-01-08,BTC,BTC,-7.2
2026-01-08,BTC,Total,-398.8
2026-01-09,BTC,IBIT,-252.0
2026-01-09,BTC,FBTC,7.9
2026-01-09,BTC,BITB,-5.9
2026-01-09,BTC,ARKB,0.0
2026-01-09,BTC,BTCO,0.0
2026-01-09,BTC,EZBC,0.0
2026-01-09,BTC,BRRR,0.0
2026-01-09,BTC,HODL,0.0
2026-01-09,BTC,BTCW,0.0
2026-01-09,BTC,MSBT,
2026-01-09,BTC,GBTC,0.0
2026-01-09,BTC,BTC,0.0
2026-01-09,BTC,Total,-250.0
2026-01-12,BTC,IBIT,-70.7
2026-01-12,BTC,FBTC,111.7
2026-01-12,BTC,BITB,0.0
2026-01-12,BTC,ARKB,0.0
2026-01-12,BTC,BTCO,0.0
2026-01-12,BTC,EZBC,0.0
2026-01-12,BTC,BRRR,0.0
2026-01-12,BTC,HODL,6.5
2026-01-12,BTC,BTCW,0.0
2026-01-12,BTC,MSBT,
2026-01-12,BTC,GBTC,64.3
2026-01-12,BTC,BTC,4.9
2026-01-12,BTC,Total,116.7
2026-01-13,BTC,IBIT,126.3
2026-01-13,BTC,FBTC,351.4
2026-01-13,BTC,BITB,159.4
2026-01-13,BTC,ARKB,84.9
2026-01-13,BTC,BTCO,0.0
2026-01-13,BTC,EZBC,0.0
2026-01-13,BTC,BRRR,0.0
2026-01-13,BTC,HODL,10.0
2026-01-13,BTC,BTCW,3.0
2026-01-13,BTC,MSBT,
2026-01-13,BTC,GBTC,0.0
2026-01-13,BTC,BTC,18.8
2026-01-13,BTC,Total,753.8
2026-01-14,BTC,IBIT,648.4
2026-01-14,BTC,FBTC,125.4
2026-01-14,BTC,BITB,10.6
2026-01-14,BTC,ARKB,27.0
2026-01-14,BTC,BTCO,0.0
2026-01-14,BTC,EZBC,5.6
2026-01-14,BTC,BRRR,0.0
2026-01-14,BTC,HODL,8.3
2026-01-14,BTC,BTCW,0.0
2026-01-14,BTC,MSBT,
2026-01-14,BTC,GBTC,15.3
2026-01-14,BTC,BTC,0.0
2026-01-14,BTC,Total,840.6
2026-01-15,BTC,IBIT,315.8
2026-01-15,BTC,FBTC,-188.9
2026-01-15,BTC,BITB,0.0
2026-01-15,BTC,ARKB,0.0
2026-01-15,BTC,BTCO,0.0
2026-01-15,BTC,EZBC,0.0
2026-01-15,BTC,BRRR,3.0
2026-01-15,BTC,HODL,0.0
2026-01-15,BTC,BTCW,0.0
2026-01-15,BTC,MSBT,
2026-01-15,BTC,GBTC,-36.4
2026-01-15,BTC,BTC,6.7
2026-01-15,BTC,Total,100.2
2026-01-16,BTC,IBIT,15.1
2026-01-16,BTC,FBTC,-205.2
2026-01-16,BTC,BITB,-90.4
2026-01-16,BTC,ARKB,-69.4
2026-01-16,BTC,BTCO,0.0
2026-01-16,BTC,EZBC,0.0
2026-01-16,BTC,BRRR,0.0
2026-01-16,BTC,HODL,0.0
2026-01-16,BTC,BTCW,0.0
2026-01-16,BTC,MSBT,
2026-01-16,BTC,GBTC,-44.8
2026-01-16,BTC,BTC,0.0
2026-01-16,BTC,Total,-394.7
2026-01-20,BTC,IBIT,-56.9
2026-01-20,BTC,FBTC,-152.1
2026-01-20,BTC,BITB,-40.4
2026-01-20,BTC,ARKB,-46.4
2026-01-20,BTC,BTCO,0.0
2026-01-20,BTC,EZBC,-10.4
2026-01-20,BTC,BRRR,0.0
2026-01-20,BTC,HODL,-12.7
2026-01-20,BTC,BTCW,0.0
2026-01-20,BTC,MSBT,
2026-01-20,BTC,GBTC,-160.8
2026-01-20,BTC,BTC,0.0
2026-01-20,BTC,Total,-479.7
2026-01-21,BTC,IBIT,-356.6
2026-01-21,BTC,FBTC,-287.7
2026-01-21,BTC,BITB,-25.9
2026-01-21,BTC,ARKB,-29.8
2026-01-21,BTC,BTCO,0.0
2026-01-21,BTC,EZBC,0.0
2026-01-21,BTC,BRRR,-3.8
2026-01-21,BTC,HODL,6.4
2026-01-21,BTC,BTCW,0.0
2026-01-21,BTC,MSBT,
2026-01-21,BTC,GBTC,-11.3
2026-01-21,BTC,BTC,0.0
2026-01-21,BTC,Total,-708.7
2026-01-22,BTC,IBIT,-22.4
2026-01-22,BTC,FBTC,-9.8
2026-01-22,BTC,BITB,0.0
2026-01-22,BTC,ARKB,0.0
2026-01-22,BTC,BTCO,0.0
2026-01-22,BTC,EZBC,0.0
2026-01-22,BTC,BRRR,0.0
2026-01-22,BTC,HODL,0.0
2026-01-22,BTC,BTCW,0.0
2026-01-22,BTC,MSBT,
2026-01-22,BTC,GBTC,0.0
2026-01-22,BTC,BTC,0.0
2026-01-22,BTC,Total,-32.2
2026-01-23,BTC,IBIT,-101.6
2026-01-23,BTC,FBTC,-1.9
2026-01-23,BTC,BITB,0.0
2026-01-23,BTC,ARKB,0.0
2026-01-23,BTC,BTCO,0.0
2026-01-23,BTC,EZBC,0.0
2026-01-23,BTC,BRRR,0.0
2026-01-23,BTC,HODL,0.0
2026-01-23,BTC,BTCW,0.0
2026-01-23,BTC,MSBT,
2026-01-23,BTC,GBTC,0.0
2026-01-23,BTC,BTC,0.0
2026-01-23,BTC,Total,-103.5
2026-01-26,BTC,IBIT,15.9
2026-01-26,BTC,FBTC,-5.7
2026-01-26,BTC,BITB,-11.0
2026-01-26,BTC,ARKB,-2.9
2026-01-26,BTC,BTCO,0.0
2026-01-26,BTC,EZBC,0.0
2026-01-26,BTC,BRRR,0.0
2026-01-26,BTC,HODL,0.0
2026-01-26,BTC,BTCW,2.8
2026-01-26,BTC,MSBT,
2026-01-26,BTC,GBTC,0.0
2026-01-26,BTC,BTC,7.7
2026-01-26,BTC,Total,6.8
2026-01-27,BTC,IBIT,-102.8
2026-01-27,BTC,FBTC,-44.6
2026-01-27,BTC,BITB,0.0
2026-01-27,BTC,ARKB,0.0
2026-01-27,BTC,BTCO,0.0
2026-01-27,BTC,EZBC,0.0
2026-01-27,BTC,BRRR,0.0
2026-01-27,BTC,HODL,0.0
2026-01-27,BTC,BTCW,0.0
2026-01-27,BTC,MSBT,
2026-01-27,BTC,GBTC,0.0
2026-01-27,BTC,BTC,0.0
2026-01-27,BTC,Total,-147.4
2026-01-28,BTC,IBIT,-14.2
2026-01-28,BTC,FBTC,19.5
2026-01-28,BTC,BITB,-12.6
2026-01-28,BTC,ARKB,-12.3
2026-01-28,BTC,BTCO,0.0
2026-01-28,BTC,EZBC,0.0
2026-01-28,BTC,BRRR,0.0
2026-01-28,BTC,HODL,0.0
2026-01-28,BTC,BTCW,0.0
2026-01-28,BTC,MSBT,
2026-01-28,BTC,GBTC,0.0
2026-01-28,BTC,BTC,0.0
2026-01-28,BTC,Total,-19.6
2026-01-29,BTC,IBIT,-317.8
2026-01-29,BTC,FBTC,-168.0
2026-01-29,BTC,BITB,-88.9
2026-01-29,BTC,ARKB,-71.6
2026-01-29,BTC,BTCO,-8.4
2026-01-29,BTC,EZBC,0.0
2026-01-29,BTC,BRRR,0.0
2026-01-29,BTC,HODL,-6.5
2026-01-29,BTC,BTCW,0.0
2026-01-29,BTC,MSBT,
2026-01-29,BTC,GBTC,-119.4
2026-01-29,BTC,BTC,-37.2
2026-01-29,BTC,Total,-817.8
2026-01-30,BTC,IBIT,-528.3
2026-01-30,BTC,FBTC,7.3
2026-01-30,BTC,BITB,0.0
2026-01-30,BTC,ARKB,8.3
2026-01-30,BTC,BTCO,0.0
2026-01-30,BTC,EZBC,0.0
2026-01-30,BTC,BRRR,0.0
2026-01-30,BTC,HODL,3.0
2026-01-30,BTC,BTCW,0.0
2026-01-30,BTC,MSBT,
2026-01-30,BTC,GBTC,0.0
2026-01-30,BTC,BTC,0.0
2026-01-30,BTC,Total,-509.7
2026-02-02,BTC,IBIT,142.0
2026-02-02,BTC,FBTC,153.3
2026-02-02,BTC,BITB,96.5
2026-02-02,BTC,ARKB,65.1
2026-02-02,BTC,BTCO,10.1
2026-02-02,BTC,EZBC,0.0
2026-02-02,BTC,BRRR,0.0
2026-02-02,BTC,HODL,24.3
2026-02-02,BTC,BTCW,3.3
2026-02-02,BTC,MSBT,
2026-02-02,BTC,GBTC,0.0
2026-02-02,BTC,BTC,67.2
2026-02-02,BTC,Total,561.8
2026-02-03,BTC,IBIT,60.0
2026-02-03,BTC,FBTC,-148.7
2026-02-03,BTC,BITB,-23.4
2026-02-03,BTC,ARKB,-62.5
2026-02-03,BTC,BTCO,0.0
2026-02-03,BTC,EZBC,-2.2
2026-02-03,BTC,BRRR,0.0
2026-02-03,BTC,HODL,-4.8
2026-02-03,BTC,BTCW,0.0
2026-02-03,BTC,MSBT,
2026-02-03,BTC,GBTC,-56.6
2026-02-03,BTC,BTC,-33.8
2026-02-03,BTC,Total,-272.0
2026-02-04,BTC,IBIT,-373.4
2026-02-04,BTC,FBTC,-86.4
2026-02-04,BTC,BITB,0.0
2026-02-04,BTC,ARKB,-31.7
2026-02-04,BTC,BTCO,0.0
2026-02-04,BTC,EZBC,-6.4
2026-02-04,BTC,BRRR,0.0
2026-02-04,BTC,HODL,-5.2
2026-02-04,BTC,BTCW,0.0
2026-02-04,BTC,MSBT,
2026-02-04,BTC,GBTC,-41.8
2026-02-04,BTC,BTC,0.0
2026-02-04,BTC,Total,-544.9
2026-02-05,BTC,IBIT,-175.3
2026-02-05,BTC,FBTC,-109.5
2026-02-05,BTC,BITB,-15.6
2026-02-05,BTC,ARKB,-23.1
2026-02-05,BTC,BTCO,0.0
2026-02-05,BTC,EZBC,0.0
2026-02-05,BTC,BRRR,0.0
2026-02-05,BTC,HODL,0.0
2026-02-05,BTC,BTCW,0.0
2026-02-05,BTC,MSBT,
2026-02-05,BTC,GBTC,-75.4
2026-02-05,BTC,BTC,-35.2
2026-02-05,BTC,Total,-434.1
2026-02-06,BTC,IBIT,231.6
2026-02-06,BTC,FBTC,24.5
2026-02-06,BTC,BITB,28.7
2026-02-06,BTC,ARKB,43.3
2026-02-06,BTC,BTCO,7.0
2026-02-06,BTC,EZBC,0.0
2026-02-06,BTC,BRRR,0.0
2026-02-06,BTC,HODL,15.9
2026-02-06,BTC,BTCW,0.0
2026-02-06,BTC,MSBT,
2026-02-06,BTC,GBTC,0.0
2026-02-06,BTC,BTC,20.1
2026-02-06,BTC,Total,371.1
2026-02-09,BTC,IBIT,-20.9
2026-02-09,BTC,FBTC,3.1
2026-02-09,BTC,BITB,0.0
2026-02-09,BTC,ARKB,14.1
2026-02-09,BTC,BTCO,0.0
2026-02-09,BTC,EZBC,6.1
2026-02-09,BTC,BRRR,0.0
2026-02-09,BTC,HODL,12.0
2026-02-09,BTC,BTCW,0.0
2026-02-09,BTC,MSBT,
2026-02-09,BTC,GBTC,0.0
2026-02-09,BTC,BTC,130.5
2026-02-09,BTC,Total,144.9
2026-02-10,BTC,IBIT,26.5
2026-02-10,BTC,FBTC,56.9
2026-02-10,BTC,BITB,0.0
2026-02-10,BTC,ARKB,68.5
2026-02-10,BTC,BTCO,0.0
2026-02-10,BTC,EZBC,0.0
2026-02-10,BTC,BRRR,4.9
2026-02-10,BTC,HODL,0.0
2026-02-10,BTC,BTCW,3.6
2026-02-10,BTC,MSBT,
2026-02-10,BTC,GBTC,0.0
2026-02-10,BTC,BTC,6.1
2026-02-10,BTC,Total,166.5
2026-02-11,BTC,IBIT,-73.4
2026-02-11,BTC,FBTC,-92.6
2026-02-11,BTC,BITB,-22.0
2026-02-11,BTC,ARKB,-70.5
2026-02-11,BTC,BTCO,0.0
2026-02-11,BTC,EZBC,0.0
2026-02-11,BTC,BRRR,0.0
2026-02-11,BTC,HODL,-6.7
2026-02-11,BTC,BTCW,6.8
2026-02-11,BTC,MSBT,
2026-02-11,BTC,GBTC,-17.9
2026-02-11,BTC,BTC,0.0
2026-02-11,BTC,Total,-276.3
2026-02-12,BTC,IBIT,-157.6
2026-02-12,BTC,FBTC,-104.1
2026-02-12,BTC,BITB,-7.8
2026-02-12,BTC,ARKB,-31.5
2026-02-12,BTC,BTCO,-6.8
2026-02-12,BTC,EZBC,-3.8
2026-02-12,BTC,BRRR,-2.8
2026-02-12,BTC,HODL,-3.2
2026-02-12,BTC,BTCW,0.0
2026-02-12,BTC,MSBT,
2026-02-12,BTC,GBTC,-59.1
2026-02-12,BTC,BTC,-33.5
2026-02-12,BTC,Total,-410.2
2026-02-13,BTC,IBIT,-9.4
2026-02-13,BTC,FBTC,12.0
2026-02-13,BTC,BITB,0.0
2026-02-13,BTC,ARKB,0.0
2026-02-13,BTC,BTCO,0.0
2026-02-13,BTC,EZBC,0.0
2026-02-13,BTC,BRRR,0.0
2026-02-13,BTC,HODL,1.9
2026-02-13,BTC,BTCW,3.6
2026-02-13,BTC,MSBT,
2026-02-13,BTC,GBTC,0.0
2026-02-13,BTC,BTC,7.0
2026-02-13,BTC,Total,15.1
2026-02-17,BTC,IBIT,-119.7
2026-02-17,BTC,FBTC,5.9
2026-02-17,BTC,BITB,-10.3
2026-02-17,BTC,ARKB,-8.3
2026-02-17,BTC,BTCO,0.0
2026-02-17,BTC,EZBC,0.0
2026-02-17,BTC,BRRR,0.0
2026-02-17,BTC,HODL,0.0
2026-02-17,BTC,BTCW,0.0
2026-02-17,BTC,MSBT,
2026-02-17,BTC,GBTC,-8.5
2026-02-17,BTC,BTC,36.0
2026-02-17,BTC,Total,-104.9
2026-02-18,BTC,IBIT,-84.2
2026-02-18,BTC,FBTC,-49.1
2026-02-18,BTC,BITB,0.0
2026-02-18,BTC,ARKB,0.0
2026-02-18,BTC,BTCO,0.0
2026-02-18,BTC,EZBC,0.0
2026-02-18,BTC,BRRR,0.0
2026-02-18,BTC,HODL,0.0
2026-02-18,BTC,BTCW,0.0
2026-02-18,BTC,MSBT,
2026-02-18,BTC,GBTC,0.0
2026-02-18,BTC,BTC,0.0
2026-02-18,BTC,Total,-133.3
2026-02-19,BTC,IBIT,-164.1
2026-02-19,BTC,FBTC,0.0
2026-02-19,BTC,BITB,0.0
2026-02-19,BTC,ARKB,0.0
2026-02-19,BTC,BTCO,0.0
2026-02-19,BTC,EZBC,0.0
2026-02-19,BTC,BRRR,-1.7
2026-02-19,BTC,HODL,0.0
2026-02-19,BTC,BTCW,0.0
2026-02-19,BTC,MSBT,
2026-02-19,BTC,GBTC,0.0
2026-02-19,BTC,BTC,0.0
2026-02-19,BTC,Total,-165.8
2026-02-20,BTC,IBIT,64.5
2026-02-20,BTC,FBTC,23.6
2026-02-20,BTC,BITB,0.0
2026-02-20,BTC,ARKB,0.0
2026-02-20,BTC,BTCO,0.0
2026-02-20,BTC,EZBC,0.0
2026-02-20,BTC,BRRR,0.0
2026-02-20,BTC,HODL,0.0
2026-02-20,BTC,BTCW,0.0
2026-02-20,BTC,MSBT,
2026-02-20,BTC,GBTC,0.0
2026-02-20,BTC,BTC,0.0
2026-02-20,BTC,Total,88.1
2026-02-23,BTC,IBIT,-116.4
2026-02-23,BTC,FBTC,-27.9
2026-02-23,BTC,BITB,-43.6
2026-02-23,BTC,ARKB,-9.2
2026-02-23,BTC,BTCO,0.0
2026-02-23,BTC,EZBC,0.0
2026-02-23,BTC,BRRR,0.0
2026-02-23,BTC,HODL,6.4
2026-02-23,BTC,BTCW,0.0
2026-02-23,BTC,MSBT,
2026-02-23,BTC,GBTC,-13.1
2026-02-23,BTC,BTC,0.0
2026-02-23,BTC,Total,-203.8
2026-02-24,BTC,IBIT,78.9
2026-02-24,BTC,FBTC,82.8
2026-02-24,BTC,BITB,3.5
2026-02-24,BTC,ARKB,71.1
2026-02-24,BTC,BTCO,0.0
2026-02-24,BTC,EZBC,0.0
2026-02-24,BTC,BRRR,0.0
2026-02-24,BTC,HODL,12.8
2026-02-24,BTC,BTCW,0.0
2026-02-24,BTC,MSBT,
2026-02-24,BTC,GBTC,0.0
2026-02-24,BTC,BTC,8.6
2026-02-24,BTC,Total,257.7
2026-02-25,BTC,IBIT,297.4
2026-02-25,BTC,FBTC,30.1
2026-02-25,BTC,BITB,39.4
2026-02-25,BTC,ARKB,2.3
2026-02-25,BTC,BTCO,0.0
2026-02-25,BTC,EZBC,0.0
2026-02-25,BTC,BRRR,0.0
2026-02-25,BTC,HODL,15.6
2026-02-25,BTC,BTCW,0.0
2026-02-25,BTC,MSBT,
2026-02-25,BTC,GBTC,102.5
2026-02-25,BTC,BTC,19.3
2026-02-25,BTC,Total,506.6
2026-02-26,BTC,IBIT,275.8
2026-02-26,BTC,FBTC,-51.5
2026-02-26,BTC,BITB,69.0
2026-02-26,BTC,ARKB,-44.9
2026-02-26,BTC,BTCO,0.0
2026-02-26,BTC,EZBC,0.0
2026-02-26,BTC,BRRR,0.0
2026-02-26,BTC,HODL,0.0
2026-02-26,BTC,BTCW,0.0
2026-02-26,BTC,MSBT,
2026-02-26,BTC,GBTC,0.0
2026-02-26,BTC,BTC,6.0
2026-02-26,BTC,Total,254.4
2026-02-27,BTC,IBIT,-32.7
2026-02-27,BTC,FBTC,0.0
2026-02-27,BTC,BITB,0.0
2026-02-27,BTC,ARKB,0.0
2026-02-27,BTC,BTCO,3.3
2026-02-27,BTC,EZBC,1.9
2026-02-27,BTC,BRRR,0.0
2026-02-27,BTC,HODL,0.0
2026-02-27,BTC,BTCW,0.0
2026-02-27,BTC,MSBT,
2026-02-27,BTC,GBTC,0.0
2026-02-27,BTC,BTC,0.0
2026-02-27,BTC,Total,-27.5
2026-03-02,BTC,IBIT,263.2
2026-03-02,BTC,FBTC,94.8
2026-03-02,BTC,BITB,36.4
2026-03-02,BTC,ARKB,5.7
2026-03-02,BTC,BTCO,6.2
2026-03-02,BTC,EZBC,14.0
2026-03-02,BTC,BRRR,0.0
2026-03-02,BTC,HODL,19.5
2026-03-02,BTC,BTCW,0.0
2026-03-02,BTC,MSBT,
2026-03-02,BTC,GBTC,0.0
2026-03-02,BTC,BTC,18.4
2026-03-02,BTC,Total,458.2
2026-03-03,BTC,IBIT,322.4
2026-03-03,BTC,FBTC,-89.3
2026-03-03,BTC,BITB,0.0
2026-03-03,BTC,ARKB,0.0
2026-03-03,BTC,BTCO,0.0
2026-03-03,BTC,EZBC,0.0
2026-03-03,BTC,BRRR,11.6
2026-03-03,BTC,HODL,0.0
2026-03-03,BTC,BTCW,8.7
2026-03-03,BTC,MSBT,
2026-03-03,BTC,GBTC,-28.2
2026-03-03,BTC,BTC,0.0
2026-03-03,BTC,Total,225.2
2026-03-04,BTC,IBIT,306.6
2026-03-04,BTC,FBTC,48.0
2026-03-04,BTC,BITB,8.0
2026-03-04,BTC,ARKB,14.6
2026-03-04,BTC,BTCO,9.1
2026-03-04,BTC,EZBC,8.5
2026-03-04,BTC,BRRR,0.0
2026-03-04,BTC,HODL,5.2
2026-03-04,BTC,BTCW,7.8
2026-03-04,BTC,MSBT,
2026-03-04,BTC,GBTC,21.7
2026-03-04,BTC,BTC,32.4
2026-03-04,BTC,Total,461.9
2026-03-05,BTC,IBIT,-88.7
2026-03-05,BTC,FBTC,-48.0
2026-03-05,BTC,BITB,-46.4
2026-03-05,BTC,ARKB,-22.7
2026-03-05,BTC,BTCO,0.0
2026-03-05,BTC,EZBC,0.0
2026-03-05,BTC,BRRR,5.4
2026-03-05,BTC,HODL,-8.6
2026-03-05,BTC,BTCW,0.0
2026-03-05,BTC,MSBT,
2026-03-05,BTC,GBTC,-18.9
2026-03-05,BTC,BTC,0.0
2026-03-05,BTC,Total,-227.9
2026-03-06,BTC,IBIT,-143.5
2026-03-06,BTC,FBTC,-158.5
2026-03-06,BTC,BITB,-22.2
2026-03-06,BTC,ARKB,-4.5
2026-03-06,BTC,BTCO,0.0
2026-03-06,BTC,EZBC,0.0
2026-03-06,BTC,BRRR,0.0
2026-03-06,BTC,HODL,-5.8
2026-03-06,BTC,BTCW,0.0
2026-03-06,BTC,MSBT,
2026-03-06,BTC,GBTC,-9.6
2026-03-06,BTC,BTC,-4.8
2026-03-06,BTC,Total,-348.9
2026-03-09,BTC,IBIT,109.3
2026-03-09,BTC,FBTC,60.1
2026-03-09,BTC,BITB,-4.5
2026-03-09,BTC,ARKB,-2.7
2026-03-09,BTC,BTCO,0.0
2026-03-09,BTC,EZBC,0.0
2026-03-09,BTC,BRRR,0.0
2026-03-09,BTC,HODL,4.9
2026-03-09,BTC,BTCW,0.0
2026-03-09,BTC,MSBT,
2026-03-09,BTC,GBTC,0.0
2026-03-09,BTC,BTC,0.0
2026-03-09,BTC,Total,167.1
2026-03-10,BTC,IBIT,185.8
2026-03-10,BTC,FBTC,33.5
2026-03-10,BTC,BITB,16.4
2026-03-10,BTC,ARKB,4.1
2026-03-10,BTC,BTCO,0.0
2026-03-10,BTC,EZBC,0.0
2026-03-10,BTC,BRRR,-4.1
2026-03-10,BTC,HODL,5.9
2026-03-10,BTC,BTCW,0.0
2026-03-10,BTC,MSBT,
2026-03-10,BTC,GBTC,0.0
2026-03-10,BTC,BTC,5.3
2026-03-10,BTC,Total,246.9
2026-03-11,BTC,IBIT,115.3
2026-03-11,BTC,FBTC,15.4
2026-03-11,BTC,BITB,0.0
2026-03-11,BTC,ARKB,0.0
2026-03-11,BTC,BTCO,0.0
2026-03-11,BTC,EZBC,0.0
2026-03-11,BTC,BRRR,0.0
2026-03-11,BTC,HODL,-4.5
2026-03-11,BTC,BTCW,0.0
2026-03-11,BTC,MSBT,
2026-03-11,BTC,GBTC,-16.0
2026-03-11,BTC,BTC,5.0
2026-03-11,BTC,Total,115.2
2026-03-12,BTC,IBIT,46.1
2026-03-12,BTC,FBTC,15.3
2026-03-12,BTC,BITB,-5.7
2026-03-12,BTC,ARKB,3.0
2026-03-12,BTC,BTCO,0.0
2026-03-12,BTC,EZBC,0.0
2026-03-12,BTC,BRRR,0.0
2026-03-12,BTC,HODL,0.0
2026-03-12,BTC,BTCW,0.0
2026-03-12,BTC,MSBT,
2026-03-12,BTC,GBTC,-9.9
2026-03-12,BTC,BTC,5.0
2026-03-12,BTC,Total,53.8
2026-03-13,BTC,IBIT,143.6
2026-03-13,BTC,FBTC,23.2
2026-03-13,BTC,BITB,3.1
2026-03-13,BTC,ARKB,2.4
2026-03-13,BTC,BTCO,0.0
2026-03-13,BTC,EZBC,0.0
2026-03-13,BTC,BRRR,0.0
2026-03-13,BTC,HODL,8.1
2026-03-13,BTC,BTCW,0.0
2026-03-13,BTC,MSBT,
2026-03-13,BTC,GBTC,0.0
2026-03-13,BTC,BTC,0.0
2026-03-13,BTC,Total,180.4
2026-03-16,BTC,IBIT,139.4
2026-03-16,BTC,FBTC,64.5
2026-03-16,BTC,BITB,2.8
2026-03-16,BTC,ARKB,-3.1
2026-03-16,BTC,BTCO,0.0
2026-03-16,BTC,EZBC,2.1
2026-03-16,BTC,BRRR,0.0
2026-03-16,BTC,HODL,-6.3
2026-03-16,BTC,BTCW,0.0
2026-03-16,BTC,MSBT,
2026-03-16,BTC,GBTC,0.0
2026-03-16,BTC,BTC,0.0
2026-03-16,BTC,Total,199.4
2026-03-17,BTC,IBIT,169.3
2026-03-17,BTC,FBTC,24.4
2026-03-17,BTC,BITB,0.0
2026-03-17,BTC,ARKB,2.5
2026-03-17,BTC,BTCO,0.0
2026-03-17,BTC,EZBC,0.0
2026-03-17,BTC,BRRR,0.0
2026-03-17,BTC,HODL,3.2
2026-03-17,BTC,BTCW,0.0
2026-03-17,BTC,MSBT,
2026-03-17,BTC,GBTC,0.0
2026-03-17,BTC,BTC,0.0
2026-03-17,BTC,Total,199.4
2026-03-18,BTC,IBIT,-33.9
2026-03-18,BTC,FBTC,-103.8
2026-03-18,BTC,BITB,-7.0
2026-03-18,BTC,ARKB,0.0
2026-03-18,BTC,BTCO,0.0
2026-03-18,BTC,EZBC,0.0
2026-03-18,BTC,BRRR,0.0
2026-03-18,BTC,HODL,0.0
2026-03-18,BTC,BTCW,0.0
2026-03-18,BTC,MSBT,
2026-03-18,BTC,GBTC,-18.8
2026-03-18,BTC,BTC,0.0
2026-03-18,BTC,Total,-163.5
2026-03-19,BTC,IBIT,-38.3
2026-03-19,BTC,FBTC,-26.0
2026-03-19,BTC,BITB,-17.2
2026-03-19,BTC,ARKB,-15.2
2026-03-19,BTC,BTCO,0.0
2026-03-19,BTC,EZBC,4.1
2026-03-19,BTC,BRRR,3.2
2026-03-19,BTC,HODL,0.0
2026-03-19,BTC,BTCW,0.0
2026-03-19,BTC,MSBT,
2026-03-19,BTC,GBTC,-5.5
2026-03-19,BTC,BTC,4.7
2026-03-19,BTC,Total,-90.2
2026-03-20,BTC,IBIT,-45.9
2026-03-20,BTC,FBTC,-9.1
2026-03-20,BTC,BITB,0.0
2026-03-20,BTC,ARKB,0.0
2026-03-20,BTC,BTCO,0.0
2026-03-20,BTC,EZBC,0.0
2026-03-20,BTC,BRRR,0.0
2026-03-20,BTC,HODL,3.0
2026-03-20,BTC,BTCW,0.0
2026-03-20,BTC,MSBT,
2026-03-20,BTC,GBTC,0.0
2026-03-20,BTC,BTC,0.0
2026-03-20,BTC,Total,-52.0
2026-03-23,BTC,IBIT,160.8
2026-03-23,BTC,FBTC,41.7
2026-03-23,BTC,BITB,0.0
2026-03-23,BTC,ARKB,-9.4
2026-03-23,BTC,BTCO,0.0
2026-03-23,BTC,EZBC,0.0
2026-03-23,BTC,BRRR,0.0
2026-03-23,BTC,HODL,0.0
2026-03-23,BTC,BTCW,0.0
2026-03-23,BTC,MSBT,
2026-03-23,BTC,GBTC,-25.9
2026-03-23,BTC,BTC,0.0
2026-03-23,BTC,Total,167.2
2026-03-24,BTC,IBIT,-4.7
2026-03-24,BTC,FBTC,-45.3
2026-03-24,BTC,BITB,-16.6
2026-03-24,BTC,ARKB,0.0
2026-03-24,BTC,BTCO,0.0
2026-03-24,BTC,EZBC,0.0
2026-03-24,BTC,BRRR,0.0
2026-03-24,BTC,HODL,-7.9
2026-03-24,BTC,BTCW,0.0
2026-03-24,BTC,MSBT,
2026-03-24,BTC,GBTC,0.0
2026-03-24,BTC,BTC,0.0
2026-03-24,BTC,Total,-74.5
2026-03-25,BTC,IBIT,-70.7
2026-03-25,BTC,FBTC,83.3
2026-03-25,BTC,BITB,0.0
2026-03-25,BTC,ARKB,-4.8
2026-03-25,BTC,BTCO,0.0
2026-03-25,BTC,EZBC,0.0
2026-03-25,BTC,BRRR,0.0
2026-03-25,BTC,HODL,0.0
2026-03-25,BTC,BTCW,0.0
2026-03-25,BTC,MSBT,
2026-03-25,BTC,GBTC,0.0
2026-03-25,BTC,BTC,0.0
2026-03-25,BTC,Total,7.8
2026-03-26,BTC,IBIT,-41.9
2026-03-26,BTC,FBTC,-32.8
2026-03-26,BTC,BITB,-33.1
2026-03-26,BTC,ARKB,-30.5
2026-03-26,BTC,BTCO,0.0
2026-03-26,BTC,EZBC,0.0
2026-03-26,BTC,BRRR,0.0
2026-03-26,BTC,HODL,-2.4
2026-03-26,BTC,BTCW,0.0
2026-03-26,BTC,MSBT,
2026-03-26,BTC,GBTC,-25.1
2026-03-26,BTC,BTC,-5.5
2026-03-26,BTC,Total,-171.3
2026-03-27,BTC,IBIT,-201.5
2026-03-27,BTC,FBTC,0.0
2026-03-27,BTC,BITB,-18.6
2026-03-27,BTC,ARKB,-5.4
2026-03-27,BTC,BTCO,0.0
2026-03-27,BTC,EZBC,0.0
2026-03-27,BTC,BRRR,0.0
2026-03-27,BTC,HODL,0.0
2026-03-27,BTC,BTCW,0.0
2026-03-27,BTC,MSBT,
2026-03-27,BTC,GBTC,0.0
2026-03-27,BTC,BTC,0.0
2026-03-27,BTC,Total,-225.5
2026-03-30,BTC,IBIT,7.5
2026-03-30,BTC,FBTC,28.9
2026-03-30,BTC,BITB,0.0
2026-03-30,BTC,ARKB,33.0
2026-03-30,BTC,BTCO,0.0
2026-03-30,BTC,EZBC,0.0
2026-03-30,BTC,BRRR,0.0
2026-03-30,BTC,HODL,0.0
2026-03-30,BTC,BTCW,0.0
2026-03-30,BTC,MSBT,
2026-03-30,BTC,GBTC,0.0
2026-03-30,BTC,BTC,0.0
2026-03-30,BTC,Total,69.4
2026-03-31,BTC,IBIT,98.4
2026-03-31,BTC,FBTC,16.2
2026-03-31,BTC,BITB,1.8
2026-03-31,BTC,ARKB,1.1
2026-03-31,BTC,BTCO,0.0
2026-03-31,BTC,EZBC,0.0
2026-03-31,BTC,BRRR,0.0
2026-03-31,BTC,HODL,0.0
2026-03-31,BTC,BTCW,0.0
2026-03-31,BTC,MSBT,
2026-03-31,BTC,GBTC,0.0
2026-03-31,BTC,BTC,0.0
2026-03-31,BTC,Total,117.5
2026-04-01,BTC,IBIT,-86.5
2026-04-01,BTC,FBTC,-78.6
2026-04-01,BTC,BITB,-5.6
2026-04-01,BTC,ARKB,0.0
2026-04-01,BTC,BTCO,0.0
2026-04-01,BTC,EZBC,0.0
2026-04-01,BTC,BRRR,0.0
2026-04-01,BTC,HODL,0.0
2026-04-01,BTC,BTCW,0.0
2026-04-01,BTC,MSBT,
2026-04-01,BTC,GBTC,-13.3
2026-04-01,BTC,BTC,10.3
2026-04-01,BTC,Total,-173.7
2026-04-02,BTC,IBIT,-3.0
2026-04-02,BTC,FBTC,7.3
2026-04-02,BTC,BITB,0.0
2026-04-02,BTC,ARKB,0.0
2026-04-02,BTC,BTCO,0.0
2026-04-02,BTC,EZBC,0.0
2026-04-02,BTC,BRRR,0.0
2026-04-02,BTC,HODL,4.7
2026-04-02,BTC,BTCW,0.0
2026-04-02,BTC,MSBT,
2026-04-02,BTC,GBTC,0.0
2026-04-02,BTC,BTC,0.0
2026-04-02,BTC,Total,9.0
2026-04-06,BTC,IBIT,181.9
2026-04-06,BTC,FBTC,147.3
2026-04-06,BTC,BITB,3.8
2026-04-06,BTC,ARKB,118.8
2026-04-06,BTC,BTCO,0.0
2026-04-06,BTC,EZBC,0.0
2026-04-06,BTC,BRRR,0.0
2026-04-06,BTC,HODL,2.0
2026-04-06,BTC,BTCW,0.0
2026-04-06,BTC,MSBT,
2026-04-06,BTC,GBTC,0.0
2026-04-06,BTC,BTC,17.6
2026-04-06,BTC,Total,471.4
2026-04-07,BTC,IBIT,-17.1
2026-04-07,BTC,FBTC,-47.8
2026-04-07,BTC,BITB,0.0
2026-04-07,BTC,ARKB,-34.2
2026-04-07,BTC,BTCO,0.0
2026-04-07,BTC,EZBC,0.0
2026-04-07,BTC,BRRR,2.3
2026-04-07,BTC,HODL,-20.4
2026-04-07,BTC,BTCW,0.0
2026-04-07,BTC,MSBT,
2026-04-07,BTC,GBTC,-41.9
2026-04-07,BTC,BTC,0.0
2026-04-07,BTC,Total,-159.1
2026-04-08,BTC,IBIT,40.4
2026-04-08,BTC,FBTC,-79.1
2026-04-08,BTC,BITB,0.0
2026-04-08,BTC,ARKB,-74.7
2026-04-08,BTC,BTCO,0.0
2026-04-08,BTC,EZBC,0.0
2026-04-08,BTC,BRRR,0.0
2026-04-08,BTC,HODL,0.0
2026-04-08,BTC,BTCW,0.0
2026-04-08,BTC,MSBT,30.6
2026-04-08,BTC,GBTC,-11.1
2026-04-08,BTC,BTC,0.0
2026-04-08,BTC,Total,-93.9
2026-04-09,BTC,IBIT,269.3
2026-04-09,BTC,FBTC,53.3
2026-04-09,BTC,BITB,11.7
2026-04-09,BTC,ARKB,4.8
2026-04-09,BTC,BTCO,0.0
2026-04-09,BTC,EZBC,2.1
2026-04-09,BTC,BRRR,0.0
2026-04-09,BTC,HODL,2.0
2026-04-09,BTC,BTCW,0.0
2026-04-09,BTC,MSBT,14.9
2026-04-09,BTC,GBTC,0.0
2026-04-09,BTC,BTC,0.0
2026-04-09,BTC,Total,358.1
2026-04-10,BTC,IBIT,137.6
2026-04-10,BTC,FBTC,78.0
2026-04-10,BTC,BITB,9.5
2026-04-10,BTC,ARKB,3.6
2026-04-10,BTC,BTCO,0.0
2026-04-10,BTC,EZBC,0.0
2026-04-10,BTC,BRRR,0.0
2026-04-10,BTC,HODL,2.6
2026-04-10,BTC,BTCW,0.0
2026-04-10,BTC,MSBT,16.3
2026-04-10,BTC,GBTC,0.0
2026-04-10,BTC,BTC,9.1
2026-04-10,BTC,Total,256.7
2026-04-13,BTC,IBIT,34.7
2026-04-13,BTC,FBTC,-229.2
2026-04-13,BTC,BITB,11.9
2026-04-13,BTC,ARKB,-62.9
2026-04-13,BTC,BTCO,0.0
2026-04-13,BTC,EZBC,0.0
2026-04-13,BTC,BRRR,0.0
2026-04-13,BTC,HODL,-2.6
2026-04-13,BTC,BTCW,0.0
2026-04-13,BTC,MSBT,6.3
2026-04-13,BTC,GBTC,-38.2
2026-04-13,BTC,BTC,-11.0
2026-04-13,BTC,Total,-291.0
2026-04-14,BTC,IBIT,213.8
2026-04-14,BTC,FBTC,45.3
2026-04-14,BTC,BITB,12.5
2026-04-14,BTC,ARKB,113.1
2026-04-14,BTC,BTCO,0.0
2026-04-14,BTC,EZBC,0.0
2026-04-14,BTC,BRRR,0.0
2026-04-14,BTC,HODL,6.3
2026-04-14,BTC,BTCW,0.0
2026-04-14,BTC,MSBT,15.5
2026-04-14,BTC,GBTC,0.0
2026-04-14,BTC,BTC,4.9
2026-04-14,BTC,Total,411.4
2026-04-15,BTC,IBIT,291.9
2026-04-15,BTC,FBTC,-47.3
2026-04-15,BTC,BITB,-8.5
2026-04-15,BTC,ARKB,-42.2
2026-04-15,BTC,BTCO,0.0
2026-04-15,BTC,EZBC,0.0
2026-04-15,BTC,BRRR,0.0
2026-04-15,BTC,HODL,-3.7
2026-04-15,BTC,BTCW,0.0
2026-04-15,BTC,MSBT,19.3
2026-04-15,BTC,GBTC,-23.4
2026-04-15,BTC,BTC,0.0
2026-04-15,BTC,Total,186.1
2026-04-16,BTC,IBIT,81.7
2026-04-16,BTC,FBTC,-36.0
2026-04-16,BTC,BITB,0.0
2026-04-16,BTC,ARKB,-27.4
2026-04-16,BTC,BTCO,0.0
2026-04-16,BTC,EZBC,0.0
2026-04-16,BTC,BRRR,0.0
2026-04-16,BTC,HODL,0.0
2026-04-16,BTC,BTCW,0.0
2026-04-16,BTC,MSBT,13.4
2026-04-16,BTC,GBTC,-22.3
2026-04-16,BTC,BTC,16.7
2026-04-16,BTC,Total,26.1
2026-04-17,BTC,IBIT,284.0
2026-04-17,BTC,FBTC,163.4
2026-04-17,BTC,BITB,38.2
2026-04-17,BTC,ARKB,117.9
2026-04-17,BTC,BTCO,3.9
2026-04-17,BTC,EZBC,0.0
2026-04-17,BTC,BRRR,0.0
2026-04-17,BTC,HODL,6.6
2026-04-17,BTC,BTCW,0.0
2026-04-17,BTC,MSBT,16.6
2026-04-17,BTC,GBTC,4.2
2026-04-17,BTC,BTC,29.1
2026-04-17,BTC,Total,663.9
2026-04-20,BTC,IBIT,256.0
2026-04-20,BTC,FBTC,-6.6
2026-04-20,BTC,BITB,0.0
2026-04-20,BTC,ARKB,0.0
2026-04-20,BTC,BTCO,0.0
2026-04-20,BTC,EZBC,0.0
2026-04-20,BTC,BRRR,5.8
2026-04-20,BTC,HODL,0.0
2026-04-20,BTC,BTCW,0.0
2026-04-20,BTC,MSBT,8.1
2026-04-20,BTC,GBTC,-24.9
2026-04-20,BTC,BTC,0.0
2026-04-20,BTC,Total,238.4
2026-04-21,BTC,IBIT,39.3
2026-04-21,BTC,FBTC,-6.6
2026-04-21,BTC,BITB,-12.7
2026-04-21,BTC,ARKB,-14.5
2026-04-21,BTC,BTCO,0.0
2026-04-21,BTC,EZBC,0.0
2026-04-21,BTC,BRRR,0.0
2026-04-21,BTC,HODL,-4.3
2026-04-21,BTC,BTCW,0.0
2026-04-21,BTC,MSBT,10.8
2026-04-21,BTC,GBTC,-17.5
2026-04-21,BTC,BTC,17.3
2026-04-21,BTC,Total,11.8
2026-04-22,BTC,IBIT,246.9
2026-04-22,BTC,FBTC,56.7
2026-04-22,BTC,BITB,15.4
2026-04-22,BTC,ARKB,11.9
2026-04-22,BTC,BTCO,0.0
2026-04-22,BTC,EZBC,0.0
2026-04-22,BTC,BRRR,0.0
2026-04-22,BTC,HODL,3.9
2026-04-22,BTC,BTCW,6.3
2026-04-22,BTC,MSBT,11.3
2026-04-22,BTC,GBTC,-16.6
2026-04-22,BTC,BTC,0.0
2026-04-22,BTC,Total,335.8
2026-04-23,BTC,IBIT,167.5
2026-04-23,BTC,FBTC,-16.9
2026-04-23,BTC,BITB,-7.6
2026-04-23,BTC,ARKB,71.2
2026-04-23,BTC,BTCO,0.0
2026-04-23,BTC,EZBC,0.0
2026-04-23,BTC,BRRR,0.0
2026-04-23,BTC,HODL,-5.5
2026-04-23,BTC,BTCW,0.0
2026-04-23,BTC,MSBT,9.4
2026-04-23,BTC,GBTC,0.0
2026-04-23,BTC,BTC,5.2
2026-04-23,BTC,Total,223.3
2026-04-24,BTC,IBIT,22.9
2026-04-24,BTC,FBTC,-1.7
2026-04-24,BTC,BITB,-8.9
2026-04-24,BTC,ARKB,-9.0
2026-04-24,BTC,BTCO,0.0
2026-04-24,BTC,EZBC,0.0
2026-04-24,BTC,BRRR,0.0
2026-04-24,BTC,HODL,0.0
2026-04-24,BTC,BTCW,0.0
2026-04-24,BTC,MSBT,11.1
2026-04-24,BTC,GBTC,0.0
2026-04-24,BTC,BTC,0.0
2026-04-24,BTC,Total,14.4
2026-04-27,BTC,IBIT,0.0
2026-04-27,BTC,FBTC,-150.4
2026-04-27,BTC,BITB,-8.8
2026-04-27,BTC,ARKB,-43.3
2026-04-27,BTC,BTCO,0.0
2026-04-27,BTC,EZBC,0.0
2026-04-27,BTC,BRRR,0.0
2026-04-27,BTC,HODL,-14.1
2026-04-27,BTC,BTCW,0.0
2026-04-27,BTC,MSBT,0.0
2026-04-27,BTC,GBTC,-46.6
2026-04-27,BTC,BTC,0.0
2026-04-27,BTC,Total,-263.2
2026-04-28,BTC,IBIT,-112.2
2026-04-28,BTC,FBTC,-5.0
2026-04-28,BTC,BITB,-13.7
2026-04-28,BTC,ARKB,41.2
2026-04-28,BTC,BTCO,0.0
2026-04-28,BTC,EZBC,0.0
2026-04-28,BTC,BRRR,0.0
2026-04-28,BTC,HODL,0.0
2026-04-28,BTC,BTCW,0.0
2026-04-28,BTC,MSBT,0.0
2026-04-28,BTC,GBTC,0.0
2026-04-28,BTC,BTC,0.0
2026-04-28,BTC,Total,-89.7
2026-04-29,BTC,IBIT,-54.7
2026-04-29,BTC,FBTC,-36.1
2026-04-29,BTC,BITB,0.0
2026-04-29,BTC,ARKB,-30.0
2026-04-29,BTC,BTCO,0.0
2026-04-29,BTC,EZBC,-6.5
2026-04-29,BTC,BRRR,0.0
2026-04-29,BTC,HODL,0.0
2026-04-29,BTC,BTCW,0.0
2026-04-29,BTC,MSBT,10.8
2026-04-29,BTC,GBTC,-21.1
2026-04-29,BTC,BTC,0.0
2026-04-29,BTC,Total,-137.6
2026-04-30,BTC,IBIT,19.1
2026-04-30,BTC,FBTC,26.6
2026-04-30,BTC,BITB,-2.9
2026-04-30,BTC,ARKB,-6.3
2026-04-30,BTC,BTCO,-4.9
2026-04-30,BTC,EZBC,0.0
2026-04-30,BTC,BRRR,0.0
2026-04-30,BTC,HODL,-2.2
2026-04-30,BTC,BTCW,0.0
2026-04-30,BTC,MSBT,0.0
2026-04-30,BTC,GBTC,-5.9
2026-04-30,BTC,BTC,0.0
2026-04-30,BTC,Total,23.5
2026-05-01,BTC,IBIT,284.4
2026-05-01,BTC,FBTC,213.4
2026-05-01,BTC,BITB,27.3
2026-05-01,BTC,ARKB,88.5
2026-05-01,BTC,BTCO,0.0
2026-05-01,BTC,EZBC,0.0
2026-05-01,BTC,BRRR,0.0
2026-05-01,BTC,HODL,5.5
2026-05-01,BTC,BTCW,0.0
2026-05-01,BTC,MSBT,4.5
2026-05-01,BTC,GBTC,0.0
2026-05-01,BTC,BTC,6.2
2026-05-01,BTC,Total,629.8
2026-05-04,BTC,IBIT,335.5
2026-05-04,BTC,FBTC,184.6
2026-05-04,BTC,BITB,0.0
2026-05-04,BTC,ARKB,0.0
2026-05-04,BTC,BTCO,0.0
2026-05-04,BTC,EZBC,0.0
2026-05-04,BTC,BRRR,0.0
2026-05-04,BTC,HODL,0.0
2026-05-04,BTC,BTCW,0.0
2026-05-04,BTC,MSBT,12.2
2026-05-04,BTC,GBTC,0.0
2026-05-04,BTC,BTC,0.0
2026-05-04,BTC,Total,532.3
2026-05-05,BTC,IBIT,251.4
2026-05-05,BTC,FBTC,133.2
2026-05-05,BTC,BITB,14.6
2026-05-05,BTC,ARKB,92.3
2026-05-05,BTC,BTCO,0.0
2026-05-05,BTC,EZBC,0.0
2026-05-05,BTC,BRRR,0.0
2026-05-05,BTC,HODL,-5.8
2026-05-05,BTC,BTCW,0.0
2026-05-05,BTC,MSBT,0.0
2026-05-05,BTC,GBTC,-18.4
2026-05-05,BTC,BTC,0.0
2026-05-05,BTC,Total,467.3
2026-05-06,BTC,IBIT,134.6
2026-05-06,BTC,FBTC,-39.0
2026-05-06,BTC,BITB,-25.2
2026-05-06,BTC,ARKB,0.0
2026-05-06,BTC,BTCO,0.0
2026-05-06,BTC,EZBC,-7.1
2026-05-06,BTC,BRRR,0.0
2026-05-06,BTC,HODL,0.0
2026-05-06,BTC,BTCW,0.0
2026-05-06,BTC,MSBT,0.0
2026-05-06,BTC,GBTC,-17.1
2026-05-06,BTC,BTC,0.0
2026-05-06,BTC,Total,46.2
2026-05-07,BTC,IBIT,-98.0
2026-05-07,BTC,FBTC,-129.0
2026-05-07,BTC,BITB,0.0
2026-05-07,BTC,ARKB,-12.6
2026-05-07,BTC,BTCO,-10.0
2026-05-07,BTC,EZBC,0.0
2026-05-07,BTC,BRRR,0.0
2026-05-07,BTC,HODL,-5.1
2026-05-07,BTC,BTCW,0.0
2026-05-07,BTC,MSBT,7.3
2026-05-07,BTC,GBTC,-26.8
2026-05-07,BTC,BTC,5.7
2026-05-07,BTC,Total,-268.5
2026-05-08,BTC,IBIT,-27.2
2026-05-08,BTC,FBTC,-97.6
2026-05-08,BTC,BITB,0.0
2026-05-08,BTC,ARKB,-26.6
2026-05-08,BTC,BTCO,0.0
2026-05-08,BTC,EZBC,0.0
2026-05-08,BTC,BRRR,0.0
2026-05-08,BTC,HODL,0.0
2026-05-08,BTC,BTCW,0.0
2026-05-08,BTC,MSBT,5.7
2026-05-08,BTC,GBTC,0.0
2026-05-08,BTC,BTC,0.0
2026-05-08,BTC,Total,-145.7
2026-05-11,BTC,IBIT,-7.4
2026-05-11,BTC,FBTC,-3.6
2026-05-11,BTC,BITB,0.0
2026-05-11,BTC,ARKB,0.0
2026-05-11,BTC,BTCO,7.3
2026-05-11,BTC,EZBC,0.0
2026-05-11,BTC,BRRR,0.0
2026-05-11,BTC,HODL,4.6
2026-05-11,BTC,BTCW,0.0
2026-05-11,BTC,MSBT,26.3
2026-05-11,BTC,GBTC,0.0
2026-05-11,BTC,BTC,0.0
2026-05-11,BTC,Total,27.2
2026-05-12,BTC,IBIT,-32.9
2026-05-12,BTC,FBTC,-86.1
2026-05-12,BTC,BITB,-17.5
2026-05-12,BTC,ARKB,-85.1
2026-05-12,BTC,BTCO,0.0
2026-05-12,BTC,EZBC,0.0
2026-05-12,BTC,BRRR,0.0
2026-05-12,BTC,HODL,0.0
2026-05-12,BTC,BTCW,0.0
2026-05-12,BTC,MSBT,6.0
2026-05-12,BTC,GBTC,-17.6
2026-05-12,BTC,BTC,0.0
2026-05-12,BTC,Total,-233.2
2026-05-13,BTC,IBIT,-284.7
2026-05-13,BTC,FBTC,-133.2
2026-05-13,BTC,BITB,-35.4
2026-05-13,BTC,ARKB,-177.1
2026-05-13,BTC,BTCO,0.0
2026-05-13,BTC,EZBC,0.0
2026-05-13,BTC,BRRR,0.0
2026-05-13,BTC,HODL,0.0
2026-05-13,BTC,BTCW,0.0
2026-05-13,BTC,MSBT,0.0
2026-05-13,BTC,GBTC,0.0
2026-05-13,BTC,BTC,0.0
2026-05-13,BTC,Total,-630.4
2026-05-14,BTC,IBIT,144.1
2026-05-14,BTC,FBTC,3.5
2026-05-14,BTC,BITB,17.7
2026-05-14,BTC,ARKB,-9.5
2026-05-14,BTC,BTCO,-5.7
2026-05-14,BTC,EZBC,-14.1
2026-05-14,BTC,BRRR,0.0
2026-05-14,BTC,HODL,7.5
2026-05-14,BTC,BTCW,0.0
2026-05-14,BTC,MSBT,6.8
2026-05-14,BTC,GBTC,-31.6
2026-05-14,BTC,BTC,12.6
2026-05-14,BTC,Total,131.3
2026-05-15,BTC,IBIT,-136.2
2026-05-15,BTC,FBTC,-39.6
2026-05-15,BTC,BITB,-11.6
2026-05-15,BTC,ARKB,-52.5
2026-05-15,BTC,BTCO,0.0
2026-05-15,BTC,EZBC,-6.9
2026-05-15,BTC,BRRR,0.0
2026-05-15,BTC,HODL,0.0
2026-05-15,BTC,BTCW,0.0
2026-05-15,BTC,MSBT,0.0
2026-05-15,BTC,GBTC,-43.6
2026-05-15,BTC,BTC,0.0
2026-05-15,BTC,Total,-290.4
2026-05-18,BTC,IBIT,-448.4
2026-05-18,BTC,FBTC,-63.4
2026-05-18,BTC,BITB,-9.2
2026-05-18,BTC,ARKB,-109.6
2026-05-18,BTC,BTCO,-3.8
2026-05-18,BTC,EZBC,-6.6
2026-05-18,BTC,BRRR,0.0
2026-05-18,BTC,HODL,-7.6
2026-05-18,BTC,BTCW,0.0
2026-05-18,BTC,MSBT,0.0
2026-05-18,BTC,GBTC,0.0
2026-05-18,BTC,BTC,0.0
2026-05-18,BTC,Total,-648.6
2026-05-19,BTC,IBIT,-325.6
2026-05-19,BTC,FBTC,-1.7
2026-05-19,BTC,BITB,0.0
2026-05-19,BTC,ARKB,0.0
2026-05-19,BTC,BTCO,0.0
2026-05-19,BTC,EZBC,0.0
2026-05-19,BTC,BRRR,-3.8
2026-05-19,BTC,HODL,0.0
2026-05-19,BTC,BTCW,0.0
2026-05-19,BTC,MSBT,0.0
2026-05-19,BTC,GBTC,0.0
2026-05-19,BTC,BTC,0.0
2026-05-19,BTC,Total,-331.1
2026-05-20,BTC,IBIT,-61.5
2026-05-20,BTC,FBTC,-10.1
2026-05-20,BTC,BITB,0.0
2026-05-20,BTC,ARKB,0.0
2026-05-20,BTC,BTCO,0.0
2026-05-20,BTC,EZBC,0.0
2026-05-20,BTC,BRRR,0.0
2026-05-20,BTC,HODL,0.0
2026-05-20,BTC,BTCW,0.0
2026-05-20,BTC,MSBT,1.1
2026-05-20,BTC,GBTC,0.0
2026-05-20,BTC,BTC,0.0
2026-05-20,BTC,Total,-70.5
2026-05-21,BTC,IBIT,-103.7
2026-05-21,BTC,FBTC,0.0
2026-05-21,BTC,BITB,0.0
2026-05-21,BTC,ARKB,2.8
2026-05-21,BTC,BTCO,0.0
2026-05-21,BTC,EZBC,0.0
2026-05-21,BTC,BRRR,0.0
2026-05-21,BTC,HODL,0.0
2026-05-21,BTC,BTCW,0.0
2026-05-21,BTC,MSBT,0.0
2026-05-21,BTC,GBTC,0.0
2026-05-21,BTC,BTC,0.0
2026-05-21,BTC,Total,-100.9
2026-05-22,BTC,IBIT,-68.9
2026-05-22,BTC,FBTC,-36.3
2026-05-22,BTC,BITB,0.0
2026-05-22,BTC,ARKB,0.0
2026-05-22,BTC,BTCO,0.0
2026-05-22,BTC,EZBC,0.0
2026-05-22,BTC,BRRR,0.0
2026-05-22,BTC,HODL,0.0
2026-05-22,BTC,BTCW,0.0
2026-05-22,BTC,MSBT,0.0
2026-05-22,BTC,GBTC,0.0
2026-05-22,BTC,BTC,0.0
2026-05-22,BTC,Total,-105.2
2026-05-26,BTC,IBIT,-192.4
2026-05-26,BTC,FBTC,-57.7
2026-05-26,BTC,BITB,-28.8
2026-05-26,BTC,ARKB,0.0
2026-05-26,BTC,BTCO,0.0
2026-05-26,BTC,EZBC,0.0
2026-05-26,BTC,BRRR,0.0
2026-05-26,BTC,HODL,0.0
2026-05-26,BTC,BTCW,0.0
2026-05-26,BTC,MSBT,0.0
2026-05-26,BTC,GBTC,-41.3
2026-05-26,BTC,BTC,-13.4
2026-05-26,BTC,Total,-333.6
2026-05-27,BTC,IBIT,-527.8
2026-05-27,BTC,FBTC,-60.3
2026-05-27,BTC,BITB,-17.5
2026-05-27,BTC,ARKB,-17.4
2026-05-27,BTC,BTCO,0.0
2026-05-27,BTC,EZBC,0.0
2026-05-27,BTC,BRRR,0.0
2026-05-27,BTC,HODL,0.0
2026-05-27,BTC,BTCW,0.0
2026-05-27,BTC,MSBT,4.3
2026-05-27,BTC,GBTC,-104.8
2026-05-27,BTC,BTC,-9.9
2026-05-27,BTC,Total,-733.4
2026-05-28,BTC,IBIT,-177.9
2026-05-28,BTC,FBTC,-19.2
2026-05-28,BTC,BITB,0.0
2026-05-28,BTC,ARKB,0.0
2026-05-28,BTC,BTCO,0.0
2026-05-28,BTC,EZBC,0.0
2026-05-28,BTC,BRRR,0.0
2026-05-28,BTC,HODL,0.0
2026-05-28,BTC,BTCW,0.0
2026-05-28,BTC,MSBT,0.0
2026-05-28,BTC,GBTC,-26.2
2026-05-28,BTC,BTC,0.0
2026-05-28,BTC,Total,-223.3
2026-05-29,BTC,IBIT,-68.2
2026-05-29,BTC,FBTC,-31.9
2026-05-29,BTC,BITB,0.0
2026-05-29,BTC,ARKB,-7.3
2026-05-29,BTC,BTCO,0.0
2026-05-29,BTC,EZBC,0.0
2026-05-29,BTC,BRRR,0.0
2026-05-29,BTC,HODL,0.0
2026-05-29,BTC,BTCW,0.0
2026-05-29,BTC,MSBT,-5.3
2026-05-29,BTC,GBTC,-2.9
2026-05-29,BTC,BTC,-9.7
2026-05-29,BTC,Total,-125.3
2026-06-01,BTC,IBIT,-440.3
2026-06-01,BTC,FBTC,-37.3
2026-06-01,BTC,BITB,0.0
2026-06-01,BTC,ARKB,-12.3
2026-06-01,BTC,BTCO,0.0
2026-06-01,BTC,EZBC,0.0
2026-06-01,BTC,BRRR,0.0
2026-06-01,BTC,HODL,0.0
2026-06-01,BTC,BTCW,0.0
2026-06-01,BTC,MSBT,6.1
2026-06-01,BTC,GBTC,0.0
2026-06-01,BTC,BTC,0.0
2026-06-01,BTC,Total,-483.8
2026-06-02,BTC,IBIT,-388.6
2026-06-02,BTC,FBTC,-45.1
2026-06-02,BTC,BITB,0.0
2026-06-02,BTC,ARKB,-16.7
2026-06-02,BTC,BTCO,0.0
2026-06-02,BTC,EZBC,0.0
2026-06-02,BTC,BRRR,0.0
2026-06-02,BTC,HODL,0.0
2026-06-02,BTC,BTCW,0.0
2026-06-02,BTC,MSBT,14.8
2026-06-02,BTC,GBTC,-83.5
2026-06-02,BTC,BTC,0.0
2026-06-02,BTC,Total,-519.1
2026-06-03,BTC,IBIT,-342.3
2026-06-03,BTC,FBTC,-54.3
2026-06-03,BTC,BITB,0.0
2026-06-03,BTC,ARKB,0.0
2026-06-03,BTC,BTCO,0.0
2026-06-03,BTC,EZBC,0.0
2026-06-03,BTC,BRRR,0.0
2026-06-03,BTC,HODL,0.0
2026-06-03,BTC,BTCW,0.0
2026-06-03,BTC,MSBT,0.0
2026-06-03,BTC,GBTC,0.0
2026-06-03,BTC,BTC,0.0
2026-06-03,BTC,Total,-396.6
2026-06-04,BTC,IBIT,47.7
2026-06-04,BTC,FBTC,-5.5
2026-06-04,BTC,BITB,-15.6
2026-06-04,BTC,ARKB,-20.7
2026-06-04,BTC,BTCO,-12.6
2026-06-04,BTC,EZBC,0.0
2026-06-04,BTC,BRRR,0.0
2026-06-04,BTC,HODL,0.0
2026-06-04,BTC,BTCW,0.0
2026-06-04,BTC,MSBT,9.9
2026-06-04,BTC,GBTC,0.0
2026-06-04,BTC,BTC,0.0
2026-06-04,BTC,Total,3.2
2026-06-05,BTC,IBIT,-213.7
2026-06-05,BTC,FBTC,-59.7
2026-06-05,BTC,BITB,0.0
2026-06-05,BTC,ARKB,0.0
2026-06-05,BTC,BTCO,0.0
2026-06-05,BTC,EZBC,0.0
2026-06-05,BTC,BRRR,0.0
2026-06-05,BTC,HODL,4.2
2026-06-05,BTC,BTCW,0.0
2026-06-05,BTC,MSBT,4.3
2026-06-05,BTC,GBTC,-60.8
2026-06-05,BTC,BTC,0.0
2026-06-05,BTC,Total,-325.7
2026-06-08,BTC,IBIT,-232.9
2026-06-08,BTC,FBTC,59.4
2026-06-08,BTC,BITB,14.1
2026-06-08,BTC,ARKB,63.1
2026-06-08,BTC,BTCO,0.0
2026-06-08,BTC,EZBC,0.0
2026-06-08,BTC,BRRR,0.0
2026-06-08,BTC,HODL,0.0
2026-06-08,BTC,BTCW,0.0
2026-06-08,BTC,MSBT,4.9
2026-06-08,BTC,GBTC,0.0
2026-06-08,BTC,BTC,0.0
2026-06-08,BTC,Total,-91.4
2026-06-09,BTC,IBIT,-61.6
2026-06-09,BTC,FBTC,-20.2
2026-06-09,BTC,BITB,0.0
2026-06-09,BTC,ARKB,0.0
2026-06-09,BTC,BTCO,0.0
2026-06-09,BTC,EZBC,0.0
2026-06-09,BTC,BRRR,0.0
2026-06-09,BTC,HODL,0.0
2026-06-09,BTC,BTCW,0.0
2026-06-09,BTC,MSBT,0.0
2026-06-09,BTC,GBTC,0.0
2026-06-09,BTC,BTC,4.4
2026-06-09,BTC,Total,-77.4
2026-06-10,BTC,IBIT,-148.5
2026-06-10,BTC,FBTC,4.0
2026-06-10,BTC,BITB,0.0
2026-06-10,BTC,ARKB,0.0
2026-06-10,BTC,BTCO,0.0
2026-06-10,BTC,EZBC,0.0
2026-06-10,BTC,BRRR,0.0
2026-06-10,BTC,HODL,0.0
2026-06-10,BTC,BTCW,1.0
2026-06-10,BTC,MSBT,0.0
2026-06-10,BTC,GBTC,-87.9
2026-06-10,BTC,BTC,17.5
2026-06-10,BTC,Total,-213.9
2026-06-11,BTC,IBIT,30.3
2026-06-11,BTC,FBTC,-5.5
2026-06-11,BTC,BITB,-13.1
2026-06-11,BTC,ARKB,-27.2
2026-06-11,BTC,BTCO,0.0
2026-06-11,BTC,EZBC,0.0
2026-06-11,BTC,BRRR,0.0
2026-06-11,BTC,HODL,-14.8
2026-06-11,BTC,BTCW,0.0
2026-06-11,BTC,MSBT,2.2
2026-06-11,BTC,GBTC,0.0
2026-06-11,BTC,BTC,5.6
2026-06-11,BTC,Total,-22.5
2026-06-12,BTC,IBIT,57.7
2026-06-12,BTC,FBTC,18.0
2026-06-12,BTC,BITB,5.2
2026-06-12,BTC,ARKB,3.2
2026-06-12,BTC,BTCO,0.0
2026-06-12,BTC,EZBC,0.0
2026-06-12,BTC,BRRR,0.0
2026-06-12,BTC,HODL,1.8
2026-06-12,BTC,BTCW,0.0
2026-06-12,BTC,MSBT,0.0
2026-06-12,BTC,GBTC,0.0
2026-06-12,BTC,BTC,0.0
2026-06-12,BTC,Total,85.9
2026-06-15,BTC,IBIT,66.4
2026-06-15,BTC,FBTC,-8.7
2026-06-15,BTC,BITB,0.0
2026-06-15,BTC,ARKB,-6.6
2026-06-15,BTC,BTCO,0.0
2026-06-15,BTC,EZBC,-5.8
2026-06-15,BTC,BRRR,0.0
2026-06-15,BTC,HODL,-6.1
2026-06-15,BTC,BTCW,0.0
2026-06-15,BTC,MSBT,9.4
2026-06-15,BTC,GBTC,-124.0
2026-06-15,BTC,BTC,10.6
2026-06-15,BTC,Total,-64.8
2026-06-16,BTC,IBIT,16.4
2026-06-16,BTC,FBTC,4.3
2026-06-16,BTC,BITB,0.0
2026-06-16,BTC,ARKB,0.0
2026-06-16,BTC,BTCO,0.0
2026-06-16,BTC,EZBC,0.0
2026-06-16,BTC,BRRR,0.0
2026-06-16,BTC,HODL,0.0
2026-06-16,BTC,BTCW,0.0
2026-06-16,BTC,MSBT,1.9
2026-06-16,BTC,GBTC,-16.8
2026-06-16,BTC,BTC,4.4
2026-06-16,BTC,Total,10.2
2026-06-17,BTC,IBIT,-30.8
2026-06-17,BTC,FBTC,14.0
2026-06-17,BTC,BITB,0.0
2026-06-17,BTC,ARKB,-43.5
2026-06-17,BTC,BTCO,-6.4
2026-06-17,BTC,EZBC,0.0
2026-06-17,BTC,BRRR,0.0
2026-06-17,BTC,HODL,-4.1
2026-06-17,BTC,BTCW,0.0
2026-06-17,BTC,MSBT,4.1
2026-06-17,BTC,GBTC,-15.5
2026-06-17,BTC,BTC,0.0
2026-06-17,BTC,Total,-82.2
2026-06-18,BTC,IBIT,-96.7
2026-06-18,BTC,FBTC,0.0
2026-06-18,BTC,BITB,0.0
2026-06-18,BTC,ARKB,0.0
2026-06-18,BTC,BTCO,0.0
2026-06-18,BTC,EZBC,0.0
2026-06-18,BTC,BRRR,0.0
2026-06-18,BTC,HODL,-4.4
2026-06-18,BTC,BTCW,0.0
2026-06-18,BTC,MSBT,10.4
2026-06-18,BTC,GBTC,0.0
2026-06-18,BTC,BTC,0.0
2026-06-18,BTC,Total,-90.7
2026-06-22,BTC,IBIT,-172.0
2026-06-22,BTC,FBTC,57.4
2026-06-22,BTC,BITB,0.0
2026-06-22,BTC,ARKB,64.0
2026-06-22,BTC,BTCO,0.0
2026-06-22,BTC,EZBC,3.7
2026-06-22,BTC,BRRR,0.0
2026-06-22,BTC,HODL,0.0
2026-06-22,BTC,BTCW,3.4
2026-06-22,BTC,MSBT,8.1
2026-06-22,BTC,GBTC,-81.0
2026-06-22,BTC,BTC,48.1
2026-06-22,BTC,Total,-68.3
2026-06-23,BTC,IBIT,-182.0
2026-06-23,BTC,FBTC,23.0
2026-06-23,BTC,BITB,0.0
2026-06-23,BTC,ARKB,31.0
2026-06-23,BTC,BTCO,0.0
2026-06-23,BTC,EZBC,0.0
2026-06-23,BTC,BRRR,0.0
2026-06-23,BTC,HODL,5.3
2026-06-23,BTC,BTCW,0.0
2026-06-23,BTC,MSBT,8.9
2026-06-23,BTC,GBTC,0.0
2026-06-23,BTC,BTC,0.0
2026-06-23,BTC,Total,-113.8
2026-06-24,BTC,IBIT,-239.3
2026-06-24,BTC,FBTC,-120.8
2026-06-24,BTC,BITB,-27.5
2026-06-24,BTC,ARKB,-50.7
2026-06-24,BTC,BTCO,0.0
2026-06-24,BTC,EZBC,0.0
2026-06-24,BTC,BRRR,0.0
2026-06-24,BTC,HODL,0.0
2026-06-24,BTC,BTCW,0.0
2026-06-24,BTC,MSBT,0.0
2026-06-24,BTC,GBTC,-54.3
2026-06-24,BTC,BTC,23.6
2026-06-24,BTC,Total,-469.0
2026-06-25,BTC,IBIT,-265.7
2026-06-25,BTC,FBTC,-274.5
2026-06-25,BTC,BITB,-7.1
2026-06-25,BTC,ARKB,-82.1
2026-06-25,BTC,BTCO,-53.0
2026-06-25,BTC,EZBC,-6.8
2026-06-25,BTC,BRRR,0.0
2026-06-25,BTC,HODL,-11.7
2026-06-25,BTC,BTCW,0.0
2026-06-25,BTC,MSBT,9.2
2026-06-25,BTC,GBTC,0.0
2026-06-25,BTC,BTC,0.0
2026-06-25,BTC,Total,-691.7
2026-06-26,BTC,IBIT,-444.5
2026-06-26,BTC,FBTC,0.0
2026-06-26,BTC,BITB,0.0
2026-06-26,BTC,ARKB,0.0
2026-06-26,BTC,BTCO,0.0
2026-06-26,BTC,EZBC,0.0
2026-06-26,BTC,BRRR,0.0
2026-06-26,BTC,HODL,0.0
2026-06-26,BTC,BTCW,0.0
2026-06-26,BTC,MSBT,0.0
2026-06-26,BTC,GBTC,0.0
2026-06-26,BTC,BTC,0.0
2026-06-26,BTC,Total,-444.5
2026-06-29,BTC,IBIT,-300.4
2026-06-29,BTC,FBTC,-3.9
2026-06-29,BTC,BITB,0.0
2026-06-29,BTC,ARKB,50.0
2026-06-29,BTC,BTCO,0.0
2026-06-29,BTC,EZBC,0.0
2026-06-29,BTC,BRRR,0.0
2026-06-29,BTC,HODL,3.8
2026-06-29,BTC,BTCW,0.0
2026-06-29,BTC,MSBT,7.3
2026-06-29,BTC,GBTC,35.1
2026-06-29,BTC,BTC,-22.9
2026-06-29,BTC,Total,-231.0
2026-06-30,BTC,IBIT,-212.4
2026-06-30,BTC,FBTC,-10.2
2026-06-30,BTC,BITB,0.0
2026-06-30,BTC,ARKB,0.0
2026-06-30,BTC,BTCO,0.0
2026-06-30,BTC,EZBC,0.0
2026-06-30,BTC,BRRR,0.0
2026-06-30,BTC,HODL,0.0
2026-06-30,BTC,BTCW,0.0
2026-06-30,BTC,MSBT,0.0
2026-06-30,BTC,GBTC,0.0
2026-06-30,BTC,BTC,0.0
2026-06-30,BTC,Total,-222.6
2026-07-01,BTC,IBIT,-219.4
2026-07-01,BTC,FBTC,-51.0
2026-07-01,BTC,BITB,0.0
2026-07-01,BTC,ARKB,-39.9
2026-07-01,BTC,BTCO,5.4
2026-07-01,BTC,EZBC,3.5
2026-07-01,BTC,BRRR,0.0
2026-07-01,BTC,HODL,2.1
2026-07-01,BTC,BTCW,0.0
2026-07-01,BTC,MSBT,29.8
2026-07-01,BTC,GBTC,-62.8
2026-07-01,BTC,BTC,36.3
2026-07-01,BTC,Total,-296.0
2026-07-02,BTC,IBIT,-40.4
2026-07-02,BTC,FBTC,166.0
2026-07-02,BTC,BITB,0.0
2026-07-02,BTC,ARKB,91.8
2026-07-02,BTC,BTCO,0.0
2026-07-02,BTC,EZBC,0.0
2026-07-02,BTC,BRRR,1.7
2026-07-02,BTC,HODL,4.4
2026-07-02,BTC,BTCW,0.0
2026-07-02,BTC,MSBT,0.0
2026-07-02,BTC,GBTC,0.0
2026-07-02,BTC,BTC,0.0
2026-07-02,BTC,Total,223.5
2026-07-06,BTC,IBIT,209.4
2026-07-06,BTC,FBTC,9.7
2026-07-06,BTC,BITB,4.8
2026-07-06,BTC,ARKB,33.0
2026-07-06,BTC,BTCO,0.0
2026-07-06,BTC,EZBC,0.0
2026-07-06,BTC,BRRR,0.0
2026-07-06,BTC,HODL,0.0
2026-07-06,BTC,BTCW,0.0
2026-07-06,BTC,MSBT,11.0
2026-07-06,BTC,GBTC,-44.5
2026-07-06,BTC,BTC,42.3
2026-07-06,BTC,Total,265.7
2026-07-07,BTC,IBIT,54.8
2026-07-07,BTC,FBTC,-24.9
2026-07-07,BTC,BITB,0.0
2026-07-07,BTC,ARKB,-8.4
2026-07-07,BTC,BTCO,0.0
2026-07-07,BTC,EZBC,0.0
2026-07-07,BTC,BRRR,0.0
2026-07-07,BTC,HODL,0.0
2026-07-07,BTC,BTCW,0.0
2026-07-07,BTC,MSBT,0.0
2026-07-07,BTC,GBTC,0.0
2026-07-07,BTC,BTC,0.0
2026-07-07,BTC,Total,21.5
2026-07-08,BTC,IBIT,-59.1
2026-07-08,BTC,FBTC,-14.9
2026-07-08,BTC,BITB,0.0
2026-07-08,BTC,ARKB,0.0
2026-07-08,BTC,BTCO,0.0
2026-07-08,BTC,EZBC,0.0
2026-07-08,BTC,BRRR,0.0
2026-07-08,BTC,HODL,0.0
2026-07-08,BTC,BTCW,0.0
2026-07-08,BTC,MSBT,0.0
2026-07-08,BTC,GBTC,-63.7
2026-07-08,BTC,BTC,52.8
2026-07-08,BTC,Total,-84.9
2026-07-09,BTC,IBIT,0.0
2026-07-09,BTC,FBTC,-63.3
2026-07-09,BTC,BITB,0.3
2026-07-09,BTC,ARKB,-39.9
2026-07-09,BTC,BTCO,0.0
2026-07-09,BTC,EZBC,0.0
2026-07-09,BTC,BRRR,0.0
2026-07-09,BTC,HODL,5.4
2026-07-09,BTC,BTCW,0.0
2026-07-09,BTC,MSBT,2.2
2026-07-09,BTC,GBTC,0.0
2026-07-09,BTC,BTC,0.0
2026-07-09,BTC,Total,-95.3
2026-07-10,BTC,IBIT,86.8
2026-07-10,BTC,FBTC,0.0
2026-07-10,BTC,BITB,0.0
2026-07-10,BTC,ARKB,0.0
2026-07-10,BTC,BTCO,0.0
2026-07-10,BTC,EZBC,0.0
2026-07-10,BTC,BRRR,0.0
2026-07-10,BTC,HODL,3.6
2026-07-10,BTC,BTCW,0.0
2026-07-10,BTC,MSBT,0.0
2026-07-10,BTC,GBTC,0.0
2026-07-10,BTC,BTC,0.0
2026-07-10,BTC,Total,90.4
2026-07-13,BTC,IBIT,-185.5
2026-07-13,BTC,FBTC,-245.6
2026-07-13,BTC,BITB,0.0
2026-07-13,BTC,ARKB,0.0
2026-07-13,BTC,BTCO,0.0
2026-07-13,BTC,EZBC,0.0
2026-07-13,BTC,BRRR,0.0
2026-07-13,BTC,HODL,6.1
2026-07-13,BTC,BTCW,0.0
2026-07-13,BTC,MSBT,0.0
2026-07-13,BTC,GBTC,-53.1
2026-07-13,BTC,BTC,53.4
2026-07-13,BTC,Total,-424.7
2026-07-14,BTC,IBIT,138.9
2026-07-14,BTC,FBTC,21.1
2026-07-14,BTC,BITB,3.5
2026-07-14,BTC,ARKB,3.6
2026-07-14,BTC,BTCO,0.0
2026-07-14,BTC,EZBC,0.0
2026-07-14,BTC,BRRR,0.0
2026-07-14,BTC,HODL,0.0
2026-07-14,BTC,BTCW,0.0
2026-07-14,BTC,MSBT,7.4
2026-07-14,BTC,GBTC,0.0
2026-07-14,BTC,BTC,6.6
2026-07-14,BTC,Total,181.1
2026-07-15,BTC,IBIT,80.8
2026-07-15,BTC,FBTC,16.9
2026-07-15,BTC,BITB,0.0
2026-07-15,BTC,ARKB,0.0
2026-07-15,BTC,BTCO,0.0
2026-07-15,BTC,EZBC,0.0
2026-07-15,BTC,BRRR,0.0
2026-07-15,BTC,HODL,0.0
2026-07-15,BTC,BTCW,0.0
2026-07-15,BTC,MSBT,0.0
2026-07-15,BTC,GBTC,0.0
2026-07-15,BTC,BTC,10.0
2026-07-15,BTC,Total,107.7
2026-07-16,BTC,IBIT,33.4
2026-07-16,BTC,FBTC,30.7
2026-07-16,BTC,BITB,15.0
2026-07-16,BTC,ARKB,0.0
2026-07-16,BTC,BTCO,0.0
2026-07-16,BTC,EZBC,0.0
2026-07-16,BTC,BRRR,0.0
2026-07-16,BTC,HODL,0.0
2026-07-16,BTC,BTCW,0.0
2026-07-16,BTC,MSBT,0.0
2026-07-16,BTC,GBTC,0.0
2026-07-16,BTC,BTC,0.0
2026-07-16,BTC,Total,79.1
2026-07-17,BTC,IBIT,136.5
2026-07-17,BTC,FBTC,-4.2
2026-07-17,BTC,BITB,0.0
2026-07-17,BTC,ARKB,0.0
2026-07-17,BTC,BTCO,0.0
2026-07-17,BTC,EZBC,0.0
2026-07-17,BTC,BRRR,0.0
2026-07-17,BTC,HODL,0.0
2026-07-17,BTC,BTCW,0.0
2026-07-17,BTC,MSBT,0.0
2026-07-17,BTC,GBTC,0.0
2026-07-17,BTC,BTC,0.0
2026-07-17,BTC,Total,132.3
2026-07-20,BTC,IBIT,116.5
2026-07-20,BTC,FBTC,24.1
2026-07-20,BTC,BITB,8.8
2026-07-20,BTC,ARKB,72.7
2026-07-20,BTC,BTCO,0.0
2026-07-20,BTC,EZBC,0.0
2026-07-20,BTC,BRRR,0.0
2026-07-20,BTC,HODL,1.8
2026-07-20,BTC,BTCW,0.0
2026-07-20,BTC,MSBT,6.9
2026-07-20,BTC,GBTC,-45.4
2026-07-20,BTC,BTC,41.4
2026-07-20,BTC,Total,226.8
2026-07-21,BTC,IBIT,163.9
2026-07-21,BTC,FBTC,23.1
2026-07-21,BTC,BITB,0.0
2026-07-21,BTC,ARKB,9.7
2026-07-21,BTC,BTCO,0.0
2026-07-21,BTC,EZBC,0.0
2026-07-21,BTC,BRRR,0.0
2026-07-21,BTC,HODL,0.0
2026-07-21,BTC,BTCW,0.0
2026-07-21,BTC,MSBT,0.0
2026-07-21,BTC,GBTC,0.0
2026-07-21,BTC,BTC,6.5
2026-07-21,BTC,Total,203.2
2026-07-22,BTC,IBIT,38.8
2026-07-22,BTC,FBTC,21.5
2026-07-22,BTC,BITB,5.4
2026-07-22,BTC,ARKB,0.0
2026-07-22,BTC,BTCO,0.0
2026-07-22,BTC,EZBC,0.0
2026-07-22,BTC,BRRR,0.0
2026-07-22,BTC,HODL,0.0
2026-07-22,BTC,BTCW,0.0
2026-07-22,BTC,MSBT,3.8
2026-07-22,BTC,GBTC,-38.3
2026-07-22,BTC,BTC,37.9
2026-07-22,BTC,Total,69.1
2026-07-23,BTC,IBIT,-202.5
2026-07-23,BTC,FBTC,-5.6
2026-07-23,BTC,BITB,-7.0
2026-07-23,BTC,ARKB,-4.3
2026-07-23,BTC,BTCO,0.0
2026-07-23,BTC,EZBC,-5.6
2026-07-23,BTC,BRRR,0.0
2026-07-23,BTC,HODL,0.0
2026-07-23,BTC,BTCW,-5.1
2026-07-23,BTC,MSBT,5.0
2026-07-23,BTC,GBTC,0.0
2026-07-23,BTC,BTC,0.0
2026-07-23,BTC,Total,-225.1
2026-07-24,BTC,IBIT,-212.2
2026-07-24,BTC,FBTC,-27.9
2026-07-24,BTC,BITB,0.0
2026-07-24,BTC,ARKB,0.0
2026-07-24,BTC,BTCO,0.0
2026-07-24,BTC,EZBC,0.0
2026-07-24,BTC,BRRR,0.0
2026-07-24,BTC,HODL,0.0
2026-07-24,BTC,BTCW,0.0
2026-07-24,BTC,MSBT,0.0
2026-07-24,BTC,GBTC,0.0
2026-07-24,BTC,BTC,0.0
2026-07-24,BTC,Total,-240.1
2026-07-27,BTC,IBIT,-8.8
2026-07-27,BTC,FBTC,-2.8
2026-07-27,BTC,BITB,0.0
2026-07-27,BTC,ARKB,0.0
2026-07-27,BTC,BTCO,
2026-07-27,BTC,EZBC,0.0
2026-07-27,BTC,BRRR,0.0
2026-07-27,BTC,HODL,0.0
2026-07-27,BTC,BTCW,0.0
2026-07-27,BTC,MSBT,0.0
2026-07-27,BTC,GBTC,0.0
2026-07-27,BTC,BTC,0.0
2026-07-27,BTC,Total,-11.6
2026-07-28,BTC,IBIT,-54.8
2026-07-28,BTC,FBTC,0.0
2026-07-28,BTC,BITB,0.0
2026-07-28,BTC,ARKB,0.0
2026-07-28,BTC,BTCO,0.0
2026-07-28,BTC,EZBC,0.0
2026-07-28,BTC,BRRR,0.0
2026-07-28,BTC,HODL,0.0
2026-07-28,BTC,BTCW,0.0
2026-07-28,BTC,MSBT,0.0
2026-07-28,BTC,GBTC,0.0
2026-07-28,BTC,BTC,5.1
2026-07-28,BTC,Total,-49.7
2026-07-29,BTC,IBIT,89.8
2026-07-29,BTC,FBTC,-43.1
2026-07-29,BTC,BITB,0.0
2026-07-29,BTC,ARKB,-14.6
2026-07-29,BTC,BTCO,0.0
2026-07-29,BTC,EZBC,0.0
2026-07-29,BTC,BRRR,0.0
2026-07-29,BTC,HODL,0.0
2026-07-29,BTC,BTCW,0.0
2026-07-29,BTC,MSBT,0.0
2026-07-29,BTC,GBTC,0.0
2026-07-29,BTC,BTC,0.0
2026-07-29,BTC,Total,32.1
2026-07-30,BTC,IBIT,183.4
2026-07-30,BTC,FBTC,15.5
2026-07-30,BTC,BITB,20.7
2026-07-30,BTC,ARKB,1.5
2026-07-30,BTC,BTCO,0.0
2026-07-30,BTC,EZBC,0.0
2026-07-30,BTC,BRRR,0.0
2026-07-30,BTC,HODL,2.3
2026-07-30,BTC,BTCW,0.0
2026-07-30,BTC,MSBT,7.4
2026-07-30,BTC,GBTC,0.0
2026-07-30,BTC,BTC,2.3
2026-07-30,BTC,Total,233.1
2026-07-31,BTC,IBIT,-122.7
2026-07-31,BTC,FBTC,-54.8
2026-07-31,BTC,BITB,-17.8
2026-07-31,BTC,ARKB,-17.5
2026-07-31,BTC,BTCO,0.0
2026-07-31,BTC,EZBC,0.0
2026-07-31,BTC,BRRR,0.0
2026-07-31,BTC,HODL,0.0
2026-07-31,BTC,BTCW,0.0
2026-07-31,BTC,MSBT,0.0
2026-07-31,BTC,GBTC,-52.6
2026-07-31,BTC,BTC,0.0
2026-07-31,BTC,Total,-265.4
2026-08-03,BTC,IBIT,111.4
2026-08-03,BTC,FBTC,33.4
2026-08-03,BTC,BITB,2.8
2026-08-03,BTC,ARKB,2.1
2026-08-03,BTC,BTCO,6.7
2026-08-03,BTC,EZBC,9.2
2026-08-03,BTC,BRRR,0.0
2026-08-03,BTC,HODL,4.5
2026-08-03,BTC,BTCW,0.0
2026-08-03,BTC,MSBT,0.0
2026-08-03,BTC,GBTC,0.0
2026-08-03,BTC,BTC,0.0
2026-08-03,BTC,Total,170.1
2026-08-04,BTC,IBIT,170.3
2026-08-04,BTC,FBTC,19.6
2026-08-04,BTC,BITB,8.7
2026-08-04,BTC,ARKB,9.2
2026-08-04,BTC,BTCO,0.0
2026-08-04,BTC,EZBC,0.0
2026-08-04,BTC,BRRR,0.0
2026-08-04,BTC,HODL,0.0
2026-08-04,BTC,BTCW,0.0
2026-08-04,BTC,MSBT,3.7
2026-08-04,BTC,GBTC,0.0
2026-08-04,BTC,BTC,0.0
2026-08-04,BTC,Total,211.5
2026-08-05,BTC,IBIT,196.8
2026-08-05,BTC,FBTC,11.3
2026-08-05,BTC,BITB,10.6
2026-08-05,BTC,ARKB,37.6
2026-08-05,BTC,BTCO,0.0
2026-08-05,BTC,EZBC,0.0
2026-08-05,BTC,BRRR,0.0
2026-08-05,BTC,HODL,-14.7
2026-08-05,BTC,BTCW,0.0
2026-08-05,BTC,MSBT,2.8
2026-08-05,BTC,GBTC,0.0
2026-08-05,BTC,BTC,0.0
2026-08-05,BTC,Total,244.4
2026-08-06,BTC,IBIT,128.3
2026-08-06,BTC,FBTC,11.2
2026-08-06,BTC,BITB,1.7
2026-08-06,BTC,ARKB,0.0
2026-08-06,BTC,BTCO,0.0
2026-08-06,BTC,EZBC,0.0
2026-08-06,BTC,BRRR,0.0
2026-08-06,BTC,HODL,-32.8
2026-08-06,BTC,BTCW,0.0
2026-08-06,BTC,MSBT,14.9
2026-08-06,BTC,GBTC,7.5
2026-08-06,BTC,BTC,6.8
2026-08-06,BTC,Total,137.6
2026-08-07,BTC,IBIT,86.7
2026-08-07,BTC,FBTC,41.0
2026-08-07,BTC,BITB,2.1
2026-08-07,BTC,ARKB,1.9
2026-08-07,BTC,BTCO,-19.4
2026-08-07,BTC,EZBC,
2026-08-07,BTC,BRRR,0.0
2026-08-07,BTC,HODL,-10.6
2026-08-07,BTC,BTCW,0.0
2026-08-07,BTC,MSBT,0.0
2026-08-07,BTC,GBTC,0.0
2026-08-07,BTC,BTC,0.0
2026-08-07,BTC,Total,101.7
2026-08-10,BTC,IBIT,-53.6
2026-08-10,BTC,FBTC,-40.3
2026-08-10,BTC,BITB,-28.4
2026-08-10,BTC,ARKB,0.0
2026-08-10,BTC,BTCO,0.0
2026-08-10,BTC,EZBC,-7.4
2026-08-10,BTC,BRRR,0.0
2026-08-10,BTC,HODL,0.0
2026-08-10,BTC,BTCW,0.0
2026-08-10,BTC,MSBT,0.0
2026-08-10,BTC,GBTC,-52.0
2026-08-10,BTC,BTC,37.1
2026-08-10,BTC,Total,-144.6
2026-08-11,BTC,IBIT,50.2
2026-08-11,BTC,FBTC,-4.1
2026-08-11,BTC,BITB,0.0
2026-08-11,BTC,ARKB,-11.5
2026-08-11,BTC,BTCO,0.0
2026-08-11,BTC,EZBC,-16.5
2026-08-11,BTC,BRRR,0.0
2026-08-11,BTC,HODL,-10.3
2026-08-11,BTC,BTCW,0.0
2026-08-11,BTC,MSBT,0.0
2026-08-11,BTC,GBTC,0.0
2026-08-11,BTC,BTC,0.0
2026-08-11,BTC,Total,7.8
2026-08-12,BTC,IBIT,-14.3
2026-08-12,BTC,FBTC,-46.8
2026-08-12,BTC,BITB,0.0
2026-08-12,BTC,ARKB,0.0
2026-08-12,BTC,BTCO,0.0
2026-08-12,BTC,EZBC,0.0
2026-08-12,BTC,BRRR,0.0
2026-08-12,BTC,HODL,0.0
2026-08-12,BTC,BTCW,0.0
2026-08-12,BTC,MSBT,0.0
2026-08-12,BTC,GBTC,0.0
2026-08-12,BTC,BTC,0.0
2026-08-12,BTC,Total,-61.1
2026-08-13,BTC,IBIT,-5.7
2026-08-13,BTC,FBTC,-55.1
2026-08-13,BTC,BITB,-9.3
2026-08-13,BTC,ARKB,-58.8
2026-08-13,BTC,BTCO,-7.9
2026-08-13,BTC,EZBC,0.0
2026-08-13,BTC,BRRR,0.0
2026-08-13,BTC,HODL,0.0
2026-08-13,BTC,BTCW,-4.0
2026-08-13,BTC,MSBT,7.1
2026-08-13,BTC,GBTC,-36.3
2026-08-13,BTC,BTC,38.9
2026-08-13,BTC,Total,-131.1
2026-08-14,BTC,IBIT,-55.5
2026-08-14,BTC,FBTC,-6.8
2026-08-14,BTC,BITB,6.1
2026-08-14,BTC,ARKB,0.0
2026-08-14,BTC,BTCO,0.0
2026-08-14,BTC,EZBC,0.0
2026-08-14,BTC,BRRR,0.0
2026-08-14,BTC,HODL,0.0
2026-08-14,BTC,BTCW,0.0
2026-08-14,BTC,MSBT,0.0
2026-08-14,BTC,GBTC,0.0
2026-08-14,BTC,BTC,0.0
2026-08-14,BTC,Total,-56.2
2026-08-17,BTC,IBIT,160.2
2026-08-17,BTC,FBTC,111.9
2026-08-17,BTC,BITB,0.0
2026-08-17,BTC,ARKB,14.2
2026-08-17,BTC,BTCO,0.0
2026-08-17,BTC,EZBC,0.0
2026-08-17,BTC,BRRR,0.0
2026-08-17,BTC,HODL,0.0
2026-08-17,BTC,BTCW,0.0
2026-08-17,BTC,MSBT,11.2
2026-08-17,BTC,GBTC,0.0
2026-08-17,BTC,BTC,0.0
2026-08-17,BTC,Total,297.5
2026-08-18,BTC,IBIT,143.6
2026-08-18,BTC,FBTC,23.9
2026-08-18,BTC,BITB,16.1
2026-08-18,BTC,ARKB,19.7
2026-08-18,BTC,BTCO,0.0
2026-08-18,BTC,EZBC,0.0
2026-08-18,BTC,BRRR,0.0
2026-08-18,BTC,HODL,-16.9
2026-08-18,BTC,BTCW,0.0
2026-08-18,BTC,MSBT,0.0
2026-08-18,BTC,GBTC,0.0
2026-08-18,BTC,BTC,2.9
2026-08-18,BTC,Total,189.3
2026-08-19,BTC,IBIT,284.7
2026-08-19,BTC,FBTC,62.4
2026-08-19,BTC,BITB,35.6
2026-08-19,BTC,ARKB,77.7
2026-08-19,BTC,BTCO,0.0
2026-08-19,BTC,EZBC,5.9
2026-08-19,BTC,BRRR,0.0
2026-08-19,BTC,HODL,0.0
2026-08-19,BTC,BTCW,0.0
2026-08-19,BTC,MSBT,10.0
2026-08-19,BTC,GBTC,21.2
2026-08-19,BTC,BTC,19.7
2026-08-19,BTC,Total,517.2
2026-08-20,BTC,IBIT,503.0
2026-08-20,BTC,FBTC,64.7
2026-08-20,BTC,BITB,26.4
2026-08-20,BTC,ARKB,12.2
2026-08-20,BTC,BTCO,3.6
2026-08-20,BTC,EZBC,0.0
2026-08-20,BTC,BRRR,0.0
2026-08-20,BTC,HODL,-3.6
2026-08-20,BTC,BTCW,0.0
2026-08-20,BTC,MSBT,0.0
2026-08-20,BTC,GBTC,0.0
2026-08-20,BTC,BTC,0.0
2026-08-20,BTC,Total,606.3
2026-08-21,BTC,IBIT,239.3
2026-08-21,BTC,FBTC,30.2
2026-08-21,BTC,BITB,9.2
2026-08-21,BTC,ARKB,3.1
2026-08-21,BTC,BTCO,0.0
2026-08-21,BTC,EZBC,0.0
2026-08-21,BTC,BRRR,0.0
2026-08-21,BTC,HODL,4.4
2026-08-21,BTC,BTCW,0.0
2026-08-21,BTC,MSBT,7.7
2026-08-21,BTC,GBTC,0.0
2026-08-21,BTC,BTC,13.6
2026-08-21,BTC,Total,307.5
2026-08-24,BTC,IBIT,208.9
2026-08-24,BTC,FBTC,104.6
2026-08-24,BTC,BITB,3.0
2026-08-24,BTC,ARKB,0.0
2026-08-24,BTC,BTCO,0.0
2026-08-24,BTC,EZBC,0.0
2026-08-24,BTC,BRRR,0.0
2026-08-24,BTC,HODL,3.3
2026-08-24,BTC,BTCW,0.0
2026-08-24,BTC,MSBT,1.4
2026-08-24,BTC,GBTC,0.0
2026-08-24,BTC,BTC,16.4
2026-08-24,BTC,Total,337.6
2026-08-25,BTC,IBIT,284.4
2026-08-25,BTC,FBTC,15.4
2026-08-25,BTC,BITB,3.0
2026-08-25,BTC,ARKB,0.0
2026-08-25,BTC,BTCO,0.0
2026-08-25,BTC,EZBC,0.0
2026-08-25,BTC,BRRR,0.0
2026-08-25,BTC,HODL,0.0
2026-08-25,BTC,BTCW,0.0
2026-08-25,BTC,MSBT,4.5
2026-08-25,BTC,GBTC,0.0
2026-08-25,BTC,BTC,7.0
2026-08-25,BTC,Total,314.3
2026-08-26,BTC,IBIT,200.8
2026-08-26,BTC,FBTC,25.6
2026-08-26,BTC,BITB,6.0
2026-08-26,BTC,ARKB,0.0
2026-08-26,BTC,BTCO,0.0
2026-08-26,BTC,EZBC,0.0
2026-08-26,BTC,BRRR,0.0
2026-08-26,BTC,HODL,0.0
2026-08-26,BTC,BTCW,0.0
2026-08-26,BTC,MSBT,3.4
2026-08-26,BTC,GBTC,-50.4
2026-08-26,BTC,BTC,46.8
2026-08-26,BTC,Total,232.2
2026-08-27,BTC,IBIT,277.6
2026-08-27,BTC,FBTC,-83.6
2026-08-27,BTC,BITB,21.7
2026-08-27,BTC,ARKB,29.7
2026-08-27,BTC,BTCO,0.0
2026-08-27,BTC,EZBC,0.0
2026-08-27,BTC,BRRR,0.0
2026-08-27,BTC,HODL,5.7
2026-08-27,BTC,BTCW,0.0
2026-08-27,BTC,MSBT,6.7
2026-08-27,BTC,GBTC,-27.2
2026-08-27,BTC,BTC,11.7
2026-08-27,BTC,Total,242.3
2026-08-28,BTC,IBIT,-33.4
2026-08-28,BTC,FBTC,0.0
2026-08-28,BTC,BITB,-49.7
2026-08-28,BTC,ARKB,-114.9
2026-08-28,BTC,BTCO,0.0
2026-08-28,BTC,EZBC,0.0
2026-08-28,BTC,BRRR,0.0
2026-08-28,BTC,HODL,-13.2
2026-08-28,BTC,BTCW,0.0
2026-08-28,BTC,MSBT,9.3
2026-08-28,BTC,GBTC,0.0
2026-08-28,BTC,BTC,0.0
2026-08-28,BTC,Total,-201.9
2026-08-31,BTC,IBIT,205.9
2026-08-31,BTC,FBTC,6.9
2026-08-31,BTC,BITB,4.3
2026-08-31,BTC,ARKB,0.0
2026-08-31,BTC,BTCO,0.0
2026-08-31,BTC,EZBC,0.0
2026-08-31,BTC,BRRR,0.0
2026-08-31,BTC,HODL,-13.4
2026-08-31,BTC,BTCW,0.0
2026-08-31,BTC,MSBT,3.6
2026-08-31,BTC,GBTC,0.0
2026-08-31,BTC,BTC,9.4
2026-08-31,BTC,Total,216.7
2026-09-01,BTC,IBIT,-201.2
2026-09-01,BTC,FBTC,-43.7
2026-09-01,BTC,BITB,8.4
2026-09-01,BTC,ARKB,0.0
2026-09-01,BTC,BTCO,0.0
2026-09-01,BTC,EZBC,0.0
2026-09-01,BTC,BRRR,0.0
2026-09-01,BTC,HODL,0.0
2026-09-01,BTC,BTCW,0.0
2026-09-01,BTC,MSBT,0.0
2026-09-01,BTC,GBTC,0.0
2026-09-01,BTC,BTC,0.0
2026-09-01,BTC,Total,-236.5
2026-09-02,BTC,IBIT,115.4
2026-09-02,BTC,FBTC,0.0
2026-09-02,BTC,BITB,4.2
2026-09-02,BTC,ARKB,0.0
2026-09-02,BTC,BTCO,0.0
2026-09-02,BTC,EZBC,0.0
2026-09-02,BTC,BRRR,0.0
2026-09-02,BTC,HODL,0.0
2026-09-02,BTC,BTCW,0.0
2026-09-02,BTC,MSBT,7.3
2026-09-02,BTC,GBTC,-56.2
2026-09-02,BTC,BTC,30.4
2026-09-02,BTC,Total,101.1
2026-09-03,BTC,IBIT,454.0
2026-09-03,BTC,FBTC,74.4
2026-09-03,BTC,BITB,24.8
2026-09-03,BTC,ARKB,137.7
2026-09-03,BTC,BTCO,0.0
2026-09-03,BTC,EZBC,0.0
2026-09-03,BTC,BRRR,0.0
2026-09-03,BTC,HODL,-19.6
2026-09-03,BTC,BTCW,-5.2
2026-09-03,BTC,MSBT,7.7
2026-09-03,BTC,GBTC,8.2
2026-09-03,BTC,BTC,48.8
2026-09-03,BTC,Total,730.8
2026-09-04,BTC,IBIT,117.4
2026-09-04,BTC,FBTC,57.2
2026-09-04,BTC,BITB,0.0
2026-09-04,BTC,ARKB,0.0
2026-09-04,BTC,BTCO,0.0
2026-09-04,BTC,EZBC,0.0
2026-09-04,BTC,BRRR,0.0
2026-09-04,BTC,HODL,0.0
2026-09-04,BTC,BTCW,0.0
2026-09-04,BTC,MSBT,0.0
2026-09-04,BTC,GBTC,0.0
2026-09-04,BTC,BTC,0.0
2026-09-04,BTC,Total,174.6
2026-09-08,BTC,IBIT,10.7
2026-09-08,BTC,FBTC,-17.1
2026-09-08,BTC,BITB,14.5
2026-09-08,BTC,ARKB,8.1
2026-09-08,BTC,BTCO,-4.7
2026-09-08,BTC,EZBC,0.0
2026-09-08,BTC,BRRR,0.0
2026-09-08,BTC,HODL,0.0
2026-09-08,BTC,BTCW,0.0
2026-09-08,BTC,MSBT,7.4
2026-09-08,BTC,GBTC,-65.5
2026-09-08,BTC,BTC,0.0
2026-09-08,BTC,Total,-46.6
2026-09-09,BTC,IBIT,-19.5
2026-09-09,BTC,FBTC,0.0
2026-09-09,BTC,BITB,0.0
2026-09-09,BTC,ARKB,-78.0
2026-09-09,BTC,BTCO,0.0
2026-09-09,BTC,EZBC,0.0
2026-09-09,BTC,BRRR,0.0
2026-09-09,BTC,HODL,0.0
2026-09-09,BTC,BTCW,0.0
2026-09-09,BTC,MSBT,4.5
2026-09-09,BTC,GBTC,-27.2
2026-09-09,BTC,BTC,0.0
2026-09-09,BTC,Total,-120.2
2026-09-10,BTC,IBIT,-24.5
2026-09-10,BTC,FBTC,-33.6
2026-09-10,BTC,BITB,-12.6
2026-09-10,BTC,ARKB,-164.3
2026-09-10,BTC,BTCO,0.0
2026-09-10,BTC,EZBC,0.0
2026-09-10,BTC,BRRR,0.0
2026-09-10,BTC,HODL,-15.3
2026-09-10,BTC,BTCW,0.0
2026-09-10,BTC,MSBT,4.0
2026-09-10,BTC,GBTC,-36.4
2026-09-10,BTC,BTC,0.0
2026-09-10,BTC,Total,-282.7
2026-09-11,BTC,IBIT,-19.2
2026-09-11,BTC,FBTC,0.0
2026-09-11,BTC,BITB,0.0
2026-09-11,BTC,ARKB,0.0
2026-09-11,BTC,BTCO,0.0
2026-09-11,BTC,EZBC,0.0
2026-09-11,BTC,BRRR,0.0
2026-09-11,BTC,HODL,2.2
2026-09-11,BTC,BTCW,0.0
2026-09-11,BTC,MSBT,3.8
2026-09-11,BTC,GBTC,0.0
2026-09-11,BTC,BTC,0.0
2026-09-11,BTC,Total,-13.2
2026-09-14,BTC,IBIT,134.3
2026-09-14,BTC,FBTC,53.3
2026-09-14,BTC,BITB,0.0
2026-09-14,BTC,ARKB,-42.0
2026-09-14,BTC,BTCO,0.0
2026-09-14,BTC,EZBC,4.6
2026-09-14,BTC,BRRR,0.0
2026-09-14,BTC,HODL,0.0
2026-09-14,BTC,BTCW,0.0
2026-09-14,BTC,MSBT,9.7
2026-09-14,BTC,GBTC,0.0
2026-09-14,BTC,BTC,0.0
2026-09-14,BTC,Total,159.9
2026-09-15,BTC,IBIT,-161.7
2026-09-15,BTC,FBTC,-214.8
2026-09-15,BTC,BITB,-12.4
2026-09-15,BTC,ARKB,-17.4
2026-09-15,BTC,BTCO,0.0
2026-09-15,BTC,EZBC,0.0
2026-09-15,BTC,BRRR,0.0
2026-09-15,BTC,HODL,0.0
2026-09-15,BTC,BTCW,0.0
2026-09-15,BTC,MSBT,0.0
2026-09-15,BTC,GBTC,-44.1
2026-09-15,BTC,BTC,0.0
2026-09-15,BTC,Total,-450.4
2026-09-16,BTC,IBIT,-144.1
2026-09-16,BTC,FBTC,-52.7
2026-09-16,BTC,BITB,0.0
2026-09-16,BTC,ARKB,-84.4
2026-09-16,BTC,BTCO,0.0
2026-09-16,BTC,EZBC,0.0
2026-09-16,BTC,BRRR,0.0
2026-09-16,BTC,HODL,0.0
2026-09-16,BTC,BTCW,0.0
2026-09-16,BTC,MSBT,3.5
2026-09-16,BTC,GBTC,-18.2
2026-09-16,BTC,BTC,0.0
2026-09-16,BTC,Total,-295.9
2026-09-17,BTC,IBIT,183.7
2026-09-17,BTC,FBTC,-16.6
2026-09-17,BTC,BITB,0.0
2026-09-17,BTC,ARKB,0.0
2026-09-17,BTC,BTCO,0.0
2026-09-17,BTC,EZBC,0.0
2026-09-17,BTC,BRRR,0.0
2026-09-17,BTC,HODL,-7.6
2026-09-17,BTC,BTCW,0.0
2026-09-17,BTC,MSBT,0.0
2026-09-17,BTC,GBTC,0.0
2026-09-17,BTC,BTC,0.0
2026-09-17,BTC,Total,159.5
2026-09-18,BTC,IBIT,108.4
2026-09-18,BTC,FBTC,310.7
2026-09-18,BTC,BITB,9.7
2026-09-18,BTC,ARKB,1.9
2026-09-18,BTC,BTCO,0.0
2026-09-18,BTC,EZBC,0.0
2026-09-18,BTC,BRRR,0.0
2026-09-18,BTC,HODL,2.3
2026-09-18,BTC,BTCW,0.0
2026-09-18,BTC,MSBT,0.0
2026-09-18,BTC,GBTC,0.0
2026-09-18,BTC,BTC,0.0
2026-09-18,BTC,Total,433.0
2026-09-21,BTC,IBIT,381.4
2026-09-21,BTC,FBTC,238.8
2026-09-21,BTC,BITB,21.6
2026-09-21,BTC,ARKB,289.1
2026-09-21,BTC,BTCO,0.0
2026-09-21,BTC,EZBC,0.0
2026-09-21,BTC,BRRR,0.0
2026-09-21,BTC,HODL,0.0
2026-09-21,BTC,BTCW,0.0
2026-09-21,BTC,MSBT,61.7
2026-09-21,BTC,GBTC,3.3
2026-09-21,BTC,BTC,3.1
2026-09-21,BTC,Total,999.0
2026-09-22,BTC,IBIT,350.3
2026-09-22,BTC,FBTC,257.4
2026-09-22,BTC,BITB,0.0
2026-09-22,BTC,ARKB,0.6
2026-09-22,BTC,BTCO,0.0
2026-09-22,BTC,EZBC,0.0
2026-09-22,BTC,BRRR,0.0
2026-09-22,BTC,HODL,2.4
2026-09-22,BTC,BTCW,0.0
2026-09-22,BTC,MSBT,99.0
2026-09-22,BTC,GBTC,0.0
2026-09-22,BTC,BTC,5.0
2026-09-22,BTC,Total,714.7
2026-09-23,BTC,IBIT,166.3
2026-09-23,BTC,FBTC,143.2
2026-09-23,BTC,BITB,0.0
2026-09-23,BTC,ARKB,5.0
2026-09-23,BTC,BTCO,0.0
2026-09-23,BTC,EZBC,0.0
2026-09-23,BTC,BRRR,0.0
2026-09-23,BTC,HODL,0.0
2026-09-23,BTC,BTCW,0.0
2026-09-23,BTC,MSBT,32.4
2026-09-23,BTC,GBTC,0.0
2026-09-23,BTC,BTC,0.0
2026-09-23,BTC,Total,346.9
2026-09-24,BTC,IBIT,162.6
2026-09-24,BTC,FBTC,12.9
2026-09-24,BTC,BITB,4.1
2026-09-24,BTC,ARKB,0.0
2026-09-24,BTC,BTCO,0.0
2026-09-24,BTC,EZBC,4.9
2026-09-24,BTC,BRRR,0.0
2026-09-24,BTC,HODL,0.0
2026-09-24,BTC,BTCW,-4.0
2026-09-24,BTC,MSBT,10.2
2026-09-24,BTC,GBTC,0.0
2026-09-24,BTC,BTC,0.0
2026-09-24,BTC,Total,190.7
2026-09-25,BTC,IBIT,97.0
2026-09-25,BTC,FBTC,49.3
2026-09-25,BTC,BITB,-11.8
2026-09-25,BTC,ARKB,0.0
2026-09-25,BTC,BTCO,0.0
2026-09-25,BTC,EZBC,0.0
2026-09-25,BTC,BRRR,0.0
2026-09-25,BTC,HODL,0.0
2026-09-25,BTC,BTCW,0.0
2026-09-25,BTC,MSBT,0.0
2026-09-25,BTC,GBTC,0.0
2026-09-25,BTC,BTC,0.0
2026-09-25,BTC,Total,134.5
2026-09-28,BTC,IBIT,
2026-09-28,BTC,FBTC,
2026-09-28,BTC,BITB,
2026-09-28,BTC,ARKB,
2026-09-28,BTC,BTCO,
2026-09-28,BTC,EZBC,
2026-09-28,BTC,BRRR,
2026-09-28,BTC,HODL,
2026-09-28,BTC,BTCW,
2026-09-28,BTC,MSBT,
2026-09-28,BTC,GBTC,
2026-09-28,BTC,BTC,
2026-09-28,BTC,Total,0.0
2024-07-23,ETH,ETHA,266.5
2024-07-23,ETH,ETHB,
2024-07-23,ETH,FETH,71.3
2024-07-23,ETH,ETHW,204.0
2024-07-23,ETH,TETH,7.5
2024-07-23,ETH,ETHV,7.6
2024-07-23,ETH,QETH,5.5
2024-07-23,ETH,EZET,13.2
2024-07-23,ETH,MSSE,
2024-07-23,ETH,ETHE,-484.1
2024-07-23,ETH,ETH,15.1
2024-07-23,ETH,Total,106.6
2024-07-24,ETH,ETHA,17.4
2024-07-24,ETH,ETHB,
2024-07-24,ETH,FETH,74.5
2024-07-24,ETH,ETHW,29.6
2024-07-24,ETH,TETH,0.0
2024-07-24,ETH,ETHV,19.8
2024-07-24,ETH,QETH,2.5
2024-07-24,ETH,EZET,3.9
2024-07-24,ETH,MSSE,
2024-07-24,ETH,ETHE,-326.9
2024-07-24,ETH,ETH,45.9
2024-07-24,ETH,Total,-133.3
2024-07-25,ETH,ETHA,70.9
2024-07-25,ETH,ETHB,
2024-07-25,ETH,FETH,34.3
2024-07-25,ETH,ETHW,16.3
2024-07-25,ETH,TETH,0.0
2024-07-25,ETH,ETHV,8.0
2024-07-25,ETH,QETH,6.2
2024-07-25,ETH,EZET,0.0
2024-07-25,ETH,MSSE,
2024-07-25,ETH,ETHE,-346.2
2024-07-25,ETH,ETH,58.1
2024-07-25,ETH,Total,-152.4
2024-07-26,ETH,ETHA,87.2
2024-07-26,ETH,ETHB,
2024-07-26,ETH,FETH,39.3
2024-07-26,ETH,ETHW,16.0
2024-07-26,ETH,TETH,0.0
2024-07-26,ETH,ETHV,0.0
2024-07-26,ETH,QETH,0.0
2024-07-26,ETH,EZET,6.2
2024-07-26,ETH,MSSE,
2024-07-26,ETH,ETHE,-356.3
2024-07-26,ETH,ETH,44.9
2024-07-26,ETH,Total,-162.7
2024-07-29,ETH,ETHA,58.2
2024-07-29,ETH,ETHB,
2024-07-29,ETH,FETH,24.8
2024-07-29,ETH,ETHW,10.4
2024-07-29,ETH,TETH,0.0
2024-07-29,ETH,ETHV,10.9
2024-07-29,ETH,QETH,0.0
2024-07-29,ETH,EZET,2.5
2024-07-29,ETH,MSSE,
2024-07-29,ETH,ETHE,-210.0
2024-07-29,ETH,ETH,4.9
2024-07-29,ETH,Total,-98.3
2024-07-30,ETH,ETHA,118.0
2024-07-30,ETH,ETHB,
2024-07-30,ETH,FETH,16.4
2024-07-30,ETH,ETHW,3.5
2024-07-30,ETH,TETH,0.0
2024-07-30,ETH,ETHV,0.0
2024-07-30,ETH,QETH,0.0
2024-07-30,ETH,EZET,3.7
2024-07-30,ETH,MSSE,
2024-07-30,ETH,ETHE,-120.3
2024-07-30,ETH,ETH,12.4
2024-07-30,ETH,Total,33.7
2024-07-31,ETH,ETHA,5.0
2024-07-31,ETH,ETHB,
2024-07-31,ETH,FETH,18.8
2024-07-31,ETH,ETHW,4.7
2024-07-31,ETH,TETH,3.3
2024-07-31,ETH,ETHV,4.8
2024-07-31,ETH,QETH,0.0
2024-07-31,ETH,EZET,0.0
2024-07-31,ETH,MSSE,
2024-07-31,ETH,ETHE,-133.3
2024-07-31,ETH,ETH,19.5
2024-07-31,ETH,Total,-77.2
2024-08-01,ETH,ETHA,89.6
2024-08-01,ETH,ETHB,
2024-08-01,ETH,FETH,11.7
2024-08-01,ETH,ETHW,3.4
2024-08-01,ETH,TETH,0.0
2024-08-01,ETH,ETHV,0.0
2024-08-01,ETH,QETH,0.0
2024-08-01,ETH,EZET,0.0
2024-08-01,ETH,MSSE,
2024-08-01,ETH,ETHE,-78.0
2024-08-01,ETH,ETH,0.0
2024-08-01,ETH,Total,26.7
2024-08-02,ETH,ETHA,0.0
2024-08-02,ETH,ETHB,
2024-08-02,ETH,FETH,6.0
2024-08-02,ETH,ETHW,0.0
2024-08-02,ETH,TETH,0.0
2024-08-02,ETH,ETHV,0.0
2024-08-02,ETH,QETH,0.0
2024-08-02,ETH,EZET,1.1
2024-08-02,ETH,MSSE,
2024-08-02,ETH,ETHE,-61.4
2024-08-02,ETH,ETH,0.0
2024-08-02,ETH,Total,-54.3
2024-08-05,ETH,ETHA,47.1
2024-08-05,ETH,ETHB,
2024-08-05,ETH,FETH,16.2
2024-08-05,ETH,ETHW,7.2
2024-08-05,ETH,TETH,0.0
2024-08-05,ETH,ETHV,16.6
2024-08-05,ETH,QETH,0.0
2024-08-05,ETH,EZET,0.9
2024-08-05,ETH,MSSE,
2024-08-05,ETH,ETHE,-46.8
2024-08-05,ETH,ETH,7.6
2024-08-05,ETH,Total,48.8
2024-08-06,ETH,ETHA,109.9
2024-08-06,ETH,ETHB,
2024-08-06,ETH,FETH,22.5
2024-08-06,ETH,ETHW,0.0
2024-08-06,ETH,TETH,0.0
2024-08-06,ETH,ETHV,0.0
2024-08-06,ETH,QETH,0.0
2024-08-06,ETH,EZET,1.0
2024-08-06,ETH,MSSE,
2024-08-06,ETH,ETHE,-39.7
2024-08-06,ETH,ETH,4.7
2024-08-06,ETH,Total,98.4
2024-08-07,ETH,ETHA,0.0
2024-08-07,ETH,ETHB,
2024-08-07,ETH,FETH,4.7
2024-08-07,ETH,ETHW,1.7
2024-08-07,ETH,TETH,0.0
2024-08-07,ETH,ETHV,0.0
2024-08-07,ETH,QETH,0.0
2024-08-07,ETH,EZET,1.8
2024-08-07,ETH,MSSE,
2024-08-07,ETH,ETHE,-31.9
2024-08-07,ETH,ETH,0.0
2024-08-07,ETH,Total,-23.7
2024-08-08,ETH,ETHA,11.7
2024-08-08,ETH,ETHB,
2024-08-08,ETH,FETH,-2.6
2024-08-08,ETH,ETHW,2.8
2024-08-08,ETH,TETH,0.0
2024-08-08,ETH,ETHV,0.0
2024-08-08,ETH,QETH,0.0
2024-08-08,ETH,EZET,0.0
2024-08-08,ETH,MSSE,
2024-08-08,ETH,ETHE,-19.8
2024-08-08,ETH,ETH,5.0
2024-08-08,ETH,Total,-2.9
2024-08-09,ETH,ETHA,19.6
2024-08-09,ETH,ETHB,
2024-08-09,ETH,FETH,3.9
2024-08-09,ETH,ETHW,0.0
2024-08-09,ETH,TETH,0.0
2024-08-09,ETH,ETHV,0.0
2024-08-09,ETH,QETH,0.0
2024-08-09,ETH,EZET,0.0
2024-08-09,ETH,MSSE,
2024-08-09,ETH,ETHE,-41.7
2024-08-09,ETH,ETH,2.4
2024-08-09,ETH,Total,-15.8
2024-08-12,ETH,ETHA,0.0
2024-08-12,ETH,ETHB,
2024-08-12,ETH,FETH,4.0
2024-08-12,ETH,ETHW,2.9
2024-08-12,ETH,TETH,0.0
2024-08-12,ETH,ETHV,-2.9
2024-08-12,ETH,QETH,0.0
2024-08-12,ETH,EZET,1.0
2024-08-12,ETH,MSSE,
2024-08-12,ETH,ETHE,0.0
2024-08-12,ETH,ETH,0.0
2024-08-12,ETH,Total,5.0
2024-08-13,ETH,ETHA,49.1
2024-08-13,ETH,ETHB,
2024-08-13,ETH,FETH,5.4
2024-08-13,ETH,ETHW,0.0
2024-08-13,ETH,TETH,0.0
2024-08-13,ETH,ETHV,0.0
2024-08-13,ETH,QETH,0.8
2024-08-13,ETH,EZET,0.0
2024-08-13,ETH,MSSE,
2024-08-13,ETH,ETHE,-31.0
2024-08-13,ETH,ETH,0.0
2024-08-13,ETH,Total,24.3
2024-08-14,ETH,ETHA,16.1
2024-08-14,ETH,ETHB,
2024-08-14,ETH,FETH,6.6
2024-08-14,ETH,ETHW,2.7
2024-08-14,ETH,TETH,0.0
2024-08-14,ETH,ETHV,0.0
2024-08-14,ETH,QETH,0.0
2024-08-14,ETH,EZET,0.0
2024-08-14,ETH,MSSE,
2024-08-14,ETH,ETHE,-16.9
2024-08-14,ETH,ETH,2.3
2024-08-14,ETH,Total,10.8
2024-08-15,ETH,ETHA,0.8
2024-08-15,ETH,ETHB,
2024-08-15,ETH,FETH,2.5
2024-08-15,ETH,ETHW,0.0
2024-08-15,ETH,TETH,0.0
2024-08-15,ETH,ETHV,0.0
2024-08-15,ETH,QETH,0.0
2024-08-15,ETH,EZET,0.0
2024-08-15,ETH,MSSE,
2024-08-15,ETH,ETHE,-42.5
2024-08-15,ETH,ETH,0.0
2024-08-15,ETH,Total,-39.2
2024-08-16,ETH,ETHA,10.3
2024-08-16,ETH,ETHB,
2024-08-16,ETH,FETH,7.2
2024-08-16,ETH,ETHW,0.0
2024-08-16,ETH,TETH,0.0
2024-08-16,ETH,ETHV,-4.8
2024-08-16,ETH,QETH,0.0
2024-08-16,ETH,EZET,0.0
2024-08-16,ETH,MSSE,
2024-08-16,ETH,ETHE,-27.7
2024-08-16,ETH,ETH,0.0
2024-08-16,ETH,Total,-15.0
2024-08-19,ETH,ETHA,0.0
2024-08-19,ETH,ETHB,
2024-08-19,ETH,FETH,0.0
2024-08-19,ETH,ETHW,1.9
2024-08-19,ETH,TETH,0.0
2024-08-19,ETH,ETHV,0.0
2024-08-19,ETH,QETH,0.0
2024-08-19,ETH,EZET,0.0
2024-08-19,ETH,MSSE,
2024-08-19,ETH,ETHE,-20.3
2024-08-19,ETH,ETH,4.9
2024-08-19,ETH,Total,-13.5
2024-08-20,ETH,ETHA,26.8
2024-08-20,ETH,ETHB,
2024-08-20,ETH,FETH,0.0
2024-08-20,ETH,ETHW,3.7
2024-08-20,ETH,TETH,0.0
2024-08-20,ETH,ETHV,0.0
2024-08-20,ETH,QETH,0.0
2024-08-20,ETH,EZET,0.0
2024-08-20,ETH,MSSE,
2024-08-20,ETH,ETHE,-37.0
2024-08-20,ETH,ETH,0.0
2024-08-20,ETH,Total,-6.5
2024-08-21,ETH,ETHA,0.0
2024-08-21,ETH,ETHB,
2024-08-21,ETH,FETH,7.9
2024-08-21,ETH,ETHW,0.0
2024-08-21,ETH,TETH,0.0
2024-08-21,ETH,ETHV,0.0
2024-08-21,ETH,QETH,0.0
2024-08-21,ETH,EZET,1.0
2024-08-21,ETH,MSSE,
2024-08-21,ETH,ETHE,-31.1
2024-08-21,ETH,ETH,4.2
2024-08-21,ETH,Total,-18.0
2024-08-22,ETH,ETHA,0.0
2024-08-22,ETH,ETHB,
2024-08-22,ETH,FETH,14.3
2024-08-22,ETH,ETHW,0.0
2024-08-22,ETH,TETH,0.0
2024-08-22,ETH,ETHV,1.0
2024-08-22,ETH,QETH,0.0
2024-08-22,ETH,EZET,0.0
2024-08-22,ETH,MSSE,
2024-08-22,ETH,ETHE,-19.8
2024-08-22,ETH,ETH,3.7
2024-08-22,ETH,Total,-0.8
2024-08-23,ETH,ETHA,0.0
2024-08-23,ETH,ETHB,
2024-08-23,ETH,FETH,0.7
2024-08-23,ETH,ETHW,1.4
2024-08-23,ETH,TETH,0.0
2024-08-23,ETH,ETHV,2.0
2024-08-23,ETH,QETH,0.0
2024-08-23,ETH,EZET,0.0
2024-08-23,ETH,MSSE,
2024-08-23,ETH,ETHE,-9.8
2024-08-23,ETH,ETH,0.0
2024-08-23,ETH,Total,-5.7
2024-08-26,ETH,ETHA,0.0
2024-08-26,ETH,ETHB,
2024-08-26,ETH,FETH,-2.7
2024-08-26,ETH,ETHW,0.0
2024-08-26,ETH,TETH,0.0
2024-08-26,ETH,ETHV,0.0
2024-08-26,ETH,QETH,0.0
2024-08-26,ETH,EZET,-1.0
2024-08-26,ETH,MSSE,
2024-08-26,ETH,ETHE,-9.5
2024-08-26,ETH,ETH,0.0
2024-08-26,ETH,Total,-13.2
2024-08-27,ETH,ETHA,0.0
2024-08-27,ETH,ETHB,
2024-08-27,ETH,FETH,3.9
2024-08-27,ETH,ETHW,1.9
2024-08-27,ETH,TETH,0.0
2024-08-27,ETH,ETHV,0.0
2024-08-27,ETH,QETH,0.0
2024-08-27,ETH,EZET,0.0
2024-08-27,ETH,MSSE,
2024-08-27,ETH,ETHE,-9.2
2024-08-27,ETH,ETH,0.0
2024-08-27,ETH,Total,-3.4
2024-08-28,ETH,ETHA,8.4
2024-08-28,ETH,ETHB,
2024-08-28,ETH,FETH,1.3
2024-08-28,ETH,ETHW,0.0
2024-08-28,ETH,TETH,0.0
2024-08-28,ETH,ETHV,0.0
2024-08-28,ETH,QETH,0.0
2024-08-28,ETH,EZET,0.0
2024-08-28,ETH,MSSE,
2024-08-28,ETH,ETHE,-3.8
2024-08-28,ETH,ETH,0.0
2024-08-28,ETH,Total,5.9
2024-08-29,ETH,ETHA,0.0
2024-08-29,ETH,ETHB,
2024-08-29,ETH,FETH,0.0
2024-08-29,ETH,ETHW,0.0
2024-08-29,ETH,TETH,0.0
2024-08-29,ETH,ETHV,0.0
2024-08-29,ETH,QETH,0.0
2024-08-29,ETH,EZET,0.0
2024-08-29,ETH,MSSE,
2024-08-29,ETH,ETHE,-5.3
2024-08-29,ETH,ETH,3.6
2024-08-29,ETH,Total,-1.7
2024-08-30,ETH,ETHA,0.0
2024-08-30,ETH,ETHB,
2024-08-30,ETH,FETH,0.0
2024-08-30,ETH,ETHW,0.0
2024-08-30,ETH,TETH,0.0
2024-08-30,ETH,ETHV,0.0
2024-08-30,ETH,QETH,0.0
2024-08-30,ETH,EZET,0.0
2024-08-30,ETH,MSSE,
2024-08-30,ETH,ETHE,0.0
2024-08-30,ETH,ETH,0.0
2024-08-30,ETH,Total,0.0
2024-09-02,ETH,ETHA,
2024-09-02,ETH,ETHB,
2024-09-02,ETH,FETH,
2024-09-02,ETH,ETHW,
2024-09-02,ETH,TETH,
2024-09-02,ETH,ETHV,
2024-09-02,ETH,QETH,
2024-09-02,ETH,EZET,
2024-09-02,ETH,MSSE,
2024-09-02,ETH,ETHE,
2024-09-02,ETH,ETH,
2024-09-02,ETH,Total,0.0
2024-09-03,ETH,ETHA,0.0
2024-09-03,ETH,ETHB,
2024-09-03,ETH,FETH,4.9
2024-09-03,ETH,ETHW,0.0
2024-09-03,ETH,TETH,0.0
2024-09-03,ETH,ETHV,0.0
2024-09-03,ETH,QETH,0.0
2024-09-03,ETH,EZET,0.0
2024-09-03,ETH,MSSE,
2024-09-03,ETH,ETHE,-52.3
2024-09-03,ETH,ETH,0.0
2024-09-03,ETH,Total,-47.4
2024-09-04,ETH,ETHA,0.0
2024-09-04,ETH,ETHB,
2024-09-04,ETH,FETH,0.0
2024-09-04,ETH,ETHW,0.0
2024-09-04,ETH,TETH,0.0
2024-09-04,ETH,ETHV,0.0
2024-09-04,ETH,QETH,0.0
2024-09-04,ETH,EZET,0.0
2024-09-04,ETH,MSSE,
2024-09-04,ETH,ETHE,-40.6
2024-09-04,ETH,ETH,3.1
2024-09-04,ETH,Total,-37.5
2024-09-05,ETH,ETHA,0.0
2024-09-05,ETH,ETHB,
2024-09-05,ETH,FETH,0.0
2024-09-05,ETH,ETHW,0.0
2024-09-05,ETH,TETH,0.0
2024-09-05,ETH,ETHV,0.0
2024-09-05,ETH,QETH,0.0
2024-09-05,ETH,EZET,0.0
2024-09-05,ETH,MSSE,
2024-09-05,ETH,ETHE,-7.4
2024-09-05,ETH,ETH,7.2
2024-09-05,ETH,Total,-0.2
2024-09-06,ETH,ETHA,4.7
2024-09-06,ETH,ETHB,
2024-09-06,ETH,FETH,0.0
2024-09-06,ETH,ETHW,0.0
2024-09-06,ETH,TETH,0.0
2024-09-06,ETH,ETHV,0.0
2024-09-06,ETH,QETH,0.0
2024-09-06,ETH,EZET,0.0
2024-09-06,ETH,MSSE,
2024-09-06,ETH,ETHE,-10.7
2024-09-06,ETH,ETH,0.0
2024-09-06,ETH,Total,-6.0
2024-09-09,ETH,ETHA,0.0
2024-09-09,ETH,ETHB,
2024-09-09,ETH,FETH,7.6
2024-09-09,ETH,ETHW,1.8
2024-09-09,ETH,TETH,0.0
2024-09-09,ETH,ETHV,0.0
2024-09-09,ETH,QETH,0.0
2024-09-09,ETH,EZET,0.0
2024-09-09,ETH,MSSE,
2024-09-09,ETH,ETHE,-22.6
2024-09-09,ETH,ETH,8.0
2024-09-09,ETH,Total,-5.2
2024-09-10,ETH,ETHA,4.3
2024-09-10,ETH,ETHB,
2024-09-10,ETH,FETH,7.1
2024-09-10,ETH,ETHW,0.0
2024-09-10,ETH,TETH,0.0
2024-09-10,ETH,ETHV,0.0
2024-09-10,ETH,QETH,0.0
2024-09-10,ETH,EZET,0.0
2024-09-10,ETH,MSSE,
2024-09-10,ETH,ETHE,0.0
2024-09-10,ETH,ETH,0.0
2024-09-10,ETH,Total,11.4
2024-09-11,ETH,ETHA,0.0
2024-09-11,ETH,ETHB,
2024-09-11,ETH,FETH,1.2
2024-09-11,ETH,ETHW,0.0
2024-09-11,ETH,TETH,0.0
2024-09-11,ETH,ETHV,-1.7
2024-09-11,ETH,QETH,0.0
2024-09-11,ETH,EZET,0.0
2024-09-11,ETH,MSSE,
2024-09-11,ETH,ETHE,0.0
2024-09-11,ETH,ETH,0.0
2024-09-11,ETH,Total,-0.5
2024-09-12,ETH,ETHA,0.0
2024-09-12,ETH,ETHB,
2024-09-12,ETH,FETH,0.0
2024-09-12,ETH,ETHW,0.0
2024-09-12,ETH,TETH,0.0
2024-09-12,ETH,ETHV,0.0
2024-09-12,ETH,QETH,0.0
2024-09-12,ETH,EZET,0.0
2024-09-12,ETH,MSSE,
2024-09-12,ETH,ETHE,-20.1
2024-09-12,ETH,ETH,0.0
2024-09-12,ETH,Total,-20.1
2024-09-13,ETH,ETHA,3.7
2024-09-13,ETH,ETHB,
2024-09-13,ETH,FETH,0.0
2024-09-13,ETH,ETHW,5.2
2024-09-13,ETH,TETH,0.0
2024-09-13,ETH,ETHV,0.0
2024-09-13,ETH,QETH,0.0
2024-09-13,ETH,EZET,0.0
2024-09-13,ETH,MSSE,
2024-09-13,ETH,ETHE,-7.4
2024-09-13,ETH,ETH,0.0
2024-09-13,ETH,Total,1.5
2024-09-16,ETH,ETHA,4.2
2024-09-16,ETH,ETHB,
2024-09-16,ETH,FETH,0.0
2024-09-16,ETH,ETHW,-2.1
2024-09-16,ETH,TETH,0.0
2024-09-16,ETH,ETHV,0.0
2024-09-16,ETH,QETH,0.0
2024-09-16,ETH,EZET,0.0
2024-09-16,ETH,MSSE,
2024-09-16,ETH,ETHE,-13.8
2024-09-16,ETH,ETH,2.3
2024-09-16,ETH,Total,-9.4
2024-09-17,ETH,ETHA,0.0
2024-09-17,ETH,ETHB,
2024-09-17,ETH,FETH,0.0
2024-09-17,ETH,ETHW,0.0
2024-09-17,ETH,TETH,0.0
2024-09-17,ETH,ETHV,0.0
2024-09-17,ETH,QETH,0.0
2024-09-17,ETH,EZET,0.0
2024-09-17,ETH,MSSE,
2024-09-17,ETH,ETHE,-17.9
2024-09-17,ETH,ETH,2.8
2024-09-17,ETH,Total,-15.1
2024-09-18,ETH,ETHA,4.9
2024-09-18,ETH,ETHB,
2024-09-18,ETH,FETH,0.0
2024-09-18,ETH,ETHW,0.0
2024-09-18,ETH,TETH,0.0
2024-09-18,ETH,ETHV,0.0
2024-09-18,ETH,QETH,0.0
2024-09-18,ETH,EZET,0.0
2024-09-18,ETH,MSSE,
2024-09-18,ETH,ETHE,-14.7
2024-09-18,ETH,ETH,0.0
2024-09-18,ETH,Total,-9.8
2024-09-19,ETH,ETHA,5.2
2024-09-19,ETH,ETHB,
2024-09-19,ETH,FETH,0.0
2024-09-19,ETH,ETHW,0.0
2024-09-19,ETH,TETH,0.0
2024-09-19,ETH,ETHV,0.0
2024-09-19,ETH,QETH,0.0
2024-09-19,ETH,EZET,0.0
2024-09-19,ETH,MSSE,
2024-09-19,ETH,ETHE,0.0
2024-09-19,ETH,ETH,0.0
2024-09-19,ETH,Total,5.2
2024-09-20,ETH,ETHA,0.0
2024-09-20,ETH,ETHB,
2024-09-20,ETH,FETH,0.0
2024-09-20,ETH,ETHW,0.0
2024-09-20,ETH,TETH,0.0
2024-09-20,ETH,ETHV,0.0
2024-09-20,ETH,QETH,0.0
2024-09-20,ETH,EZET,0.0
2024-09-20,ETH,MSSE,
2024-09-20,ETH,ETHE,0.0
2024-09-20,ETH,ETH,2.9
2024-09-20,ETH,Total,2.9
2024-09-23,ETH,ETHA,0.0
2024-09-23,ETH,ETHB,
2024-09-23,ETH,FETH,0.0
2024-09-23,ETH,ETHW,1.3
2024-09-23,ETH,TETH,0.0
2024-09-23,ETH,ETHV,0.0
2024-09-23,ETH,QETH,0.0
2024-09-23,ETH,EZET,0.0
2024-09-23,ETH,MSSE,
2024-09-23,ETH,ETHE,-80.6
2024-09-23,ETH,ETH,0.0
2024-09-23,ETH,Total,-79.3
2024-09-24,ETH,ETHA,59.3
2024-09-24,ETH,ETHB,
2024-09-24,ETH,FETH,0.0
2024-09-24,ETH,ETHW,0.0
2024-09-24,ETH,TETH,0.0
2024-09-24,ETH,ETHV,1.9
2024-09-24,ETH,QETH,1.3
2024-09-24,ETH,EZET,0.0
2024-09-24,ETH,MSSE,
2024-09-24,ETH,ETHE,0.0
2024-09-24,ETH,ETH,0.0
2024-09-24,ETH,Total,62.5
2024-09-25,ETH,ETHA,9.4
2024-09-25,ETH,ETHB,
2024-09-25,ETH,FETH,6.4
2024-09-25,ETH,ETHW,0.0
2024-09-25,ETH,TETH,0.8
2024-09-25,ETH,ETHV,0.0
2024-09-25,ETH,QETH,0.0
2024-09-25,ETH,EZET,0.0
2024-09-25,ETH,MSSE,
2024-09-25,ETH,ETHE,0.0
2024-09-25,ETH,ETH,26.6
2024-09-25,ETH,Total,43.2
2024-09-26,ETH,ETHA,15.3
2024-09-26,ETH,ETHB,
2024-09-26,ETH,FETH,15.9
2024-09-26,ETH,ETHW,1.0
2024-09-26,ETH,TETH,0.7
2024-09-26,ETH,ETHV,1.0
2024-09-26,ETH,QETH,2.0
2024-09-26,ETH,EZET,0.0
2024-09-26,ETH,MSSE,
2024-09-26,ETH,ETHE,-36.0
2024-09-26,ETH,ETH,0.0
2024-09-26,ETH,Total,-0.1
2024-09-27,ETH,ETHA,11.5
2024-09-27,ETH,ETHB,
2024-09-27,ETH,FETH,42.5
2024-09-27,ETH,ETHW,5.4
2024-09-27,ETH,TETH,1.4
2024-09-27,ETH,ETHV,2.0
2024-09-27,ETH,QETH,4.3
2024-09-27,ETH,EZET,0.0
2024-09-27,ETH,MSSE,
2024-09-27,ETH,ETHE,-10.7
2024-09-27,ETH,ETH,2.3
2024-09-27,ETH,Total,58.7
2024-09-30,ETH,ETHA,11.0
2024-09-30,ETH,ETHB,
2024-09-30,ETH,FETH,0.0
2024-09-30,ETH,ETHW,0.0
2024-09-30,ETH,TETH,0.0
2024-09-30,ETH,ETHV,0.0
2024-09-30,ETH,QETH,0.0
2024-09-30,ETH,EZET,0.0
2024-09-30,ETH,MSSE,
2024-09-30,ETH,ETHE,-11.8
2024-09-30,ETH,ETH,0.0
2024-09-30,ETH,Total,-0.8
2024-10-01,ETH,ETHA,0.0
2024-10-01,ETH,ETHB,
2024-10-01,ETH,FETH,-25.0
2024-10-01,ETH,ETHW,-0.9
2024-10-01,ETH,TETH,1.2
2024-10-01,ETH,ETHV,2.7
2024-10-01,ETH,QETH,0.0
2024-10-01,ETH,EZET,0.0
2024-10-01,ETH,MSSE,
2024-10-01,ETH,ETHE,-26.6
2024-10-01,ETH,ETH,0.0
2024-10-01,ETH,Total,-48.6
2024-10-02,ETH,ETHA,18.0
2024-10-02,ETH,ETHB,
2024-10-02,ETH,FETH,0.0
2024-10-02,ETH,ETHW,0.0
2024-10-02,ETH,TETH,0.0
2024-10-02,ETH,ETHV,0.0
2024-10-02,ETH,QETH,0.0
2024-10-02,ETH,EZET,1.8
2024-10-02,ETH,MSSE,
2024-10-02,ETH,ETHE,-5.4
2024-10-02,ETH,ETH,0.0
2024-10-02,ETH,Total,14.4
2024-10-03,ETH,ETHA,12.1
2024-10-03,ETH,ETHB,
2024-10-03,ETH,FETH,-0.6
2024-10-03,ETH,ETHW,0.0
2024-10-03,ETH,TETH,0.0
2024-10-03,ETH,ETHV,0.0
2024-10-03,ETH,QETH,0.0
2024-10-03,ETH,EZET,0.0
2024-10-03,ETH,MSSE,
2024-10-03,ETH,ETHE,-14.7
2024-10-03,ETH,ETH,0.0
2024-10-03,ETH,Total,-3.2
2024-10-04,ETH,ETHA,14.7
2024-10-04,ETH,ETHB,
2024-10-04,ETH,FETH,0.0
2024-10-04,ETH,ETHW,0.9
2024-10-04,ETH,TETH,0.0
2024-10-04,ETH,ETHV,0.0
2024-10-04,ETH,QETH,0.0
2024-10-04,ETH,EZET,0.0
2024-10-04,ETH,MSSE,
2024-10-04,ETH,ETHE,-8.2
2024-10-04,ETH,ETH,0.0
2024-10-04,ETH,Total,7.4
2024-10-07,ETH,ETHA,0.0
2024-10-07,ETH,ETHB,
2024-10-07,ETH,FETH,0.0
2024-10-07,ETH,ETHW,0.0
2024-10-07,ETH,TETH,0.0
2024-10-07,ETH,ETHV,0.0
2024-10-07,ETH,QETH,0.0
2024-10-07,ETH,EZET,0.0
2024-10-07,ETH,MSSE,
2024-10-07,ETH,ETHE,0.0
2024-10-07,ETH,ETH,0.0
2024-10-07,ETH,Total,0.0
2024-10-08,ETH,ETHA,0.0
2024-10-08,ETH,ETHB,
2024-10-08,ETH,FETH,-3.6
2024-10-08,ETH,ETHW,-4.5
2024-10-08,ETH,TETH,0.0
2024-10-08,ETH,ETHV,0.0
2024-10-08,ETH,QETH,0.0
2024-10-08,ETH,EZET,0.0
2024-10-08,ETH,MSSE,
2024-10-08,ETH,ETHE,0.0
2024-10-08,ETH,ETH,0.0
2024-10-08,ETH,Total,-8.1
2024-10-09,ETH,ETHA,0.0
2024-10-09,ETH,ETHB,
2024-10-09,ETH,FETH,0.0
2024-10-09,ETH,ETHW,0.0
2024-10-09,ETH,TETH,0.0
2024-10-09,ETH,ETHV,0.0
2024-10-09,ETH,QETH,0.0
2024-10-09,ETH,EZET,0.0
2024-10-09,ETH,MSSE,
2024-10-09,ETH,ETHE,0.0
2024-10-09,ETH,ETH,0.0
2024-10-09,ETH,Total,0.0
2024-10-10,ETH,ETHA,17.8
2024-10-10,ETH,ETHB,
2024-10-10,ETH,FETH,-3.5
2024-10-10,ETH,ETHW,-4.2
2024-10-10,ETH,TETH,0.0
2024-10-10,ETH,ETHV,0.0
2024-10-10,ETH,QETH,0.0
2024-10-10,ETH,EZET,0.0
2024-10-10,ETH,MSSE,
2024-10-10,ETH,ETHE,-10.3
2024-10-10,ETH,ETH,3.3
2024-10-10,ETH,Total,3.1
2024-10-11,ETH,ETHA,0.0
2024-10-11,ETH,ETHB,
2024-10-11,ETH,FETH,8.6
2024-10-11,ETH,ETHW,0.0
2024-10-11,ETH,TETH,0.0
2024-10-11,ETH,ETHV,0.0
2024-10-11,ETH,QETH,0.0
2024-10-11,ETH,EZET,0.0
2024-10-11,ETH,MSSE,
2024-10-11,ETH,ETHE,-8.7
2024-10-11,ETH,ETH,0.0
2024-10-11,ETH,Total,-0.1
2024-10-14,ETH,ETHA,14.3
2024-10-14,ETH,ETHB,
2024-10-14,ETH,FETH,1.3
2024-10-14,ETH,ETHW,0.0
2024-10-14,ETH,TETH,0.4
2024-10-14,ETH,ETHV,0.0
2024-10-14,ETH,QETH,1.0
2024-10-14,ETH,EZET,0.0
2024-10-14,ETH,MSSE,
2024-10-14,ETH,ETHE,0.0
2024-10-14,ETH,ETH,0.0
2024-10-14,ETH,Total,17.0
2024-10-15,ETH,ETHA,0.0
2024-10-15,ETH,ETHB,
2024-10-15,ETH,FETH,2.6
2024-10-15,ETH,ETHW,0.0
2024-10-15,ETH,TETH,0.0
2024-10-15,ETH,ETHV,0.0
2024-10-15,ETH,QETH,0.0
2024-10-15,ETH,EZET,0.0
2024-10-15,ETH,MSSE,
2024-10-15,ETH,ETHE,-15.3
2024-10-15,ETH,ETH,0.0
2024-10-15,ETH,Total,-12.7
2024-10-16,ETH,ETHA,11.9
2024-10-16,ETH,ETHB,
2024-10-16,ETH,FETH,8.5
2024-10-16,ETH,ETHW,0.0
2024-10-16,ETH,TETH,0.0
2024-10-16,ETH,ETHV,3.8
2024-10-16,ETH,QETH,0.0
2024-10-16,ETH,EZET,0.0
2024-10-16,ETH,MSSE,
2024-10-16,ETH,ETHE,0.0
2024-10-16,ETH,ETH,0.0
2024-10-16,ETH,Total,24.2
2024-10-17,ETH,ETHA,23.6
2024-10-17,ETH,ETHB,
2024-10-17,ETH,FETH,31.1
2024-10-17,ETH,ETHW,1.5
2024-10-17,ETH,TETH,2.3
2024-10-17,ETH,ETHV,0.0
2024-10-17,ETH,QETH,0.5
2024-10-17,ETH,EZET,0.0
2024-10-17,ETH,MSSE,
2024-10-17,ETH,ETHE,-15.7
2024-10-17,ETH,ETH,5.1
2024-10-17,ETH,Total,48.4
2024-10-18,ETH,ETHA,0.0
2024-10-18,ETH,ETHB,
2024-10-18,ETH,FETH,0.0
2024-10-18,ETH,ETHW,1.9
2024-10-18,ETH,TETH,0.0
2024-10-18,ETH,ETHV,0.0
2024-10-18,ETH,QETH,0.0
2024-10-18,ETH,EZET,0.0
2024-10-18,ETH,MSSE,
2024-10-18,ETH,ETHE,0.0
2024-10-18,ETH,ETH,0.0
2024-10-18,ETH,Total,1.9
2024-10-21,ETH,ETHA,4.9
2024-10-21,ETH,ETHB,
2024-10-21,ETH,FETH,0.0
2024-10-21,ETH,ETHW,0.0
2024-10-21,ETH,TETH,0.0
2024-10-21,ETH,ETHV,3.9
2024-10-21,ETH,QETH,0.0
2024-10-21,ETH,EZET,0.0
2024-10-21,ETH,MSSE,
2024-10-21,ETH,ETHE,-29.6
2024-10-21,ETH,ETH,0.0
2024-10-21,ETH,Total,-20.8
2024-10-22,ETH,ETHA,11.9
2024-10-22,ETH,ETHB,
2024-10-22,ETH,FETH,0.0
2024-10-22,ETH,ETHW,0.0
2024-10-22,ETH,TETH,0.0
2024-10-22,ETH,ETHV,0.0
2024-10-22,ETH,QETH,0.0
2024-10-22,ETH,EZET,0.0
2024-10-22,ETH,MSSE,
2024-10-22,ETH,ETHE,0.0
2024-10-22,ETH,ETH,0.0
2024-10-22,ETH,Total,11.9
2024-10-23,ETH,ETHA,0.0
2024-10-23,ETH,ETHB,
2024-10-23,ETH,FETH,6.2
2024-10-23,ETH,ETHW,0.0
2024-10-23,ETH,TETH,1.6
2024-10-23,ETH,ETHV,0.0
2024-10-23,ETH,QETH,1.0
2024-10-23,ETH,EZET,0.0
2024-10-23,ETH,MSSE,
2024-10-23,ETH,ETHE,-7.6
2024-10-23,ETH,ETH,0.0
2024-10-23,ETH,Total,1.2
2024-10-24,ETH,ETHA,2.3
2024-10-24,ETH,ETHB,
2024-10-24,ETH,FETH,0.0
2024-10-24,ETH,ETHW,0.0
2024-10-24,ETH,TETH,0.0
2024-10-24,ETH,ETHV,0.0
2024-10-24,ETH,QETH,0.0
2024-10-24,ETH,EZET,0.0
2024-10-24,ETH,MSSE,
2024-10-24,ETH,ETHE,0.0
2024-10-24,ETH,ETH,0.0
2024-10-24,ETH,Total,2.3
2024-10-25,ETH,ETHA,0.0
2024-10-25,ETH,ETHB,
2024-10-25,ETH,FETH,0.0
2024-10-25,ETH,ETHW,0.0
2024-10-25,ETH,TETH,0.0
2024-10-25,ETH,ETHV,0.0
2024-10-25,ETH,QETH,0.0
2024-10-25,ETH,EZET,0.0
2024-10-25,ETH,MSSE,
2024-10-25,ETH,ETHE,-19.2
2024-10-25,ETH,ETH,0.0
2024-10-25,ETH,Total,-19.2
2024-10-28,ETH,ETHA,2.3
2024-10-28,ETH,ETHB,
2024-10-28,ETH,FETH,5.0
2024-10-28,ETH,ETHW,0.0
2024-10-28,ETH,TETH,0.0
2024-10-28,ETH,ETHV,0.0
2024-10-28,ETH,QETH,0.0
2024-10-28,ETH,EZET,0.0
2024-10-28,ETH,MSSE,
2024-10-28,ETH,ETHE,-8.4
2024-10-28,ETH,ETH,0.0
2024-10-28,ETH,Total,-1.1
2024-10-29,ETH,ETHA,13.6
2024-10-29,ETH,ETHB,
2024-10-29,ETH,FETH,0.0
2024-10-29,ETH,ETHW,0.0
2024-10-29,ETH,TETH,0.0
2024-10-29,ETH,ETHV,0.0
2024-10-29,ETH,QETH,0.0
2024-10-29,ETH,EZET,0.0
2024-10-29,ETH,MSSE,
2024-10-29,ETH,ETHE,-6.0
2024-10-29,ETH,ETH,0.0
2024-10-29,ETH,Total,7.6
2024-10-30,ETH,ETHA,0.0
2024-10-30,ETH,ETHB,
2024-10-30,ETH,FETH,5.3
2024-10-30,ETH,ETHW,-3.6
2024-10-30,ETH,TETH,2.7
2024-10-30,ETH,ETHV,0.0
2024-10-30,ETH,QETH,0.0
2024-10-30,ETH,EZET,0.0
2024-10-30,ETH,MSSE,
2024-10-30,ETH,ETHE,0.0
2024-10-30,ETH,ETH,0.0
2024-10-30,ETH,Total,4.4
2024-10-31,ETH,ETHA,49.6
2024-10-31,ETH,ETHB,
2024-10-31,ETH,FETH,0.0
2024-10-31,ETH,ETHW,0.0
2024-10-31,ETH,TETH,0.0
2024-10-31,ETH,ETHV,0.0
2024-10-31,ETH,QETH,0.0
2024-10-31,ETH,EZET,0.0
2024-10-31,ETH,MSSE,
2024-10-31,ETH,ETHE,-36.6
2024-10-31,ETH,ETH,0.0
2024-10-31,ETH,Total,13.0
2024-11-01,ETH,ETHA,0.0
2024-11-01,ETH,ETHB,
2024-11-01,ETH,FETH,0.0
2024-11-01,ETH,ETHW,0.0
2024-11-01,ETH,TETH,0.0
2024-11-01,ETH,ETHV,0.0
2024-11-01,ETH,QETH,0.5
2024-11-01,ETH,EZET,0.0
2024-11-01,ETH,MSSE,
2024-11-01,ETH,ETHE,-11.4
2024-11-01,ETH,ETH,0.0
2024-11-01,ETH,Total,-10.9
2024-11-04,ETH,ETHA,11.0
2024-11-04,ETH,ETHB,
2024-11-04,ETH,FETH,-31.5
2024-11-04,ETH,ETHW,0.0
2024-11-04,ETH,TETH,0.0
2024-11-04,ETH,ETHV,0.0
2024-11-04,ETH,QETH,0.0
2024-11-04,ETH,EZET,0.0
2024-11-04,ETH,MSSE,
2024-11-04,ETH,ETHE,-10.8
2024-11-04,ETH,ETH,-31.9
2024-11-04,ETH,Total,-63.2
2024-11-05,ETH,ETHA,0.0
2024-11-05,ETH,ETHB,
2024-11-05,ETH,FETH,0.0
2024-11-05,ETH,ETHW,0.0
2024-11-05,ETH,TETH,0.0
2024-11-05,ETH,ETHV,0.0
2024-11-05,ETH,QETH,0.0
2024-11-05,ETH,EZET,0.0
2024-11-05,ETH,MSSE,
2024-11-05,ETH,ETHE,0.0
2024-11-05,ETH,ETH,0.0
2024-11-05,ETH,Total,0.0
2024-11-06,ETH,ETHA,0.0
2024-11-06,ETH,ETHB,
2024-11-06,ETH,FETH,26.9
2024-11-06,ETH,ETHW,0.0
2024-11-06,ETH,TETH,0.0
2024-11-06,ETH,ETHV,0.0
2024-11-06,ETH,QETH,0.0
2024-11-06,ETH,EZET,0.0
2024-11-06,ETH,MSSE,
2024-11-06,ETH,ETHE,0.0
2024-11-06,ETH,ETH,25.4
2024-11-06,ETH,Total,52.3
2024-11-07,ETH,ETHA,23.7
2024-11-07,ETH,ETHB,
2024-11-07,ETH,FETH,28.9
2024-11-07,ETH,ETHW,6.6
2024-11-07,ETH,TETH,0.0
2024-11-07,ETH,ETHV,12.7
2024-11-07,ETH,QETH,2.3
2024-11-07,ETH,EZET,0.0
2024-11-07,ETH,MSSE,
2024-11-07,ETH,ETHE,0.0
2024-11-07,ETH,ETH,5.5
2024-11-07,ETH,Total,79.7
2024-11-08,ETH,ETHA,59.8
2024-11-08,ETH,ETHB,
2024-11-08,ETH,FETH,18.4
2024-11-08,ETH,ETHW,3.4
2024-11-08,ETH,TETH,0.0
2024-11-08,ETH,ETHV,4.3
2024-11-08,ETH,QETH,0.0
2024-11-08,ETH,EZET,0.0
2024-11-08,ETH,MSSE,
2024-11-08,ETH,ETHE,0.0
2024-11-08,ETH,ETH,0.0
2024-11-08,ETH,Total,85.9
2024-11-11,ETH,ETHA,101.1
2024-11-11,ETH,ETHB,
2024-11-11,ETH,FETH,115.5
2024-11-11,ETH,ETHW,15.6
2024-11-11,ETH,TETH,0.0
2024-11-11,ETH,ETHV,0.0
2024-11-11,ETH,QETH,0.0
2024-11-11,ETH,EZET,0.0
2024-11-11,ETH,MSSE,
2024-11-11,ETH,ETHE,0.0
2024-11-11,ETH,ETH,63.3
2024-11-11,ETH,Total,295.5
2024-11-12,ETH,ETHA,131.4
2024-11-12,ETH,ETHB,
2024-11-12,ETH,FETH,0.0
2024-11-12,ETH,ETHW,17.0
2024-11-12,ETH,TETH,2.0
2024-11-12,ETH,ETHV,6.0
2024-11-12,ETH,QETH,0.0
2024-11-12,ETH,EZET,0.0
2024-11-12,ETH,MSSE,
2024-11-12,ETH,ETHE,-33.2
2024-11-12,ETH,ETH,12.7
2024-11-12,ETH,Total,135.9
2024-11-13,ETH,ETHA,35.6
2024-11-13,ETH,ETHB,
2024-11-13,ETH,FETH,101.7
2024-11-13,ETH,ETHW,13.0
2024-11-13,ETH,TETH,0.0
2024-11-13,ETH,ETHV,0.0
2024-11-13,ETH,QETH,0.0
2024-11-13,ETH,EZET,0.0
2024-11-13,ETH,MSSE,
2024-11-13,ETH,ETHE,-5.6
2024-11-13,ETH,ETH,2.2
2024-11-13,ETH,Total,146.9
2024-11-14,ETH,ETHA,18.9
2024-11-14,ETH,ETHB,
2024-11-14,ETH,FETH,0.0
2024-11-14,ETH,ETHW,0.0
2024-11-14,ETH,TETH,0.0
2024-11-14,ETH,ETHV,-1.1
2024-11-14,ETH,QETH,0.9
2024-11-14,ETH,EZET,0.0
2024-11-14,ETH,MSSE,
2024-11-14,ETH,ETHE,-21.9
2024-11-14,ETH,ETH,0.0
2024-11-14,ETH,Total,-3.2
2024-11-15,ETH,ETHA,0.0
2024-11-15,ETH,ETHB,
2024-11-15,ETH,FETH,-18.4
2024-11-15,ETH,ETHW,0.0
2024-11-15,ETH,TETH,0.0
2024-11-15,ETH,ETHV,-1.1
2024-11-15,ETH,QETH,0.0
2024-11-15,ETH,EZET,0.0
2024-11-15,ETH,MSSE,
2024-11-15,ETH,ETHE,-40.3
2024-11-15,ETH,ETH,0.0
2024-11-15,ETH,Total,-59.8
2024-11-18,ETH,ETHA,-23.9
2024-11-18,ETH,ETHB,
2024-11-18,ETH,FETH,3.2
2024-11-18,ETH,ETHW,0.0
2024-11-18,ETH,TETH,0.0
2024-11-18,ETH,ETHV,0.0
2024-11-18,ETH,QETH,0.0
2024-11-18,ETH,EZET,0.0
2024-11-18,ETH,MSSE,
2024-11-18,ETH,ETHE,-13.3
2024-11-18,ETH,ETH,-5.1
2024-11-18,ETH,Total,-39.1
2024-11-19,ETH,ETHA,-14.2
2024-11-19,ETH,ETHB,
2024-11-19,ETH,FETH,-46.7
2024-11-19,ETH,ETHW,0.0
2024-11-19,ETH,TETH,0.0
2024-11-19,ETH,ETHV,0.0
2024-11-19,ETH,QETH,0.0
2024-11-19,ETH,EZET,0.0
2024-11-19,ETH,MSSE,
2024-11-19,ETH,ETHE,-20.4
2024-11-19,ETH,ETH,0.0
2024-11-19,ETH,Total,-81.3
2024-11-20,ETH,ETHA,16.7
2024-11-20,ETH,ETHB,
2024-11-20,ETH,FETH,-30.7
2024-11-20,ETH,ETHW,0.0
2024-11-20,ETH,TETH,0.0
2024-11-20,ETH,ETHV,0.0
2024-11-20,ETH,QETH,0.0
2024-11-20,ETH,EZET,0.0
2024-11-20,ETH,MSSE,
2024-11-20,ETH,ETHE,-16.3
2024-11-20,ETH,ETH,
2024-11-20,ETH,Total,-30.3
2024-11-21,ETH,ETHA,0.0
2024-11-21,ETH,ETHB,
2024-11-21,ETH,FETH,16.8
2024-11-21,ETH,ETHW,2.9
2024-11-21,ETH,TETH,0.0
2024-11-21,ETH,ETHV,2.5
2024-11-21,ETH,QETH,0.0
2024-11-21,ETH,EZET,0.0
2024-11-21,ETH,MSSE,
2024-11-21,ETH,ETHE,-27.1
2024-11-21,ETH,ETH,-4.1
2024-11-21,ETH,Total,-9.0
2024-11-22,ETH,ETHA,99.7
2024-11-22,ETH,ETHB,
2024-11-22,ETH,FETH,5.8
2024-11-22,ETH,ETHW,5.0
2024-11-22,ETH,TETH,0.0
2024-11-22,ETH,ETHV,0.0
2024-11-22,ETH,QETH,0.0
2024-11-22,ETH,EZET,0.0
2024-11-22,ETH,MSSE,
2024-11-22,ETH,ETHE,-18.6
2024-11-22,ETH,ETH,-0.6
2024-11-22,ETH,Total,91.3
2024-11-25,ETH,ETHA,0.0
2024-11-25,ETH,ETHB,
2024-11-25,ETH,FETH,4.4
2024-11-25,ETH,ETHW,8.7
2024-11-25,ETH,TETH,-1.2
2024-11-25,ETH,ETHV,2.6
2024-11-25,ETH,QETH,0.0
2024-11-25,ETH,EZET,0.0
2024-11-25,ETH,MSSE,
2024-11-25,ETH,ETHE,-7.6
2024-11-25,ETH,ETH,-4.0
2024-11-25,ETH,Total,2.9
2024-11-26,ETH,ETHA,50.1
2024-11-26,ETH,ETHB,
2024-11-26,ETH,FETH,-1.7
2024-11-26,ETH,ETHW,0.0
2024-11-26,ETH,TETH,-2.8
2024-11-26,ETH,ETHV,0.0
2024-11-26,ETH,QETH,-1.2
2024-11-26,ETH,EZET,0.0
2024-11-26,ETH,MSSE,
2024-11-26,ETH,ETHE,-20.1
2024-11-26,ETH,ETH,16.3
2024-11-26,ETH,Total,40.6
2024-11-27,ETH,ETHA,0.0
2024-11-27,ETH,ETHB,
2024-11-27,ETH,FETH,38.0
2024-11-27,ETH,ETHW,1.6
2024-11-27,ETH,TETH,0.0
2024-11-27,ETH,ETHV,13.2
2024-11-27,ETH,QETH,0.0
2024-11-27,ETH,EZET,0.0
2024-11-27,ETH,MSSE,
2024-11-27,ETH,ETHE,0.0
2024-11-27,ETH,ETH,37.3
2024-11-27,ETH,Total,90.1
2024-11-28,ETH,ETHA,
2024-11-28,ETH,ETHB,
2024-11-28,ETH,FETH,
2024-11-28,ETH,ETHW,
2024-11-28,ETH,TETH,
2024-11-28,ETH,ETHV,
2024-11-28,ETH,QETH,
2024-11-28,ETH,EZET,
2024-11-28,ETH,MSSE,
2024-11-28,ETH,ETHE,
2024-11-28,ETH,ETH,
2024-11-28,ETH,Total,0.0
2024-11-29,ETH,ETHA,250.4
2024-11-29,ETH,ETHB,
2024-11-29,ETH,FETH,79.1
2024-11-29,ETH,ETHW,0.0
2024-11-29,ETH,TETH,0.0
2024-11-29,ETH,ETHV,0.0
2024-11-29,ETH,QETH,0.0
2024-11-29,ETH,EZET,0.0
2024-11-29,ETH,MSSE,
2024-11-29,ETH,ETHE,0.0
2024-11-29,ETH,ETH,3.4
2024-11-29,ETH,Total,332.9
2024-12-02,ETH,ETHA,55.9
2024-12-02,ETH,ETHB,
2024-12-02,ETH,FETH,19.9
2024-12-02,ETH,ETHW,0.0
2024-12-02,ETH,TETH,0.0
2024-12-02,ETH,ETHV,0.0
2024-12-02,ETH,QETH,-7.2
2024-12-02,ETH,EZET,0.0
2024-12-02,ETH,MSSE,
2024-12-02,ETH,ETHE,-44.4
2024-12-02,ETH,ETH,0.0
2024-12-02,ETH,Total,24.2
2024-12-03,ETH,ETHA,65.3
2024-12-03,ETH,ETHB,
2024-12-03,ETH,FETH,73.7
2024-12-03,ETH,ETHW,0.0
2024-12-03,ETH,TETH,0.0
2024-12-03,ETH,ETHV,0.0
2024-12-03,ETH,QETH,0.0
2024-12-03,ETH,EZET,0.0
2024-12-03,ETH,MSSE,
2024-12-03,ETH,ETHE,-6.4
2024-12-03,ETH,ETH,0.0
2024-12-03,ETH,Total,132.6
2024-12-04,ETH,ETHA,124.4
2024-12-04,ETH,ETHB,
2024-12-04,ETH,FETH,40.7
2024-12-04,ETH,ETHW,0.0
2024-12-04,ETH,TETH,0.0
2024-12-04,ETH,ETHV,0.0
2024-12-04,ETH,QETH,0.0
2024-12-04,ETH,EZET,0.0
2024-12-04,ETH,MSSE,
2024-12-04,ETH,ETHE,-6.2
2024-12-04,ETH,ETH,8.8
2024-12-04,ETH,Total,167.7
2024-12-05,ETH,ETHA,292.7
2024-12-05,ETH,ETHB,
2024-12-05,ETH,FETH,113.6
2024-12-05,ETH,ETHW,6.6
2024-12-05,ETH,TETH,0.0
2024-12-05,ETH,ETHV,0.0
2024-12-05,ETH,QETH,0.0
2024-12-05,ETH,EZET,0.0
2024-12-05,ETH,MSSE,
2024-12-05,ETH,ETHE,-15.1
2024-12-05,ETH,ETH,30.7
2024-12-05,ETH,Total,428.5
2024-12-06,ETH,ETHA,34.6
2024-12-06,ETH,ETHB,
2024-12-06,ETH,FETH,47.9
2024-12-06,ETH,ETHW,13.4
2024-12-06,ETH,TETH,-6.9
2024-12-06,ETH,ETHV,1.5
2024-12-06,ETH,QETH,0.0
2024-12-06,ETH,EZET,0.0
2024-12-06,ETH,MSSE,
2024-12-06,ETH,ETHE,-29.6
2024-12-06,ETH,ETH,22.9
2024-12-06,ETH,Total,83.8
2024-12-09,ETH,ETHA,155.4
2024-12-09,ETH,ETHB,
2024-12-09,ETH,FETH,30.1
2024-12-09,ETH,ETHW,-13.0
2024-12-09,ETH,TETH,-4.1
2024-12-09,ETH,ETHV,0.0
2024-12-09,ETH,QETH,0.0
2024-12-09,ETH,EZET,0.0
2024-12-09,ETH,MSSE,
2024-12-09,ETH,ETHE,-27.4
2024-12-09,ETH,ETH,8.8
2024-12-09,ETH,Total,149.8
2024-12-10,ETH,ETHA,81.7
2024-12-10,ETH,ETHB,
2024-12-10,ETH,FETH,202.2
2024-12-10,ETH,ETHW,0.0
2024-12-10,ETH,TETH,0.0
2024-12-10,ETH,ETHV,0.0
2024-12-10,ETH,QETH,0.0
2024-12-10,ETH,EZET,0.0
2024-12-10,ETH,MSSE,
2024-12-10,ETH,ETHE,-4.0
2024-12-10,ETH,ETH,25.8
2024-12-10,ETH,Total,305.7
2024-12-11,ETH,ETHA,74.2
2024-12-11,ETH,ETHB,
2024-12-11,ETH,FETH,0.0
2024-12-11,ETH,ETHW,8.2
2024-12-11,ETH,TETH,0.0
2024-12-11,ETH,ETHV,5.6
2024-12-11,ETH,QETH,0.0
2024-12-11,ETH,EZET,2.9
2024-12-11,ETH,MSSE,
2024-12-11,ETH,ETHE,-2.3
2024-12-11,ETH,ETH,13.4
2024-12-11,ETH,Total,102.0
2024-12-12,ETH,ETHA,202.3
2024-12-12,ETH,ETHB,
2024-12-12,ETH,FETH,19.4
2024-12-12,ETH,ETHW,0.0
2024-12-12,ETH,TETH,1.6
2024-12-12,ETH,ETHV,0.0
2024-12-12,ETH,QETH,0.0
2024-12-12,ETH,EZET,0.0
2024-12-12,ETH,MSSE,
2024-12-12,ETH,ETHE,-22.8
2024-12-12,ETH,ETH,73.2
2024-12-12,ETH,Total,273.7
2024-12-13,ETH,ETHA,9.5
2024-12-13,ETH,ETHB,
2024-12-13,ETH,FETH,6.9
2024-12-13,ETH,ETHW,0.0
2024-12-13,ETH,TETH,0.0
2024-12-13,ETH,ETHV,0.0
2024-12-13,ETH,QETH,0.0
2024-12-13,ETH,EZET,0.0
2024-12-13,ETH,MSSE,
2024-12-13,ETH,ETHE,7.2
2024-12-13,ETH,ETH,0.0
2024-12-13,ETH,Total,23.6
2024-12-16,ETH,ETHA,30.7
2024-12-16,ETH,ETHB,
2024-12-16,ETH,FETH,4.1
2024-12-16,ETH,ETHW,8.7
2024-12-16,ETH,TETH,0.0
2024-12-16,ETH,ETHV,0.0
2024-12-16,ETH,QETH,0.0
2024-12-16,ETH,EZET,0.0
2024-12-16,ETH,MSSE,
2024-12-16,ETH,ETHE,0.0
2024-12-16,ETH,ETH,7.6
2024-12-16,ETH,Total,51.1
2024-12-17,ETH,ETHA,134.8
2024-12-17,ETH,ETHB,
2024-12-17,ETH,FETH,3.9
2024-12-17,ETH,ETHW,0.0
2024-12-17,ETH,TETH,0.0
2024-12-17,ETH,ETHV,0.0
2024-12-17,ETH,QETH,0.0
2024-12-17,ETH,EZET,1.5
2024-12-17,ETH,MSSE,
2024-12-17,ETH,ETHE,0.0
2024-12-17,ETH,ETH,4.5
2024-12-17,ETH,Total,144.7
2024-12-18,ETH,ETHA,81.9
2024-12-18,ETH,ETHB,
2024-12-18,ETH,FETH,0.0
2024-12-18,ETH,ETHW,-14.6
2024-12-18,ETH,TETH,0.0
2024-12-18,ETH,ETHV,0.0
2024-12-18,ETH,QETH,0.0
2024-12-18,ETH,EZET,0.0
2024-12-18,ETH,MSSE,
2024-12-18,ETH,ETHE,-49.2
2024-12-18,ETH,ETH,-15.6
2024-12-18,ETH,Total,2.5
2024-12-19,ETH,ETHA,0.0
2024-12-19,ETH,ETHB,
2024-12-19,ETH,FETH,5.1
2024-12-19,ETH,ETHW,-6.8
2024-12-19,ETH,TETH,0.0
2024-12-19,ETH,ETHV,4.9
2024-12-19,ETH,QETH,-2.4
2024-12-19,ETH,EZET,0.0
2024-12-19,ETH,MSSE,
2024-12-19,ETH,ETHE,-58.1
2024-12-19,ETH,ETH,-3.2
2024-12-19,ETH,Total,-60.5
2024-12-20,ETH,ETHA,-103.7
2024-12-20,ETH,ETHB,
2024-12-20,ETH,FETH,13.0
2024-12-20,ETH,ETHW,0.0
2024-12-20,ETH,TETH,0.0
2024-12-20,ETH,ETHV,0.0
2024-12-20,ETH,QETH,0.0
2024-12-20,ETH,EZET,0.0
2024-12-20,ETH,MSSE,
2024-12-20,ETH,ETHE,7.5
2024-12-20,ETH,ETH,8.1
2024-12-20,ETH,Total,-75.1
2024-12-23,ETH,ETHA,89.5
2024-12-23,ETH,ETHB,
2024-12-23,ETH,FETH,46.4
2024-12-23,ETH,ETHW,1.0
2024-12-23,ETH,TETH,0.0
2024-12-23,ETH,ETHV,0.0
2024-12-23,ETH,QETH,0.0
2024-12-23,ETH,EZET,0.0
2024-12-23,ETH,MSSE,
2024-12-23,ETH,ETHE,0.0
2024-12-23,ETH,ETH,-6.1
2024-12-23,ETH,Total,130.8
2024-12-24,ETH,ETHA,43.9
2024-12-24,ETH,ETHB,
2024-12-24,ETH,FETH,3.5
2024-12-24,ETH,ETHW,6.2
2024-12-24,ETH,TETH,0.0
2024-12-24,ETH,ETHV,0.0
2024-12-24,ETH,QETH,0.0
2024-12-24,ETH,EZET,0.0
2024-12-24,ETH,MSSE,
2024-12-24,ETH,ETHE,0.0
2024-12-24,ETH,ETH,0.0
2024-12-24,ETH,Total,53.6
2024-12-25,ETH,ETHA,
2024-12-25,ETH,ETHB,
2024-12-25,ETH,FETH,
2024-12-25,ETH,ETHW,
2024-12-25,ETH,TETH,
2024-12-25,ETH,ETHV,
2024-12-25,ETH,QETH,
2024-12-25,ETH,EZET,
2024-12-25,ETH,MSSE,
2024-12-25,ETH,ETHE,
2024-12-25,ETH,ETH,
2024-12-25,ETH,Total,0.0
2024-12-26,ETH,ETHA,28.2
2024-12-26,ETH,ETHB,
2024-12-26,ETH,FETH,83.0
2024-12-26,ETH,ETHW,0.0
2024-12-26,ETH,TETH,0.0
2024-12-26,ETH,ETHV,0.0
2024-12-26,ETH,QETH,0.0
2024-12-26,ETH,EZET,0.0
2024-12-26,ETH,MSSE,
2024-12-26,ETH,ETHE,0.0
2024-12-26,ETH,ETH,6.0
2024-12-26,ETH,Total,117.2
2024-12-27,ETH,ETHA,20.2
2024-12-27,ETH,ETHB,
2024-12-27,ETH,FETH,27.5
2024-12-27,ETH,ETHW,0.0
2024-12-27,ETH,TETH,0.0
2024-12-27,ETH,ETHV,0.0
2024-12-27,ETH,QETH,0.0
2024-12-27,ETH,EZET,0.0
2024-12-27,ETH,MSSE,
2024-12-27,ETH,ETHE,0.0
2024-12-27,ETH,ETH,0.0
2024-12-27,ETH,Total,47.7
2024-12-30,ETH,ETHA,0.0
2024-12-30,ETH,ETHB,
2024-12-30,ETH,FETH,-20.4
2024-12-30,ETH,ETHW,0.0
2024-12-30,ETH,TETH,0.0
2024-12-30,ETH,ETHV,0.0
2024-12-30,ETH,QETH,0.0
2024-12-30,ETH,EZET,-3.9
2024-12-30,ETH,MSSE,
2024-12-30,ETH,ETHE,-17.4
2024-12-30,ETH,ETH,-13.8
2024-12-30,ETH,Total,-55.5
2024-12-31,ETH,ETHA,0.0
2024-12-31,ETH,ETHB,
2024-12-31,ETH,FETH,31.8
2024-12-31,ETH,ETHW,0.0
2024-12-31,ETH,TETH,0.0
2024-12-31,ETH,ETHV,0.0
2024-12-31,ETH,QETH,0.0
2024-12-31,ETH,EZET,0.0
2024-12-31,ETH,MSSE,
2024-12-31,ETH,ETHE,-5.6
2024-12-31,ETH,ETH,9.8
2024-12-31,ETH,Total,36.0
2025-01-01,ETH,ETHA,
2025-01-01,ETH,ETHB,
2025-01-01,ETH,FETH,
2025-01-01,ETH,ETHW,
2025-01-01,ETH,TETH,
2025-01-01,ETH,ETHV,
2025-01-01,ETH,QETH,
2025-01-01,ETH,EZET,
2025-01-01,ETH,MSSE,
2025-01-01,ETH,ETHE,
2025-01-01,ETH,ETH,
2025-01-01,ETH,Total,0.0
2025-01-02,ETH,ETHA,0.0
2025-01-02,ETH,ETHB,
2025-01-02,ETH,FETH,0.0
2025-01-02,ETH,ETHW,-56.1
2025-01-02,ETH,TETH,0.0
2025-01-02,ETH,ETHV,0.0
2025-01-02,ETH,QETH,0.0
2025-01-02,ETH,EZET,0.0
2025-01-02,ETH,MSSE,
2025-01-02,ETH,ETHE,-21.4
2025-01-02,ETH,ETH,0.0
2025-01-02,ETH,Total,-77.5
2025-01-03,ETH,ETHA,33.9
2025-01-03,ETH,ETHB,
2025-01-03,ETH,FETH,27.1
2025-01-03,ETH,ETHW,0.0
2025-01-03,ETH,TETH,0.0
2025-01-03,ETH,ETHV,0.0
2025-01-03,ETH,QETH,0.0
2025-01-03,ETH,EZET,0.0
2025-01-03,ETH,MSSE,
2025-01-03,ETH,ETHE,-7.2
2025-01-03,ETH,ETH,5.1
2025-01-03,ETH,Total,58.9
2025-01-06,ETH,ETHA,124.1
2025-01-06,ETH,ETHB,
2025-01-06,ETH,FETH,4.6
2025-01-06,ETH,ETHW,0.0
2025-01-06,ETH,TETH,0.0
2025-01-06,ETH,ETHV,0.0
2025-01-06,ETH,QETH,0.0
2025-01-06,ETH,EZET,0.0
2025-01-06,ETH,MSSE,
2025-01-06,ETH,ETHE,0.0
2025-01-06,ETH,ETH,0.0
2025-01-06,ETH,Total,128.7
2025-01-07,ETH,ETHA,0.0
2025-01-07,ETH,ETHB,
2025-01-07,ETH,FETH,-67.6
2025-01-07,ETH,ETHW,0.0
2025-01-07,ETH,TETH,0.0
2025-01-07,ETH,ETHV,0.0
2025-01-07,ETH,QETH,0.0
2025-01-07,ETH,EZET,0.0
2025-01-07,ETH,MSSE,
2025-01-07,ETH,ETHE,-8.0
2025-01-07,ETH,ETH,-11.2
2025-01-07,ETH,Total,-86.8
2025-01-08,ETH,ETHA,0.0
2025-01-08,ETH,ETHB,
2025-01-08,ETH,FETH,-147.7
2025-01-08,ETH,ETHW,0.0
2025-01-08,ETH,TETH,0.0
2025-01-08,ETH,ETHV,0.0
2025-01-08,ETH,QETH,0.0
2025-01-08,ETH,EZET,0.0
2025-01-08,ETH,MSSE,
2025-01-08,ETH,ETHE,-8.3
2025-01-08,ETH,ETH,-3.4
2025-01-08,ETH,Total,-159.4
2025-01-09,ETH,ETHA,
2025-01-09,ETH,ETHB,
2025-01-09,ETH,FETH,
2025-01-09,ETH,ETHW,
2025-01-09,ETH,TETH,
2025-01-09,ETH,ETHV,
2025-01-09,ETH,QETH,
2025-01-09,ETH,EZET,
2025-01-09,ETH,MSSE,
2025-01-09,ETH,ETHE,
2025-01-09,ETH,ETH,
2025-01-09,ETH,Total,0.0
2025-01-10,ETH,ETHA,0.0
2025-01-10,ETH,ETHB,
2025-01-10,ETH,FETH,-65.4
2025-01-10,ETH,ETHW,-3.1
2025-01-10,ETH,TETH,0.0
2025-01-10,ETH,ETHV,0.0
2025-01-10,ETH,QETH,0.0
2025-01-10,ETH,EZET,0.0
2025-01-10,ETH,MSSE,
2025-01-10,ETH,ETHE,0.0
2025-01-10,ETH,ETH,0.0
2025-01-10,ETH,Total,-68.5
2025-01-13,ETH,ETHA,12.9
2025-01-13,ETH,ETHB,
2025-01-13,ETH,FETH,0.0
2025-01-13,ETH,ETHW,0.0
2025-01-13,ETH,TETH,0.0
2025-01-13,ETH,ETHV,0.0
2025-01-13,ETH,QETH,0.0
2025-01-13,ETH,EZET,0.0
2025-01-13,ETH,MSSE,
2025-01-13,ETH,ETHE,-14.5
2025-01-13,ETH,ETH,-37.8
2025-01-13,ETH,Total,-39.4
2025-01-14,ETH,ETHA,0.0
2025-01-14,ETH,ETHB,
2025-01-14,ETH,FETH,0.0
2025-01-14,ETH,ETHW,1.2
2025-01-14,ETH,TETH,0.0
2025-01-14,ETH,ETHV,0.0
2025-01-14,ETH,QETH,0.0
2025-01-14,ETH,EZET,0.0
2025-01-14,ETH,MSSE,
2025-01-14,ETH,ETHE,0.0
2025-01-14,ETH,ETH,0.0
2025-01-14,ETH,Total,1.2
2025-01-15,ETH,ETHA,19.8
2025-01-15,ETH,ETHB,
2025-01-15,ETH,FETH,29.3
2025-01-15,ETH,ETHW,0.0
2025-01-15,ETH,TETH,0.0
2025-01-15,ETH,ETHV,2.5
2025-01-15,ETH,QETH,0.0
2025-01-15,ETH,EZET,0.0
2025-01-15,ETH,MSSE,
2025-01-15,ETH,ETHE,0.0
2025-01-15,ETH,ETH,8.1
2025-01-15,ETH,Total,59.7
2025-01-16,ETH,ETHA,111.2
2025-01-16,ETH,ETHB,
2025-01-16,ETH,FETH,70.0
2025-01-16,ETH,ETHW,0.0
2025-01-16,ETH,TETH,0.0
2025-01-16,ETH,ETHV,0.0
2025-01-16,ETH,QETH,0.0
2025-01-16,ETH,EZET,0.0
2025-01-16,ETH,MSSE,
2025-01-16,ETH,ETHE,-18.7
2025-01-16,ETH,ETH,4.1
2025-01-16,ETH,Total,166.6
2025-01-17,ETH,ETHA,7.4
2025-01-17,ETH,ETHB,
2025-01-17,ETH,FETH,14.0
2025-01-17,ETH,ETHW,2.5
2025-01-17,ETH,TETH,0.0
2025-01-17,ETH,ETHV,0.0
2025-01-17,ETH,QETH,0.0
2025-01-17,ETH,EZET,0.0
2025-01-17,ETH,MSSE,
2025-01-17,ETH,ETHE,0.0
2025-01-17,ETH,ETH,0.0
2025-01-17,ETH,Total,23.9
2025-01-20,ETH,ETHA,
2025-01-20,ETH,ETHB,
2025-01-20,ETH,FETH,
2025-01-20,ETH,ETHW,
2025-01-20,ETH,TETH,
2025-01-20,ETH,ETHV,
2025-01-20,ETH,QETH,
2025-01-20,ETH,EZET,
2025-01-20,ETH,MSSE,
2025-01-20,ETH,ETHE,
2025-01-20,ETH,ETH,
2025-01-20,ETH,Total,0.0
2025-01-21,ETH,ETHA,56.3
2025-01-21,ETH,ETHB,
2025-01-21,ETH,FETH,3.3
2025-01-21,ETH,ETHW,3.1
2025-01-21,ETH,TETH,0.0
2025-01-21,ETH,ETHV,3.6
2025-01-21,ETH,QETH,0.0
2025-01-21,ETH,EZET,0.0
2025-01-21,ETH,MSSE,
2025-01-21,ETH,ETHE,-4.4
2025-01-21,ETH,ETH,12.5
2025-01-21,ETH,Total,74.4
2025-01-22,ETH,ETHA,79.1
2025-01-22,ETH,ETHB,
2025-01-22,ETH,FETH,9.0
2025-01-22,ETH,ETHW,0.0
2025-01-22,ETH,TETH,0.0
2025-01-22,ETH,ETHV,0.0
2025-01-22,ETH,QETH,0.0
2025-01-22,ETH,EZET,0.0
2025-01-22,ETH,MSSE,
2025-01-22,ETH,ETHE,-17.4
2025-01-22,ETH,ETH,0.0
2025-01-22,ETH,Total,70.7
2025-01-23,ETH,ETHA,0.0
2025-01-23,ETH,ETHB,
2025-01-23,ETH,FETH,7.3
2025-01-23,ETH,ETHW,-3.0
2025-01-23,ETH,TETH,0.0
2025-01-23,ETH,ETHV,0.0
2025-01-23,ETH,QETH,0.0
2025-01-23,ETH,EZET,0.0
2025-01-23,ETH,MSSE,
2025-01-23,ETH,ETHE,-22.3
2025-01-23,ETH,ETH,3.1
2025-01-23,ETH,Total,-14.9
2025-01-24,ETH,ETHA,0.0
2025-01-24,ETH,ETHB,
2025-01-24,ETH,FETH,0.0
2025-01-24,ETH,ETHW,6.0
2025-01-24,ETH,TETH,1.2
2025-01-24,ETH,ETHV,0.0
2025-01-24,ETH,QETH,2.0
2025-01-24,ETH,EZET,0.0
2025-01-24,ETH,MSSE,
2025-01-24,ETH,ETHE,0.0
2025-01-24,ETH,ETH,0.0
2025-01-24,ETH,Total,9.2
2025-01-27,ETH,ETHA,20.7
2025-01-27,ETH,ETHB,
2025-01-27,ETH,FETH,-68.5
2025-01-27,ETH,ETHW,-4.2
2025-01-27,ETH,TETH,0.0
2025-01-27,ETH,ETHV,0.0
2025-01-27,ETH,QETH,0.0
2025-01-27,ETH,EZET,0.0
2025-01-27,ETH,MSSE,
2025-01-27,ETH,ETHE,-84.2
2025-01-27,ETH,ETH,0.0
2025-01-27,ETH,Total,-136.2
2025-01-28,ETH,ETHA,0.0
2025-01-28,ETH,ETHB,
2025-01-28,ETH,FETH,0.0
2025-01-28,ETH,ETHW,0.0
2025-01-28,ETH,TETH,0.0
2025-01-28,ETH,ETHV,0.0
2025-01-28,ETH,QETH,0.0
2025-01-28,ETH,EZET,0.0
2025-01-28,ETH,MSSE,
2025-01-28,ETH,ETHE,0.0
2025-01-28,ETH,ETH,0.0
2025-01-28,ETH,Total,0.0
2025-01-29,ETH,ETHA,9.5
2025-01-29,ETH,ETHB,
2025-01-29,ETH,FETH,5.5
2025-01-29,ETH,ETHW,-4.0
2025-01-29,ETH,TETH,0.0
2025-01-29,ETH,ETHV,0.0
2025-01-29,ETH,QETH,0.0
2025-01-29,ETH,EZET,0.0
2025-01-29,ETH,MSSE,
2025-01-29,ETH,ETHE,-15.7
2025-01-29,ETH,ETH,0.0
2025-01-29,ETH,Total,-4.7
2025-01-30,ETH,ETHA,79.9
2025-01-30,ETH,ETHB,
2025-01-30,ETH,FETH,15.4
2025-01-30,ETH,ETHW,0.0
2025-01-30,ETH,TETH,0.0
2025-01-30,ETH,ETHV,0.0
2025-01-30,ETH,QETH,0.0
2025-01-30,ETH,EZET,0.0
2025-01-30,ETH,MSSE,
2025-01-30,ETH,ETHE,-40.3
2025-01-30,ETH,ETH,12.8
2025-01-30,ETH,Total,67.8
2025-01-31,ETH,ETHA,57.3
2025-01-31,ETH,ETHB,
2025-01-31,ETH,FETH,0.0
2025-01-31,ETH,ETHW,0.0
2025-01-31,ETH,TETH,0.0
2025-01-31,ETH,ETHV,2.4
2025-01-31,ETH,QETH,0.0
2025-01-31,ETH,EZET,0.0
2025-01-31,ETH,MSSE,
2025-01-31,ETH,ETHE,-31.9
2025-01-31,ETH,ETH,0.0
2025-01-31,ETH,Total,27.8
2025-02-03,ETH,ETHA,0.0
2025-02-03,ETH,ETHB,
2025-02-03,ETH,FETH,49.7
2025-02-03,ETH,ETHW,0.0
2025-02-03,ETH,TETH,5.2
2025-02-03,ETH,ETHV,0.0
2025-02-03,ETH,QETH,0.0
2025-02-03,ETH,EZET,0.0
2025-02-03,ETH,MSSE,
2025-02-03,ETH,ETHE,15.9
2025-02-03,ETH,ETH,12.8
2025-02-03,ETH,Total,83.6
2025-02-04,ETH,ETHA,276.2
2025-02-04,ETH,ETHB,
2025-02-04,ETH,FETH,27.5
2025-02-04,ETH,ETHW,4.1
2025-02-04,ETH,TETH,0.0
2025-02-04,ETH,ETHV,0.0
2025-02-04,ETH,QETH,0.0
2025-02-04,ETH,EZET,0.0
2025-02-04,ETH,MSSE,
2025-02-04,ETH,ETHE,0.0
2025-02-04,ETH,ETH,0.0
2025-02-04,ETH,Total,307.8
2025-02-05,ETH,ETHA,0.0
2025-02-05,ETH,ETHB,
2025-02-05,ETH,FETH,20.1
2025-02-05,ETH,ETHW,0.0
2025-02-05,ETH,TETH,0.0
2025-02-05,ETH,ETHV,0.0
2025-02-05,ETH,QETH,0.0
2025-02-05,ETH,EZET,0.0
2025-02-05,ETH,MSSE,
2025-02-05,ETH,ETHE,-7.2
2025-02-05,ETH,ETH,5.2
2025-02-05,ETH,Total,18.1
2025-02-06,ETH,ETHA,10.7
2025-02-06,ETH,ETHB,
2025-02-06,ETH,FETH,0.0
2025-02-06,ETH,ETHW,0.0
2025-02-06,ETH,TETH,0.0
2025-02-06,ETH,ETHV,0.0
2025-02-06,ETH,QETH,0.0
2025-02-06,ETH,EZET,0.0
2025-02-06,ETH,MSSE,
2025-02-06,ETH,ETHE,0.0
2025-02-06,ETH,ETH,0.0
2025-02-06,ETH,Total,10.7
2025-02-07,ETH,ETHA,0.0
2025-02-07,ETH,ETHB,
2025-02-07,ETH,FETH,0.0
2025-02-07,ETH,ETHW,0.0
2025-02-07,ETH,TETH,0.0
2025-02-07,ETH,ETHV,0.0
2025-02-07,ETH,QETH,0.0
2025-02-07,ETH,EZET,0.0
2025-02-07,ETH,MSSE,
2025-02-07,ETH,ETHE,0.0
2025-02-07,ETH,ETH,0.0
2025-02-07,ETH,Total,0.0
2025-02-10,ETH,ETHA,0.0
2025-02-10,ETH,ETHB,
2025-02-10,ETH,FETH,0.0
2025-02-10,ETH,ETHW,0.0
2025-02-10,ETH,TETH,0.0
2025-02-10,ETH,ETHV,0.0
2025-02-10,ETH,QETH,0.0
2025-02-10,ETH,EZET,0.0
2025-02-10,ETH,MSSE,
2025-02-10,ETH,ETHE,-22.5
2025-02-10,ETH,ETH,0.0
2025-02-10,ETH,Total,-22.5
2025-02-11,ETH,ETHA,12.6
2025-02-11,ETH,ETHB,
2025-02-11,ETH,FETH,0.0
2025-02-11,ETH,ETHW,0.0
2025-02-11,ETH,TETH,0.0
2025-02-11,ETH,ETHV,0.0
2025-02-11,ETH,QETH,0.0
2025-02-11,ETH,EZET,0.0
2025-02-11,ETH,MSSE,
2025-02-11,ETH,ETHE,0.0
2025-02-11,ETH,ETH,0.0
2025-02-11,ETH,Total,12.6
2025-02-12,ETH,ETHA,0.0
2025-02-12,ETH,ETHB,
2025-02-12,ETH,FETH,-10.7
2025-02-12,ETH,ETHW,0.0
2025-02-12,ETH,TETH,0.0
2025-02-12,ETH,ETHV,0.0
2025-02-12,ETH,QETH,0.0
2025-02-12,ETH,EZET,0.0
2025-02-12,ETH,MSSE,
2025-02-12,ETH,ETHE,-30.2
2025-02-12,ETH,ETH,0.0
2025-02-12,ETH,Total,-40.9
2025-02-13,ETH,ETHA,12.0
2025-02-13,ETH,ETHB,
2025-02-13,ETH,FETH,4.6
2025-02-13,ETH,ETHW,0.0
2025-02-13,ETH,TETH,0.0
2025-02-13,ETH,ETHV,0.0
2025-02-13,ETH,QETH,0.0
2025-02-13,ETH,EZET,0.0
2025-02-13,ETH,MSSE,
2025-02-13,ETH,ETHE,-3.8
2025-02-13,ETH,ETH,0.0
2025-02-13,ETH,Total,12.8
2025-02-14,ETH,ETHA,0.0
2025-02-14,ETH,ETHB,
2025-02-14,ETH,FETH,11.7
2025-02-14,ETH,ETHW,0.0
2025-02-14,ETH,TETH,0.0
2025-02-14,ETH,ETHV,0.0
2025-02-14,ETH,QETH,0.0
2025-02-14,ETH,EZET,0.0
2025-02-14,ETH,MSSE,
2025-02-14,ETH,ETHE,0.0
2025-02-14,ETH,ETH,0.0
2025-02-14,ETH,Total,11.7
2025-02-17,ETH,ETHA,
2025-02-17,ETH,ETHB,
2025-02-17,ETH,FETH,
2025-02-17,ETH,ETHW,
2025-02-17,ETH,TETH,
2025-02-17,ETH,ETHV,
2025-02-17,ETH,QETH,
2025-02-17,ETH,EZET,
2025-02-17,ETH,MSSE,
2025-02-17,ETH,ETHE,
2025-02-17,ETH,ETH,
2025-02-17,ETH,Total,0.0
2025-02-18,ETH,ETHA,0.0
2025-02-18,ETH,ETHB,
2025-02-18,ETH,FETH,4.6
2025-02-18,ETH,ETHW,0.0
2025-02-18,ETH,TETH,0.0
2025-02-18,ETH,ETHV,0.0
2025-02-18,ETH,QETH,0.0
2025-02-18,ETH,EZET,0.0
2025-02-18,ETH,MSSE,
2025-02-18,ETH,ETHE,0.0
2025-02-18,ETH,ETH,0.0
2025-02-18,ETH,Total,4.6
2025-02-19,ETH,ETHA,0.0
2025-02-19,ETH,ETHB,
2025-02-19,ETH,FETH,24.5
2025-02-19,ETH,ETHW,0.0
2025-02-19,ETH,TETH,0.0
2025-02-19,ETH,ETHV,0.0
2025-02-19,ETH,QETH,0.0
2025-02-19,ETH,EZET,0.0
2025-02-19,ETH,MSSE,
2025-02-19,ETH,ETHE,-5.5
2025-02-19,ETH,ETH,0.0
2025-02-19,ETH,Total,19.0
2025-02-20,ETH,ETHA,0.0
2025-02-20,ETH,ETHB,
2025-02-20,ETH,FETH,-2.8
2025-02-20,ETH,ETHW,0.0
2025-02-20,ETH,TETH,0.0
2025-02-20,ETH,ETHV,0.0
2025-02-20,ETH,QETH,0.0
2025-02-20,ETH,EZET,0.0
2025-02-20,ETH,MSSE,
2025-02-20,ETH,ETHE,-10.3
2025-02-20,ETH,ETH,0.0
2025-02-20,ETH,Total,-13.1
2025-02-21,ETH,ETHA,0.0
2025-02-21,ETH,ETHB,
2025-02-21,ETH,FETH,0.0
2025-02-21,ETH,ETHW,-8.9
2025-02-21,ETH,TETH,0.0
2025-02-21,ETH,ETHV,0.0
2025-02-21,ETH,QETH,0.0
2025-02-21,ETH,EZET,0.0
2025-02-21,ETH,MSSE,
2025-02-21,ETH,ETHE,0.0
2025-02-21,ETH,ETH,0.0
2025-02-21,ETH,Total,-8.9
2025-02-24,ETH,ETHA,-48.2
2025-02-24,ETH,ETHB,
2025-02-24,ETH,FETH,0.0
2025-02-24,ETH,ETHW,-9.7
2025-02-24,ETH,TETH,0.0
2025-02-24,ETH,ETHV,0.0
2025-02-24,ETH,QETH,0.0
2025-02-24,ETH,EZET,0.0
2025-02-24,ETH,MSSE,
2025-02-24,ETH,ETHE,-15.4
2025-02-24,ETH,ETH,-4.7
2025-02-24,ETH,Total,-78.0
2025-02-25,ETH,ETHA,0.0
2025-02-25,ETH,ETHB,
2025-02-25,ETH,FETH,-12.5
2025-02-25,ETH,ETHW,-8.2
2025-02-25,ETH,TETH,0.0
2025-02-25,ETH,ETHV,0.0
2025-02-25,ETH,QETH,0.0
2025-02-25,ETH,EZET,0.0
2025-02-25,ETH,MSSE,
2025-02-25,ETH,ETHE,-27.1
2025-02-25,ETH,ETH,-2.3
2025-02-25,ETH,Total,-50.1
2025-02-26,ETH,ETHA,-69.8
2025-02-26,ETH,ETHB,
2025-02-26,ETH,FETH,-18.4
2025-02-26,ETH,ETHW,-2.8
2025-02-26,ETH,TETH,0.0
2025-02-26,ETH,ETHV,0.0
2025-02-26,ETH,QETH,0.0
2025-02-26,ETH,EZET,0.0
2025-02-26,ETH,MSSE,
2025-02-26,ETH,ETHE,-3.3
2025-02-26,ETH,ETH,0.0
2025-02-26,ETH,Total,-94.3
2025-02-27,ETH,ETHA,-26.1
2025-02-27,ETH,ETHB,
2025-02-27,ETH,FETH,-25.5
2025-02-27,ETH,ETHW,0.0
2025-02-27,ETH,TETH,0.0
2025-02-27,ETH,ETHV,0.0
2025-02-27,ETH,QETH,0.0
2025-02-27,ETH,EZET,0.0
2025-02-27,ETH,MSSE,
2025-02-27,ETH,ETHE,-19.6
2025-02-27,ETH,ETH,0.0
2025-02-27,ETH,Total,-71.2
2025-02-28,ETH,ETHA,-30.2
2025-02-28,ETH,ETHB,
2025-02-28,ETH,FETH,0.0
2025-02-28,ETH,ETHW,0.0
2025-02-28,ETH,TETH,0.0
2025-02-28,ETH,ETHV,0.0
2025-02-28,ETH,QETH,0.0
2025-02-28,ETH,EZET,0.0
2025-02-28,ETH,MSSE,
2025-02-28,ETH,ETHE,-11.7
2025-02-28,ETH,ETH,0.0
2025-02-28,ETH,Total,-41.9
2025-03-03,ETH,ETHA,-16.1
2025-03-03,ETH,ETHB,
2025-03-03,ETH,FETH,0.0
2025-03-03,ETH,ETHW,4.0
2025-03-03,ETH,TETH,0.0
2025-03-03,ETH,ETHV,0.0
2025-03-03,ETH,QETH,0.0
2025-03-03,ETH,EZET,0.0
2025-03-03,ETH,MSSE,
2025-03-03,ETH,ETHE,0.0
2025-03-03,ETH,ETH,0.0
2025-03-03,ETH,Total,-12.1
2025-03-04,ETH,ETHA,-26.3
2025-03-04,ETH,ETHB,
2025-03-04,ETH,FETH,21.7
2025-03-04,ETH,ETHW,0.0
2025-03-04,ETH,TETH,0.0
2025-03-04,ETH,ETHV,0.0
2025-03-04,ETH,QETH,0.0
2025-03-04,ETH,EZET,0.0
2025-03-04,ETH,MSSE,
2025-03-04,ETH,ETHE,10.7
2025-03-04,ETH,ETH,8.5
2025-03-04,ETH,Total,14.6
2025-03-05,ETH,ETHA,0.0
2025-03-05,ETH,ETHB,
2025-03-05,ETH,FETH,0.0
2025-03-05,ETH,ETHW,0.0
2025-03-05,ETH,TETH,0.0
2025-03-05,ETH,ETHV,0.0
2025-03-05,ETH,QETH,0.0
2025-03-05,ETH,EZET,0.0
2025-03-05,ETH,MSSE,
2025-03-05,ETH,ETHE,-63.3
2025-03-05,ETH,ETH,0.0
2025-03-05,ETH,Total,-63.3
2025-03-06,ETH,ETHA,-10.0
2025-03-06,ETH,ETHB,
2025-03-06,ETH,FETH,0.0
2025-03-06,ETH,ETHW,0.0
2025-03-06,ETH,TETH,0.0
2025-03-06,ETH,ETHV,0.0
2025-03-06,ETH,QETH,0.0
2025-03-06,ETH,EZET,0.0
2025-03-06,ETH,MSSE,
2025-03-06,ETH,ETHE,0.0
2025-03-06,ETH,ETH,0.0
2025-03-06,ETH,Total,-10.0
2025-03-07,ETH,ETHA,-11.2
2025-03-07,ETH,ETHB,
2025-03-07,ETH,FETH,-11.9
2025-03-07,ETH,ETHW,0.0
2025-03-07,ETH,TETH,0.0
2025-03-07,ETH,ETHV,0.0
2025-03-07,ETH,QETH,0.0
2025-03-07,ETH,EZET,0.0
2025-03-07,ETH,MSSE,
2025-03-07,ETH,ETHE,0.0
2025-03-07,ETH,ETH,0.0
2025-03-07,ETH,Total,-23.1
2025-03-10,ETH,ETHA,0.0
2025-03-10,ETH,ETHB,
2025-03-10,ETH,FETH,-23.7
2025-03-10,ETH,ETHW,-1.6
2025-03-10,ETH,TETH,-3.5
2025-03-10,ETH,ETHV,0.0
2025-03-10,ETH,QETH,0.0
2025-03-10,ETH,EZET,0.0
2025-03-10,ETH,MSSE,
2025-03-10,ETH,ETHE,-4.8
2025-03-10,ETH,ETH,-3.9
2025-03-10,ETH,Total,-37.5
2025-03-11,ETH,ETHA,-11.8
2025-03-11,ETH,ETHB,
2025-03-11,ETH,FETH,-9.8
2025-03-11,ETH,ETHW,0.0
2025-03-11,ETH,TETH,0.0
2025-03-11,ETH,ETHV,0.0
2025-03-11,ETH,QETH,0.0
2025-03-11,ETH,EZET,0.0
2025-03-11,ETH,MSSE,
2025-03-11,ETH,ETHE,0.0
2025-03-11,ETH,ETH,0.0
2025-03-11,ETH,Total,-21.6
2025-03-12,ETH,ETHA,0.0
2025-03-12,ETH,ETHB,
2025-03-12,ETH,FETH,-3.7
2025-03-12,ETH,ETHW,0.0
2025-03-12,ETH,TETH,-1.7
2025-03-12,ETH,ETHV,0.0
2025-03-12,ETH,QETH,0.0
2025-03-12,ETH,EZET,-1.4
2025-03-12,ETH,MSSE,
2025-03-12,ETH,ETHE,0.0
2025-03-12,ETH,ETH,-3.5
2025-03-12,ETH,Total,-10.3
2025-03-13,ETH,ETHA,-15.1
2025-03-13,ETH,ETHB,
2025-03-13,ETH,FETH,-12.5
2025-03-13,ETH,ETHW,0.0
2025-03-13,ETH,TETH,-0.5
2025-03-13,ETH,ETHV,1.4
2025-03-13,ETH,QETH,0.0
2025-03-13,ETH,EZET,0.0
2025-03-13,ETH,MSSE,
2025-03-13,ETH,ETHE,-41.7
2025-03-13,ETH,ETH,-5.2
2025-03-13,ETH,Total,-73.6
2025-03-14,ETH,ETHA,-36.4
2025-03-14,ETH,ETHB,
2025-03-14,ETH,FETH,-11.6
2025-03-14,ETH,ETHW,0.0
2025-03-14,ETH,TETH,0.0
2025-03-14,ETH,ETHV,0.0
2025-03-14,ETH,QETH,1.1
2025-03-14,ETH,EZET,0.0
2025-03-14,ETH,MSSE,
2025-03-14,ETH,ETHE,0.0
2025-03-14,ETH,ETH,0.0
2025-03-14,ETH,Total,-46.9
2025-03-17,ETH,ETHA,0.0
2025-03-17,ETH,ETHB,
2025-03-17,ETH,FETH,0.0
2025-03-17,ETH,ETHW,0.0
2025-03-17,ETH,TETH,0.0
2025-03-17,ETH,ETHV,0.0
2025-03-17,ETH,QETH,0.0
2025-03-17,ETH,EZET,0.0
2025-03-17,ETH,MSSE,
2025-03-17,ETH,ETHE,-7.3
2025-03-17,ETH,ETH,0.0
2025-03-17,ETH,Total,-7.3
2025-03-18,ETH,ETHA,-40.2
2025-03-18,ETH,ETHB,
2025-03-18,ETH,FETH,-3.3
2025-03-18,ETH,ETHW,0.0
2025-03-18,ETH,TETH,0.0
2025-03-18,ETH,ETHV,0.0
2025-03-18,ETH,QETH,0.0
2025-03-18,ETH,EZET,0.0
2025-03-18,ETH,MSSE,
2025-03-18,ETH,ETHE,0.0
2025-03-18,ETH,ETH,-9.3
2025-03-18,ETH,Total,-52.8
2025-03-19,ETH,ETHA,-12.9
2025-03-19,ETH,ETHB,
2025-03-19,ETH,FETH,-2.0
2025-03-19,ETH,ETHW,0.0
2025-03-19,ETH,TETH,0.7
2025-03-19,ETH,ETHV,0.0
2025-03-19,ETH,QETH,0.0
2025-03-19,ETH,EZET,0.0
2025-03-19,ETH,MSSE,
2025-03-19,ETH,ETHE,10.2
2025-03-19,ETH,ETH,-7.7
2025-03-19,ETH,Total,-11.7
2025-03-20,ETH,ETHA,-9.0
2025-03-20,ETH,ETHB,
2025-03-20,ETH,FETH,-3.5
2025-03-20,ETH,ETHW,0.0
2025-03-20,ETH,TETH,0.0
2025-03-20,ETH,ETHV,0.0
2025-03-20,ETH,QETH,0.0
2025-03-20,ETH,EZET,0.0
2025-03-20,ETH,MSSE,
2025-03-20,ETH,ETHE,0.0
2025-03-20,ETH,ETH,0.0
2025-03-20,ETH,Total,-12.5
2025-03-21,ETH,ETHA,-11.9
2025-03-21,ETH,ETHB,
2025-03-21,ETH,FETH,0.0
2025-03-21,ETH,ETHW,0.0
2025-03-21,ETH,TETH,0.0
2025-03-21,ETH,ETHV,0.0
2025-03-21,ETH,QETH,0.0
2025-03-21,ETH,EZET,0.0
2025-03-21,ETH,MSSE,
2025-03-21,ETH,ETHE,0.0
2025-03-21,ETH,ETH,-6.7
2025-03-21,ETH,Total,-18.6
2025-03-24,ETH,ETHA,0.0
2025-03-24,ETH,ETHB,
2025-03-24,ETH,FETH,0.0
2025-03-24,ETH,ETHW,0.0
2025-03-24,ETH,TETH,0.0
2025-03-24,ETH,ETHV,0.0
2025-03-24,ETH,QETH,0.0
2025-03-24,ETH,EZET,0.0
2025-03-24,ETH,MSSE,
2025-03-24,ETH,ETHE,0.0
2025-03-24,ETH,ETH,0.0
2025-03-24,ETH,Total,0.0
2025-03-25,ETH,ETHA,0.0
2025-03-25,ETH,ETHB,
2025-03-25,ETH,FETH,0.0
2025-03-25,ETH,ETHW,0.0
2025-03-25,ETH,TETH,0.0
2025-03-25,ETH,ETHV,0.0
2025-03-25,ETH,QETH,-1.5
2025-03-25,ETH,EZET,0.0
2025-03-25,ETH,MSSE,
2025-03-25,ETH,ETHE,0.0
2025-03-25,ETH,ETH,-1.8
2025-03-25,ETH,Total,-3.3
2025-03-26,ETH,ETHA,0.0
2025-03-26,ETH,ETHB,
2025-03-26,ETH,FETH,-1.0
2025-03-26,ETH,ETHW,0.0
2025-03-26,ETH,TETH,0.0
2025-03-26,ETH,ETHV,0.0
2025-03-26,ETH,QETH,0.0
2025-03-26,ETH,EZET,0.0
2025-03-26,ETH,MSSE,
2025-03-26,ETH,ETHE,0.0
2025-03-26,ETH,ETH,-4.9
2025-03-26,ETH,Total,-5.9
2025-03-27,ETH,ETHA,0.0
2025-03-27,ETH,ETHB,
2025-03-27,ETH,FETH,-2.0
2025-03-27,ETH,ETHW,0.0
2025-03-27,ETH,TETH,0.0
2025-03-27,ETH,ETHV,-2.2
2025-03-27,ETH,QETH,0.0
2025-03-27,ETH,EZET,0.0
2025-03-27,ETH,MSSE,
2025-03-27,ETH,ETHE,0.0
2025-03-27,ETH,ETH,0.0
2025-03-27,ETH,Total,-4.2
2025-03-28,ETH,ETHA,0.0
2025-03-28,ETH,ETHB,
2025-03-28,ETH,FETH,0.0
2025-03-28,ETH,ETHW,0.0
2025-03-28,ETH,TETH,0.0
2025-03-28,ETH,ETHV,0.0
2025-03-28,ETH,QETH,0.0
2025-03-28,ETH,EZET,0.0
2025-03-28,ETH,MSSE,
2025-03-28,ETH,ETHE,4.7
2025-03-28,ETH,ETH,0.0
2025-03-28,ETH,Total,4.7
2025-03-31,ETH,ETHA,0.0
2025-03-31,ETH,ETHB,
2025-03-31,ETH,FETH,6.4
2025-03-31,ETH,ETHW,0.0
2025-03-31,ETH,TETH,0.0
2025-03-31,ETH,ETHV,0.0
2025-03-31,ETH,QETH,0.0
2025-03-31,ETH,EZET,0.0
2025-03-31,ETH,MSSE,
2025-03-31,ETH,ETHE,0.0
2025-03-31,ETH,ETH,0.0
2025-03-31,ETH,Total,6.4
2025-04-01,ETH,ETHA,0.0
2025-04-01,ETH,ETHB,
2025-04-01,ETH,FETH,0.0
2025-04-01,ETH,ETHW,-2.6
2025-04-01,ETH,TETH,1.7
2025-04-01,ETH,ETHV,0.0
2025-04-01,ETH,QETH,0.0
2025-04-01,ETH,EZET,0.0
2025-04-01,ETH,MSSE,
2025-04-01,ETH,ETHE,0.0
2025-04-01,ETH,ETH,-2.7
2025-04-01,ETH,Total,-3.6
2025-04-02,ETH,ETHA,-20.2
2025-04-02,ETH,ETHB,
2025-04-02,ETH,FETH,0.0
2025-04-02,ETH,ETHW,0.0
2025-04-02,ETH,TETH,0.0
2025-04-02,ETH,ETHV,0.0
2025-04-02,ETH,QETH,0.0
2025-04-02,ETH,EZET,0.0
2025-04-02,ETH,MSSE,
2025-04-02,ETH,ETHE,-31.1
2025-04-02,ETH,ETH,0.0
2025-04-02,ETH,Total,-51.3
2025-04-03,ETH,ETHA,0.0
2025-04-03,ETH,ETHB,
2025-04-03,ETH,FETH,0.0
2025-04-03,ETH,ETHW,-3.6
2025-04-03,ETH,TETH,0.0
2025-04-03,ETH,ETHV,0.0
2025-04-03,ETH,QETH,0.0
2025-04-03,ETH,EZET,0.0
2025-04-03,ETH,MSSE,
2025-04-03,ETH,ETHE,0.0
2025-04-03,ETH,ETH,0.0
2025-04-03,ETH,Total,-3.6
2025-04-04,ETH,ETHA,0.0
2025-04-04,ETH,ETHB,
2025-04-04,ETH,FETH,0.0
2025-04-04,ETH,ETHW,0.0
2025-04-04,ETH,TETH,0.0
2025-04-04,ETH,ETHV,0.0
2025-04-04,ETH,QETH,0.0
2025-04-04,ETH,EZET,2.1
2025-04-04,ETH,MSSE,
2025-04-04,ETH,ETHE,0.0
2025-04-04,ETH,ETH,0.0
2025-04-04,ETH,Total,2.1
2025-04-07,ETH,ETHA,0.0
2025-04-07,ETH,ETHB,
2025-04-07,ETH,FETH,0.0
2025-04-07,ETH,ETHW,0.0
2025-04-07,ETH,TETH,0.0
2025-04-07,ETH,ETHV,0.0
2025-04-07,ETH,QETH,0.0
2025-04-07,ETH,EZET,0.0
2025-04-07,ETH,MSSE,
2025-04-07,ETH,ETHE,0.0
2025-04-07,ETH,ETH,0.0
2025-04-07,ETH,Total,0.0
2025-04-08,ETH,ETHA,0.0
2025-04-08,ETH,ETHB,
2025-04-08,ETH,FETH,-3.3
2025-04-08,ETH,ETHW,0.0
2025-04-08,ETH,TETH,0.0
2025-04-08,ETH,ETHV,0.0
2025-04-08,ETH,QETH,0.0
2025-04-08,ETH,EZET,0.0
2025-04-08,ETH,MSSE,
2025-04-08,ETH,ETHE,0.0
2025-04-08,ETH,ETH,0.0
2025-04-08,ETH,Total,-3.3
2025-04-09,ETH,ETHA,-5.5
2025-04-09,ETH,ETHB,
2025-04-09,ETH,FETH,-5.7
2025-04-09,ETH,ETHW,0.0
2025-04-09,ETH,TETH,0.0
2025-04-09,ETH,ETHV,0.0
2025-04-09,ETH,QETH,0.0
2025-04-09,ETH,EZET,0.0
2025-04-09,ETH,MSSE,
2025-04-09,ETH,ETHE,0.0
2025-04-09,ETH,ETH,0.0
2025-04-09,ETH,Total,-11.2
2025-04-10,ETH,ETHA,6.4
2025-04-10,ETH,ETHB,
2025-04-10,ETH,FETH,-36.0
2025-04-10,ETH,ETHW,-2.5
2025-04-10,ETH,TETH,0.0
2025-04-10,ETH,ETHV,-4.4
2025-04-10,ETH,QETH,0.0
2025-04-10,ETH,EZET,0.0
2025-04-10,ETH,MSSE,
2025-04-10,ETH,ETHE,-2.3
2025-04-10,ETH,ETH,0.0
2025-04-10,ETH,Total,-38.8
2025-04-11,ETH,ETHA,0.0
2025-04-11,ETH,ETHB,
2025-04-11,ETH,FETH,0.0
2025-04-11,ETH,ETHW,-3.1
2025-04-11,ETH,TETH,0.0
2025-04-11,ETH,ETHV,0.0
2025-04-11,ETH,QETH,0.0
2025-04-11,ETH,EZET,0.0
2025-04-11,ETH,MSSE,
2025-04-11,ETH,ETHE,-26.1
2025-04-11,ETH,ETH,0.0
2025-04-11,ETH,Total,-29.2
2025-04-14,ETH,ETHA,0.0
2025-04-14,ETH,ETHB,
2025-04-14,ETH,FETH,-7.8
2025-04-14,ETH,ETHW,0.0
2025-04-14,ETH,TETH,1.8
2025-04-14,ETH,ETHV,0.0
2025-04-14,ETH,QETH,0.0
2025-04-14,ETH,EZET,0.0
2025-04-14,ETH,MSSE,
2025-04-14,ETH,ETHE,0.0
2025-04-14,ETH,ETH,0.0
2025-04-14,ETH,Total,-6.0
2025-04-15,ETH,ETHA,0.0
2025-04-15,ETH,ETHB,
2025-04-15,ETH,FETH,-3.6
2025-04-15,ETH,ETHW,0.0
2025-04-15,ETH,TETH,0.0
2025-04-15,ETH,ETHV,0.0
2025-04-15,ETH,QETH,0.0
2025-04-15,ETH,EZET,0.0
2025-04-15,ETH,MSSE,
2025-04-15,ETH,ETHE,-10.6
2025-04-15,ETH,ETH,0.0
2025-04-15,ETH,Total,-14.2
2025-04-16,ETH,ETHA,-4.3
2025-04-16,ETH,ETHB,
2025-04-16,ETH,FETH,0.0
2025-04-16,ETH,ETHW,0.0
2025-04-16,ETH,TETH,0.0
2025-04-16,ETH,ETHV,0.0
2025-04-16,ETH,QETH,0.0
2025-04-16,ETH,EZET,-1.8
2025-04-16,ETH,MSSE,
2025-04-16,ETH,ETHE,-8.2
2025-04-16,ETH,ETH,2.2
2025-04-16,ETH,Total,-12.1
2025-04-17,ETH,ETHA,0.0
2025-04-17,ETH,ETHB,
2025-04-17,ETH,FETH,0.0
2025-04-17,ETH,ETHW,0.0
2025-04-17,ETH,TETH,0.0
2025-04-17,ETH,ETHV,0.0
2025-04-17,ETH,QETH,0.0
2025-04-17,ETH,EZET,0.0
2025-04-17,ETH,MSSE,
2025-04-17,ETH,ETHE,0.0
2025-04-17,ETH,ETH,0.0
2025-04-17,ETH,Total,0.0
2025-04-18,ETH,ETHA,
2025-04-18,ETH,ETHB,
2025-04-18,ETH,FETH,
2025-04-18,ETH,ETHW,
2025-04-18,ETH,TETH,
2025-04-18,ETH,ETHV,
2025-04-18,ETH,QETH,
2025-04-18,ETH,EZET,
2025-04-18,ETH,MSSE,
2025-04-18,ETH,ETHE,
2025-04-18,ETH,ETH,
2025-04-18,ETH,Total,0.0
2025-04-21,ETH,ETHA,0.0
2025-04-21,ETH,ETHB,
2025-04-21,ETH,FETH,0.0
2025-04-21,ETH,ETHW,0.0
2025-04-21,ETH,TETH,0.0
2025-04-21,ETH,ETHV,0.0
2025-04-21,ETH,QETH,0.0
2025-04-21,ETH,EZET,0.0
2025-04-21,ETH,MSSE,
2025-04-21,ETH,ETHE,-25.4
2025-04-21,ETH,ETH,0.0
2025-04-21,ETH,Total,-25.4
2025-04-22,ETH,ETHA,0.0
2025-04-22,ETH,ETHB,
2025-04-22,ETH,FETH,32.7
2025-04-22,ETH,ETHW,6.1
2025-04-22,ETH,TETH,0.0
2025-04-22,ETH,ETHV,0.0
2025-04-22,ETH,QETH,0.0
2025-04-22,ETH,EZET,0.0
2025-04-22,ETH,MSSE,
2025-04-22,ETH,ETHE,0.0
2025-04-22,ETH,ETH,0.0
2025-04-22,ETH,Total,38.8
2025-04-23,ETH,ETHA,-30.3
2025-04-23,ETH,ETHB,
2025-04-23,ETH,FETH,0.0
2025-04-23,ETH,ETHW,0.0
2025-04-23,ETH,TETH,0.0
2025-04-23,ETH,ETHV,0.0
2025-04-23,ETH,QETH,0.0
2025-04-23,ETH,EZET,0.0
2025-04-23,ETH,MSSE,
2025-04-23,ETH,ETHE,0.0
2025-04-23,ETH,ETH,6.4
2025-04-23,ETH,Total,-23.9
2025-04-24,ETH,ETHA,40.0
2025-04-24,ETH,ETHB,
2025-04-24,ETH,FETH,0.0
2025-04-24,ETH,ETHW,5.1
2025-04-24,ETH,TETH,4.1
2025-04-24,ETH,ETHV,2.6
2025-04-24,ETH,QETH,0.0
2025-04-24,ETH,EZET,0.0
2025-04-24,ETH,MSSE,
2025-04-24,ETH,ETHE,-6.6
2025-04-24,ETH,ETH,18.3
2025-04-24,ETH,Total,63.5
2025-04-25,ETH,ETHA,54.4
2025-04-25,ETH,ETHB,
2025-04-25,ETH,FETH,35.9
2025-04-25,ETH,ETHW,1.8
2025-04-25,ETH,TETH,0.0
2025-04-25,ETH,ETHV,0.0
2025-04-25,ETH,QETH,1.8
2025-04-25,ETH,EZET,0.0
2025-04-25,ETH,MSSE,
2025-04-25,ETH,ETHE,0.0
2025-04-25,ETH,ETH,10.2
2025-04-25,ETH,Total,104.1
2025-04-28,ETH,ETHA,67.5
2025-04-28,ETH,ETHB,
2025-04-28,ETH,FETH,0.0
2025-04-28,ETH,ETHW,-3.4
2025-04-28,ETH,TETH,0.0
2025-04-28,ETH,ETHV,0.0
2025-04-28,ETH,QETH,0.0
2025-04-28,ETH,EZET,0.0
2025-04-28,ETH,MSSE,
2025-04-28,ETH,ETHE,0.0
2025-04-28,ETH,ETH,0.0
2025-04-28,ETH,Total,64.1
2025-04-29,ETH,ETHA,0.0
2025-04-29,ETH,ETHB,
2025-04-29,ETH,FETH,25.5
2025-04-29,ETH,ETHW,0.0
2025-04-29,ETH,TETH,0.0
2025-04-29,ETH,ETHV,0.0
2025-04-29,ETH,QETH,0.0
2025-04-29,ETH,EZET,0.0
2025-04-29,ETH,MSSE,
2025-04-29,ETH,ETHE,-7.1
2025-04-29,ETH,ETH,0.0
2025-04-29,ETH,Total,18.4
2025-04-30,ETH,ETHA,0.0
2025-04-30,ETH,ETHB,
2025-04-30,ETH,FETH,5.8
2025-04-30,ETH,ETHW,-1.0
2025-04-30,ETH,TETH,0.0
2025-04-30,ETH,ETHV,0.0
2025-04-30,ETH,QETH,0.0
2025-04-30,ETH,EZET,0.0
2025-04-30,ETH,MSSE,
2025-04-30,ETH,ETHE,-7.1
2025-04-30,ETH,ETH,0.0
2025-04-30,ETH,Total,-2.3
2025-05-01,ETH,ETHA,0.0
2025-05-01,ETH,ETHB,
2025-05-01,ETH,FETH,6.5
2025-05-01,ETH,ETHW,0.0
2025-05-01,ETH,TETH,0.0
2025-05-01,ETH,ETHV,0.0
2025-05-01,ETH,QETH,0.0
2025-05-01,ETH,EZET,0.0
2025-05-01,ETH,MSSE,
2025-05-01,ETH,ETHE,-12.0
2025-05-01,ETH,ETH,12.0
2025-05-01,ETH,Total,6.5
2025-05-02,ETH,ETHA,20.1
2025-05-02,ETH,ETHB,
2025-05-02,ETH,FETH,0.0
2025-05-02,ETH,ETHW,0.0
2025-05-02,ETH,TETH,0.0
2025-05-02,ETH,ETHV,0.0
2025-05-02,ETH,QETH,0.0
2025-05-02,ETH,EZET,0.0
2025-05-02,ETH,MSSE,
2025-05-02,ETH,ETHE,0.0
2025-05-02,ETH,ETH,0.0
2025-05-02,ETH,Total,20.1
2025-05-05,ETH,ETHA,0.0
2025-05-05,ETH,ETHB,
2025-05-05,ETH,FETH,0.0
2025-05-05,ETH,ETHW,0.0
2025-05-05,ETH,TETH,0.0
2025-05-05,ETH,ETHV,0.0
2025-05-05,ETH,QETH,0.0
2025-05-05,ETH,EZET,0.0
2025-05-05,ETH,MSSE,
2025-05-05,ETH,ETHE,0.0
2025-05-05,ETH,ETH,0.0
2025-05-05,ETH,Total,0.0
2025-05-06,ETH,ETHA,0.0
2025-05-06,ETH,ETHB,
2025-05-06,ETH,FETH,-17.9
2025-05-06,ETH,ETHW,0.0
2025-05-06,ETH,TETH,0.0
2025-05-06,ETH,ETHV,0.0
2025-05-06,ETH,QETH,0.0
2025-05-06,ETH,EZET,0.0
2025-05-06,ETH,MSSE,
2025-05-06,ETH,ETHE,0.0
2025-05-06,ETH,ETH,0.0
2025-05-06,ETH,Total,-17.9
2025-05-07,ETH,ETHA,-21.8
2025-05-07,ETH,ETHB,
2025-05-07,ETH,FETH,0.0
2025-05-07,ETH,ETHW,0.0
2025-05-07,ETH,TETH,0.0
2025-05-07,ETH,ETHV,0.0
2025-05-07,ETH,QETH,0.0
2025-05-07,ETH,EZET,0.0
2025-05-07,ETH,MSSE,
2025-05-07,ETH,ETHE,0.0
2025-05-07,ETH,ETH,0.0
2025-05-07,ETH,Total,-21.8
2025-05-08,ETH,ETHA,0.0
2025-05-08,ETH,ETHB,
2025-05-08,ETH,FETH,-19.3
2025-05-08,ETH,ETHW,0.0
2025-05-08,ETH,TETH,0.0
2025-05-08,ETH,ETHV,0.0
2025-05-08,ETH,QETH,0.0
2025-05-08,ETH,EZET,0.0
2025-05-08,ETH,MSSE,
2025-05-08,ETH,ETHE,0.0
2025-05-08,ETH,ETH,3.2
2025-05-08,ETH,Total,-16.1
2025-05-09,ETH,ETHA,17.6
2025-05-09,ETH,ETHB,
2025-05-09,ETH,FETH,0.0
2025-05-09,ETH,ETHW,0.0
2025-05-09,ETH,TETH,0.0
2025-05-09,ETH,ETHV,0.0
2025-05-09,ETH,QETH,0.0
2025-05-09,ETH,EZET,0.0
2025-05-09,ETH,MSSE,
2025-05-09,ETH,ETHE,0.0
2025-05-09,ETH,ETH,0.0
2025-05-09,ETH,Total,17.6
2025-05-12,ETH,ETHA,0.0
2025-05-12,ETH,ETHB,
2025-05-12,ETH,FETH,-8.0
2025-05-12,ETH,ETHW,0.0
2025-05-12,ETH,TETH,0.0
2025-05-12,ETH,ETHV,0.0
2025-05-12,ETH,QETH,0.0
2025-05-12,ETH,EZET,0.0
2025-05-12,ETH,MSSE,
2025-05-12,ETH,ETHE,-9.6
2025-05-12,ETH,ETH,0.0
2025-05-12,ETH,Total,-17.6
2025-05-13,ETH,ETHA,0.0
2025-05-13,ETH,ETHB,
2025-05-13,ETH,FETH,0.0
2025-05-13,ETH,ETHW,0.0
2025-05-13,ETH,TETH,0.0
2025-05-13,ETH,ETHV,3.0
2025-05-13,ETH,QETH,0.0
2025-05-13,ETH,EZET,3.1
2025-05-13,ETH,MSSE,
2025-05-13,ETH,ETHE,0.0
2025-05-13,ETH,ETH,7.4
2025-05-13,ETH,Total,13.5
2025-05-14,ETH,ETHA,57.6
2025-05-14,ETH,ETHB,
2025-05-14,ETH,FETH,5.9
2025-05-14,ETH,ETHW,0.0
2025-05-14,ETH,TETH,0.0
2025-05-14,ETH,ETHV,0.0
2025-05-14,ETH,QETH,0.0
2025-05-14,ETH,EZET,0.0
2025-05-14,ETH,MSSE,
2025-05-14,ETH,ETHE,0.0
2025-05-14,ETH,ETH,0.0
2025-05-14,ETH,Total,63.5
2025-05-15,ETH,ETHA,8.4
2025-05-15,ETH,ETHB,
2025-05-15,ETH,FETH,-31.6
2025-05-15,ETH,ETHW,0.0
2025-05-15,ETH,TETH,0.0
2025-05-15,ETH,ETHV,0.0
2025-05-15,ETH,QETH,0.0
2025-05-15,ETH,EZET,0.0
2025-05-15,ETH,MSSE,
2025-05-15,ETH,ETHE,-16.6
2025-05-15,ETH,ETH,0.0
2025-05-15,ETH,Total,-39.8
2025-05-16,ETH,ETHA,0.0
2025-05-16,ETH,ETHB,
2025-05-16,ETH,FETH,13.6
2025-05-16,ETH,ETHW,0.0
2025-05-16,ETH,TETH,0.0
2025-05-16,ETH,ETHV,0.0
2025-05-16,ETH,QETH,0.0
2025-05-16,ETH,EZET,0.0
2025-05-16,ETH,MSSE,
2025-05-16,ETH,ETHE,0.0
2025-05-16,ETH,ETH,8.6
2025-05-16,ETH,Total,22.2
2025-05-19,ETH,ETHA,13.7
2025-05-19,ETH,ETHB,
2025-05-19,ETH,FETH,0.0
2025-05-19,ETH,ETHW,0.0
2025-05-19,ETH,TETH,0.0
2025-05-19,ETH,ETHV,0.0
2025-05-19,ETH,QETH,0.0
2025-05-19,ETH,EZET,0.0
2025-05-19,ETH,MSSE,
2025-05-19,ETH,ETHE,0.0
2025-05-19,ETH,ETH,0.0
2025-05-19,ETH,Total,13.7
2025-05-20,ETH,ETHA,45.0
2025-05-20,ETH,ETHB,
2025-05-20,ETH,FETH,19.8
2025-05-20,ETH,ETHW,0.0
2025-05-20,ETH,TETH,0.0
2025-05-20,ETH,ETHV,0.0
2025-05-20,ETH,QETH,0.0
2025-05-20,ETH,EZET,0.0
2025-05-20,ETH,MSSE,
2025-05-20,ETH,ETHE,0.0
2025-05-20,ETH,ETH,0.0
2025-05-20,ETH,Total,64.8
2025-05-21,ETH,ETHA,24.9
2025-05-21,ETH,ETHB,
2025-05-21,ETH,FETH,-24.3
2025-05-21,ETH,ETHW,0.0
2025-05-21,ETH,TETH,0.0
2025-05-21,ETH,ETHV,0.0
2025-05-21,ETH,QETH,0.0
2025-05-21,ETH,EZET,0.0
2025-05-21,ETH,MSSE,
2025-05-21,ETH,ETHE,0.0
2025-05-21,ETH,ETH,0.0
2025-05-21,ETH,Total,0.6
2025-05-22,ETH,ETHA,0.0
2025-05-22,ETH,ETHB,
2025-05-22,ETH,FETH,42.2
2025-05-22,ETH,ETHW,5.7
2025-05-22,ETH,TETH,0.0
2025-05-22,ETH,ETHV,0.0
2025-05-22,ETH,QETH,0.0
2025-05-22,ETH,EZET,0.0
2025-05-22,ETH,MSSE,
2025-05-22,ETH,ETHE,43.7
2025-05-22,ETH,ETH,18.9
2025-05-22,ETH,Total,110.5
2025-05-23,ETH,ETHA,52.8
2025-05-23,ETH,ETHB,
2025-05-23,ETH,FETH,0.0
2025-05-23,ETH,ETHW,0.0
2025-05-23,ETH,TETH,0.0
2025-05-23,ETH,ETHV,0.0
2025-05-23,ETH,QETH,0.0
2025-05-23,ETH,EZET,0.0
2025-05-23,ETH,MSSE,
2025-05-23,ETH,ETHE,0.0
2025-05-23,ETH,ETH,5.8
2025-05-23,ETH,Total,58.6
2025-05-26,ETH,ETHA,
2025-05-26,ETH,ETHB,
2025-05-26,ETH,FETH,
2025-05-26,ETH,ETHW,
2025-05-26,ETH,TETH,
2025-05-26,ETH,ETHV,
2025-05-26,ETH,QETH,
2025-05-26,ETH,EZET,
2025-05-26,ETH,MSSE,
2025-05-26,ETH,ETHE,
2025-05-26,ETH,ETH,
2025-05-26,ETH,Total,0.0
2025-05-27,ETH,ETHA,32.5
2025-05-27,ETH,ETHB,
2025-05-27,ETH,FETH,3.4
2025-05-27,ETH,ETHW,0.0
2025-05-27,ETH,TETH,0.0
2025-05-27,ETH,ETHV,2.9
2025-05-27,ETH,QETH,0.0
2025-05-27,ETH,EZET,0.0
2025-05-27,ETH,MSSE,
2025-05-27,ETH,ETHE,0.0
2025-05-27,ETH,ETH,0.0
2025-05-27,ETH,Total,38.8
2025-05-28,ETH,ETHA,52.7
2025-05-28,ETH,ETHB,
2025-05-28,ETH,FETH,25.7
2025-05-28,ETH,ETHW,0.0
2025-05-28,ETH,TETH,0.0
2025-05-28,ETH,ETHV,0.0
2025-05-28,ETH,QETH,1.6
2025-05-28,ETH,EZET,0.0
2025-05-28,ETH,MSSE,
2025-05-28,ETH,ETHE,0.0
2025-05-28,ETH,ETH,4.9
2025-05-28,ETH,Total,84.9
2025-05-29,ETH,ETHA,50.4
2025-05-29,ETH,ETHB,
2025-05-29,ETH,FETH,38.3
2025-05-29,ETH,ETHW,4.6
2025-05-29,ETH,TETH,0.0
2025-05-29,ETH,ETHV,0.0
2025-05-29,ETH,QETH,0.0
2025-05-29,ETH,EZET,0.0
2025-05-29,ETH,MSSE,
2025-05-29,ETH,ETHE,-4.6
2025-05-29,ETH,ETH,3.2
2025-05-29,ETH,Total,91.9
2025-05-30,ETH,ETHA,70.2
2025-05-30,ETH,ETHB,
2025-05-30,ETH,FETH,0.0
2025-05-30,ETH,ETHW,0.0
2025-05-30,ETH,TETH,0.0
2025-05-30,ETH,ETHV,0.0
2025-05-30,ETH,QETH,0.0
2025-05-30,ETH,EZET,0.0
2025-05-30,ETH,MSSE,
2025-05-30,ETH,ETHE,0.0
2025-05-30,ETH,ETH,0.0
2025-05-30,ETH,Total,70.2
2025-06-02,ETH,ETHA,48.4
2025-06-02,ETH,ETHB,
2025-06-02,ETH,FETH,29.8
2025-06-02,ETH,ETHW,0.0
2025-06-02,ETH,TETH,0.0
2025-06-02,ETH,ETHV,0.0
2025-06-02,ETH,QETH,0.0
2025-06-02,ETH,EZET,0.0
2025-06-02,ETH,MSSE,
2025-06-02,ETH,ETHE,0.0
2025-06-02,ETH,ETH,0.0
2025-06-02,ETH,Total,78.2
2025-06-03,ETH,ETHA,77.1
2025-06-03,ETH,ETHB,
2025-06-03,ETH,FETH,21.0
2025-06-03,ETH,ETHW,0.0
2025-06-03,ETH,TETH,0.0
2025-06-03,ETH,ETHV,0.0
2025-06-03,ETH,QETH,0.0
2025-06-03,ETH,EZET,3.0
2025-06-03,ETH,MSSE,
2025-06-03,ETH,ETHE,0.0
2025-06-03,ETH,ETH,8.4
2025-06-03,ETH,Total,109.5
2025-06-04,ETH,ETHA,73.2
2025-06-04,ETH,ETHB,
2025-06-04,ETH,FETH,-23.6
2025-06-04,ETH,ETHW,0.0
2025-06-04,ETH,TETH,0.0
2025-06-04,ETH,ETHV,0.0
2025-06-04,ETH,QETH,0.0
2025-06-04,ETH,EZET,0.0
2025-06-04,ETH,MSSE,
2025-06-04,ETH,ETHE,0.0
2025-06-04,ETH,ETH,7.4
2025-06-04,ETH,Total,57.0
2025-06-05,ETH,ETHA,34.7
2025-06-05,ETH,ETHB,
2025-06-05,ETH,FETH,-23.4
2025-06-05,ETH,ETHW,0.0
2025-06-05,ETH,TETH,0.0
2025-06-05,ETH,ETHV,0.0
2025-06-05,ETH,QETH,0.0
2025-06-05,ETH,EZET,0.0
2025-06-05,ETH,MSSE,
2025-06-05,ETH,ETHE,0.0
2025-06-05,ETH,ETH,0.0
2025-06-05,ETH,Total,11.3
2025-06-06,ETH,ETHA,15.9
2025-06-06,ETH,ETHB,
2025-06-06,ETH,FETH,0.0
2025-06-06,ETH,ETHW,0.0
2025-06-06,ETH,TETH,0.0
2025-06-06,ETH,ETHV,0.0
2025-06-06,ETH,QETH,0.0
2025-06-06,ETH,EZET,0.0
2025-06-06,ETH,MSSE,
2025-06-06,ETH,ETHE,0.0
2025-06-06,ETH,ETH,9.4
2025-06-06,ETH,Total,25.3
2025-06-09,ETH,ETHA,35.2
2025-06-09,ETH,ETHB,
2025-06-09,ETH,FETH,12.9
2025-06-09,ETH,ETHW,0.0
2025-06-09,ETH,TETH,0.0
2025-06-09,ETH,ETHV,0.0
2025-06-09,ETH,QETH,0.0
2025-06-09,ETH,EZET,0.0
2025-06-09,ETH,MSSE,
2025-06-09,ETH,ETHE,0.0
2025-06-09,ETH,ETH,4.6
2025-06-09,ETH,Total,52.7
2025-06-10,ETH,ETHA,80.6
2025-06-10,ETH,ETHB,
2025-06-10,ETH,FETH,26.3
2025-06-10,ETH,ETHW,8.4
2025-06-10,ETH,TETH,0.0
2025-06-10,ETH,ETHV,0.0
2025-06-10,ETH,QETH,0.0
2025-06-10,ETH,EZET,0.0
2025-06-10,ETH,MSSE,
2025-06-10,ETH,ETHE,0.0
2025-06-10,ETH,ETH,9.7
2025-06-10,ETH,Total,125.0
2025-06-11,ETH,ETHA,163.6
2025-06-11,ETH,ETHB,
2025-06-11,ETH,FETH,37.3
2025-06-11,ETH,ETHW,6.5
2025-06-11,ETH,TETH,0.0
2025-06-11,ETH,ETHV,0.0
2025-06-11,ETH,QETH,0.0
2025-06-11,ETH,EZET,0.0
2025-06-11,ETH,MSSE,
2025-06-11,ETH,ETHE,13.3
2025-06-11,ETH,ETH,19.6
2025-06-11,ETH,Total,240.3
2025-06-12,ETH,ETHA,101.5
2025-06-12,ETH,ETHB,
2025-06-12,ETH,FETH,10.8
2025-06-12,ETH,ETHW,0.0
2025-06-12,ETH,TETH,0.0
2025-06-12,ETH,ETHV,0.0
2025-06-12,ETH,QETH,0.0
2025-06-12,ETH,EZET,0.0
2025-06-12,ETH,MSSE,
2025-06-12,ETH,ETHE,0.0
2025-06-12,ETH,ETH,0.0
2025-06-12,ETH,Total,112.3
2025-06-13,ETH,ETHA,0.0
2025-06-13,ETH,ETHB,
2025-06-13,ETH,FETH,-8.8
2025-06-13,ETH,ETHW,0.0
2025-06-13,ETH,TETH,0.0
2025-06-13,ETH,ETHV,0.0
2025-06-13,ETH,QETH,0.0
2025-06-13,ETH,EZET,0.0
2025-06-13,ETH,MSSE,
2025-06-13,ETH,ETHE,0.0
2025-06-13,ETH,ETH,6.7
2025-06-13,ETH,Total,-2.1
2025-06-16,ETH,ETHA,16.1
2025-06-16,ETH,ETHB,
2025-06-16,ETH,FETH,5.3
2025-06-16,ETH,ETHW,0.0
2025-06-16,ETH,TETH,0.0
2025-06-16,ETH,ETHV,0.0
2025-06-16,ETH,QETH,0.0
2025-06-16,ETH,EZET,0.0
2025-06-16,ETH,MSSE,
2025-06-16,ETH,ETHE,0.0
2025-06-16,ETH,ETH,0.0
2025-06-16,ETH,Total,21.4
2025-06-17,ETH,ETHA,36.7
2025-06-17,ETH,ETHB,
2025-06-17,ETH,FETH,-20.2
2025-06-17,ETH,ETHW,3.6
2025-06-17,ETH,TETH,0.0
2025-06-17,ETH,ETHV,0.0
2025-06-17,ETH,QETH,0.0
2025-06-17,ETH,EZET,0.0
2025-06-17,ETH,MSSE,
2025-06-17,ETH,ETHE,-9.0
2025-06-17,ETH,ETH,0.0
2025-06-17,ETH,Total,11.1
2025-06-18,ETH,ETHA,15.1
2025-06-18,ETH,ETHB,
2025-06-18,ETH,FETH,0.0
2025-06-18,ETH,ETHW,0.0
2025-06-18,ETH,TETH,0.0
2025-06-18,ETH,ETHV,0.0
2025-06-18,ETH,QETH,0.0
2025-06-18,ETH,EZET,0.0
2025-06-18,ETH,MSSE,
2025-06-18,ETH,ETHE,0.0
2025-06-18,ETH,ETH,4.0
2025-06-18,ETH,Total,19.1
2025-06-19,ETH,ETHA,
2025-06-19,ETH,ETHB,
2025-06-19,ETH,FETH,
2025-06-19,ETH,ETHW,
2025-06-19,ETH,TETH,
2025-06-19,ETH,ETHV,
2025-06-19,ETH,QETH,
2025-06-19,ETH,EZET,
2025-06-19,ETH,MSSE,
2025-06-19,ETH,ETHE,
2025-06-19,ETH,ETH,
2025-06-19,ETH,Total,0.0
2025-06-20,ETH,ETHA,-19.7
2025-06-20,ETH,ETHB,
2025-06-20,ETH,FETH,0.0
2025-06-20,ETH,ETHW,0.0
2025-06-20,ETH,TETH,0.0
2025-06-20,ETH,ETHV,1.8
2025-06-20,ETH,QETH,0.0
2025-06-20,ETH,EZET,0.0
2025-06-20,ETH,MSSE,
2025-06-20,ETH,ETHE,0.0
2025-06-20,ETH,ETH,6.6
2025-06-20,ETH,Total,-11.3
2025-06-23,ETH,ETHA,25.8
2025-06-23,ETH,ETHB,
2025-06-23,ETH,FETH,60.5
2025-06-23,ETH,ETHW,0.0
2025-06-23,ETH,TETH,0.0
2025-06-23,ETH,ETHV,0.0
2025-06-23,ETH,QETH,0.0
2025-06-23,ETH,EZET,0.0
2025-06-23,ETH,MSSE,
2025-06-23,ETH,ETHE,9.0
2025-06-23,ETH,ETH,5.4
2025-06-23,ETH,Total,100.7
2025-06-24,ETH,ETHA,98.0
2025-06-24,ETH,ETHB,
2025-06-24,ETH,FETH,-26.7
2025-06-24,ETH,ETHW,0.0
2025-06-24,ETH,TETH,0.0
2025-06-24,ETH,ETHV,0.0
2025-06-24,ETH,QETH,0.0
2025-06-24,ETH,EZET,0.0
2025-06-24,ETH,MSSE,
2025-06-24,ETH,ETHE,0.0
2025-06-24,ETH,ETH,0.0
2025-06-24,ETH,Total,71.3
2025-06-25,ETH,ETHA,55.2
2025-06-25,ETH,ETHB,
2025-06-25,ETH,FETH,0.0
2025-06-25,ETH,ETHW,5.2
2025-06-25,ETH,TETH,0.0
2025-06-25,ETH,ETHV,0.0
2025-06-25,ETH,QETH,0.0
2025-06-25,ETH,EZET,0.0
2025-06-25,ETH,MSSE,
2025-06-25,ETH,ETHE,0.0
2025-06-25,ETH,ETH,0.0
2025-06-25,ETH,Total,60.4
2025-06-26,ETH,ETHA,5.9
2025-06-26,ETH,ETHB,
2025-06-26,ETH,FETH,4.9
2025-06-26,ETH,ETHW,2.6
2025-06-26,ETH,TETH,0.0
2025-06-26,ETH,ETHV,0.0
2025-06-26,ETH,QETH,0.0
2025-06-26,ETH,EZET,0.0
2025-06-26,ETH,MSSE,
2025-06-26,ETH,ETHE,-27.4
2025-06-26,ETH,ETH,-12.4
2025-06-26,ETH,Total,-26.4
2025-06-27,ETH,ETHA,48.1
2025-06-27,ETH,ETHB,
2025-06-27,ETH,FETH,28.9
2025-06-27,ETH,ETHW,0.0
2025-06-27,ETH,TETH,0.5
2025-06-27,ETH,ETHV,0.0
2025-06-27,ETH,QETH,0.0
2025-06-27,ETH,EZET,0.0
2025-06-27,ETH,MSSE,
2025-06-27,ETH,ETHE,0.0
2025-06-27,ETH,ETH,0.0
2025-06-27,ETH,Total,77.5
2025-06-30,ETH,ETHA,6.1
2025-06-30,ETH,ETHB,
2025-06-30,ETH,FETH,25.7
2025-06-30,ETH,ETHW,0.0
2025-06-30,ETH,TETH,0.0
2025-06-30,ETH,ETHV,0.0
2025-06-30,ETH,QETH,0.0
2025-06-30,ETH,EZET,0.0
2025-06-30,ETH,MSSE,
2025-06-30,ETH,ETHE,0.0
2025-06-30,ETH,ETH,0.0
2025-06-30,ETH,Total,31.8
2025-07-01,ETH,ETHA,54.8
2025-07-01,ETH,ETHB,
2025-07-01,ETH,FETH,-24.1
2025-07-01,ETH,ETHW,0.0
2025-07-01,ETH,TETH,0.0
2025-07-01,ETH,ETHV,0.0
2025-07-01,ETH,QETH,0.0
2025-07-01,ETH,EZET,0.0
2025-07-01,ETH,MSSE,
2025-07-01,ETH,ETHE,10.0
2025-07-01,ETH,ETH,0.0
2025-07-01,ETH,Total,40.7
2025-07-02,ETH,ETHA,-46.9
2025-07-02,ETH,ETHB,
2025-07-02,ETH,FETH,25.8
2025-07-02,ETH,ETHW,8.3
2025-07-02,ETH,TETH,0.0
2025-07-02,ETH,ETHV,2.8
2025-07-02,ETH,QETH,0.0
2025-07-02,ETH,EZET,0.0
2025-07-02,ETH,MSSE,
2025-07-02,ETH,ETHE,0.0
2025-07-02,ETH,ETH,8.1
2025-07-02,ETH,Total,-1.9
2025-07-03,ETH,ETHA,85.4
2025-07-03,ETH,ETHB,
2025-07-03,ETH,FETH,64.6
2025-07-03,ETH,ETHW,0.0
2025-07-03,ETH,TETH,0.0
2025-07-03,ETH,ETHV,0.0
2025-07-03,ETH,QETH,0.0
2025-07-03,ETH,EZET,0.0
2025-07-03,ETH,MSSE,
2025-07-03,ETH,ETHE,-5.4
2025-07-03,ETH,ETH,3.9
2025-07-03,ETH,Total,148.5
2025-07-07,ETH,ETHA,53.2
2025-07-07,ETH,ETHB,
2025-07-07,ETH,FETH,8.9
2025-07-07,ETH,ETHW,0.0
2025-07-07,ETH,TETH,0.0
2025-07-07,ETH,ETHV,0.0
2025-07-07,ETH,QETH,0.0
2025-07-07,ETH,EZET,0.0
2025-07-07,ETH,MSSE,
2025-07-07,ETH,ETHE,0.0
2025-07-07,ETH,ETH,0.0
2025-07-07,ETH,Total,62.1
2025-07-08,ETH,ETHA,25.3
2025-07-08,ETH,ETHB,
2025-07-08,ETH,FETH,-0.7
2025-07-08,ETH,ETHW,4.9
2025-07-08,ETH,TETH,0.0
2025-07-08,ETH,ETHV,0.0
2025-07-08,ETH,QETH,0.0
2025-07-08,ETH,EZET,0.0
2025-07-08,ETH,MSSE,
2025-07-08,ETH,ETHE,7.9
2025-07-08,ETH,ETH,9.3
2025-07-08,ETH,Total,46.7
2025-07-09,ETH,ETHA,158.6
2025-07-09,ETH,ETHB,
2025-07-09,ETH,FETH,29.5
2025-07-09,ETH,ETHW,0.0
2025-07-09,ETH,TETH,0.0
2025-07-09,ETH,ETHV,0.0
2025-07-09,ETH,QETH,0.0
2025-07-09,ETH,EZET,5.2
2025-07-09,ETH,MSSE,
2025-07-09,ETH,ETHE,0.0
2025-07-09,ETH,ETH,18.0
2025-07-09,ETH,Total,211.3
2025-07-10,ETH,ETHA,300.9
2025-07-10,ETH,ETHB,
2025-07-10,ETH,FETH,37.3
2025-07-10,ETH,ETHW,3.2
2025-07-10,ETH,TETH,0.0
2025-07-10,ETH,ETHV,2.1
2025-07-10,ETH,QETH,0.0
2025-07-10,ETH,EZET,0.0
2025-07-10,ETH,MSSE,
2025-07-10,ETH,ETHE,18.9
2025-07-10,ETH,ETH,20.7
2025-07-10,ETH,Total,383.1
2025-07-11,ETH,ETHA,137.1
2025-07-11,ETH,ETHB,
2025-07-11,ETH,FETH,12.0
2025-07-11,ETH,ETHW,8.6
2025-07-11,ETH,TETH,5.1
2025-07-11,ETH,ETHV,6.6
2025-07-11,ETH,QETH,0.0
2025-07-11,ETH,EZET,0.0
2025-07-11,ETH,MSSE,
2025-07-11,ETH,ETHE,10.0
2025-07-11,ETH,ETH,25.5
2025-07-11,ETH,Total,204.9
2025-07-14,ETH,ETHA,151.4
2025-07-14,ETH,ETHB,
2025-07-14,ETH,FETH,31.4
2025-07-14,ETH,ETHW,11.2
2025-07-14,ETH,TETH,0.0
2025-07-14,ETH,ETHV,6.6
2025-07-14,ETH,QETH,0.0
2025-07-14,ETH,EZET,5.7
2025-07-14,ETH,MSSE,
2025-07-14,ETH,ETHE,8.9
2025-07-14,ETH,ETH,43.8
2025-07-14,ETH,Total,259.0
2025-07-15,ETH,ETHA,171.5
2025-07-15,ETH,ETHB,
2025-07-15,ETH,FETH,12.2
2025-07-15,ETH,ETHW,0.0
2025-07-15,ETH,TETH,0.0
2025-07-15,ETH,ETHV,0.0
2025-07-15,ETH,QETH,0.0
2025-07-15,ETH,EZET,0.0
2025-07-15,ETH,MSSE,
2025-07-15,ETH,ETHE,0.0
2025-07-15,ETH,ETH,8.6
2025-07-15,ETH,Total,192.3
2025-07-16,ETH,ETHA,499.2
2025-07-16,ETH,ETHB,
2025-07-16,ETH,FETH,113.3
2025-07-16,ETH,ETHW,14.4
2025-07-16,ETH,TETH,0.0
2025-07-16,ETH,ETHV,3.7
2025-07-16,ETH,QETH,3.7
2025-07-16,ETH,EZET,5.1
2025-07-16,ETH,MSSE,
2025-07-16,ETH,ETHE,33.0
2025-07-16,ETH,ETH,54.2
2025-07-16,ETH,Total,726.6
2025-07-17,ETH,ETHA,546.7
2025-07-17,ETH,ETHB,
2025-07-17,ETH,FETH,17.2
2025-07-17,ETH,ETHW,4.4
2025-07-17,ETH,TETH,3.8
2025-07-17,ETH,ETHV,0.0
2025-07-17,ETH,QETH,0.0
2025-07-17,ETH,EZET,0.0
2025-07-17,ETH,MSSE,
2025-07-17,ETH,ETHE,0.0
2025-07-17,ETH,ETH,29.9
2025-07-17,ETH,Total,602.0
2025-07-18,ETH,ETHA,394.9
2025-07-18,ETH,ETHB,
2025-07-18,ETH,FETH,-45.4
2025-07-18,ETH,ETHW,13.0
2025-07-18,ETH,TETH,0.0
2025-07-18,ETH,ETHV,2.6
2025-07-18,ETH,QETH,0.0
2025-07-18,ETH,EZET,0.0
2025-07-18,ETH,MSSE,
2025-07-18,ETH,ETHE,-27.9
2025-07-18,ETH,ETH,65.3
2025-07-18,ETH,Total,402.5
2025-07-21,ETH,ETHA,102.0
2025-07-21,ETH,ETHB,
2025-07-21,ETH,FETH,126.9
2025-07-21,ETH,ETHW,13.1
2025-07-21,ETH,TETH,-0.4
2025-07-21,ETH,ETHV,0.0
2025-07-21,ETH,QETH,0.0
2025-07-21,ETH,EZET,0.0
2025-07-21,ETH,MSSE,
2025-07-21,ETH,ETHE,0.0
2025-07-21,ETH,ETH,54.9
2025-07-21,ETH,Total,296.5
2025-07-22,ETH,ETHA,426.2
2025-07-22,ETH,ETHB,
2025-07-22,ETH,FETH,35.0
2025-07-22,ETH,ETHW,0.0
2025-07-22,ETH,TETH,0.0
2025-07-22,ETH,ETHV,0.0
2025-07-22,ETH,QETH,0.0
2025-07-22,ETH,EZET,0.0
2025-07-22,ETH,MSSE,
2025-07-22,ETH,ETHE,0.0
2025-07-22,ETH,ETH,72.6
2025-07-22,ETH,Total,533.8
2025-07-23,ETH,ETHA,324.6
2025-07-23,ETH,ETHB,
2025-07-23,ETH,FETH,3.6
2025-07-23,ETH,ETHW,0.0
2025-07-23,ETH,TETH,0.0
2025-07-23,ETH,ETHV,4.0
2025-07-23,ETH,QETH,0.0
2025-07-23,ETH,EZET,0.0
2025-07-23,ETH,MSSE,
2025-07-23,ETH,ETHE,0.0
2025-07-23,ETH,ETH,0.0
2025-07-23,ETH,Total,332.2
2025-07-24,ETH,ETHA,0.0
2025-07-24,ETH,ETHB,
2025-07-24,ETH,FETH,210.1
2025-07-24,ETH,ETHW,11.5
2025-07-24,ETH,TETH,0.0
2025-07-24,ETH,ETHV,0.0
2025-07-24,ETH,QETH,0.0
2025-07-24,ETH,EZET,2.8
2025-07-24,ETH,MSSE,
2025-07-24,ETH,ETHE,-18.5
2025-07-24,ETH,ETH,25.3
2025-07-24,ETH,Total,231.2
2025-07-25,ETH,ETHA,440.1
2025-07-25,ETH,ETHB,
2025-07-25,ETH,FETH,7.3
2025-07-25,ETH,ETHW,10.0
2025-07-25,ETH,TETH,0.0
2025-07-25,ETH,ETHV,0.0
2025-07-25,ETH,QETH,0.0
2025-07-25,ETH,EZET,0.0
2025-07-25,ETH,MSSE,
2025-07-25,ETH,ETHE,-23.5
2025-07-25,ETH,ETH,18.9
2025-07-25,ETH,Total,452.8
2025-07-28,ETH,ETHA,132.0
2025-07-28,ETH,ETHB,
2025-07-28,ETH,FETH,-49.2
2025-07-28,ETH,ETHW,0.0
2025-07-28,ETH,TETH,0.0
2025-07-28,ETH,ETHV,0.0
2025-07-28,ETH,QETH,0.0
2025-07-28,ETH,EZET,0.0
2025-07-28,ETH,MSSE,
2025-07-28,ETH,ETHE,-17.6
2025-07-28,ETH,ETH,0.0
2025-07-28,ETH,Total,65.2
2025-07-29,ETH,ETHA,223.7
2025-07-29,ETH,ETHB,
2025-07-29,ETH,FETH,0.0
2025-07-29,ETH,ETHW,0.0
2025-07-29,ETH,TETH,-5.1
2025-07-29,ETH,ETHV,0.0
2025-07-29,ETH,QETH,0.0
2025-07-29,ETH,EZET,0.0
2025-07-29,ETH,MSSE,
2025-07-29,ETH,ETHE,0.0
2025-07-29,ETH,ETH,0.0
2025-07-29,ETH,Total,218.6
2025-07-30,ETH,ETHA,20.3
2025-07-30,ETH,ETHB,
2025-07-30,ETH,FETH,-22.3
2025-07-30,ETH,ETHW,0.0
2025-07-30,ETH,TETH,0.0
2025-07-30,ETH,ETHV,0.0
2025-07-30,ETH,QETH,0.0
2025-07-30,ETH,EZET,0.0
2025-07-30,ETH,MSSE,
2025-07-30,ETH,ETHE,7.8
2025-07-30,ETH,ETH,0.0
2025-07-30,ETH,Total,5.8
2025-07-31,ETH,ETHA,18.2
2025-07-31,ETH,ETHB,
2025-07-31,ETH,FETH,5.6
2025-07-31,ETH,ETHW,0.0
2025-07-31,ETH,TETH,0.0
2025-07-31,ETH,ETHV,0.0
2025-07-31,ETH,QETH,0.0
2025-07-31,ETH,EZET,0.0
2025-07-31,ETH,MSSE,
2025-07-31,ETH,ETHE,-6.8
2025-07-31,ETH,ETH,0.0
2025-07-31,ETH,Total,17.0
2025-08-01,ETH,ETHA,0.0
2025-08-01,ETH,ETHB,
2025-08-01,ETH,FETH,-6.2
2025-08-01,ETH,ETHW,-40.3
2025-08-01,ETH,TETH,-1.9
2025-08-01,ETH,ETHV,-5.2
2025-08-01,ETH,QETH,-8.4
2025-08-01,ETH,EZET,-5.4
2025-08-01,ETH,MSSE,
2025-08-01,ETH,ETHE,-37.2
2025-08-01,ETH,ETH,-47.7
2025-08-01,ETH,Total,-152.3
2025-08-04,ETH,ETHA,-375.0
2025-08-04,ETH,ETHB,
2025-08-04,ETH,FETH,-55.1
2025-08-04,ETH,ETHW,0.0
2025-08-04,ETH,TETH,0.0
2025-08-04,ETH,ETHV,0.0
2025-08-04,ETH,QETH,0.0
2025-08-04,ETH,EZET,0.0
2025-08-04,ETH,MSSE,
2025-08-04,ETH,ETHE,-7.0
2025-08-04,ETH,ETH,-28.0
2025-08-04,ETH,Total,-465.1
2025-08-05,ETH,ETHA,88.8
2025-08-05,ETH,ETHB,
2025-08-05,ETH,FETH,0.0
2025-08-05,ETH,ETHW,0.0
2025-08-05,ETH,TETH,3.6
2025-08-05,ETH,ETHV,5.2
2025-08-05,ETH,QETH,0.0
2025-08-05,ETH,EZET,0.0
2025-08-05,ETH,MSSE,
2025-08-05,ETH,ETHE,-10.9
2025-08-05,ETH,ETH,-13.4
2025-08-05,ETH,Total,73.3
2025-08-06,ETH,ETHA,33.4
2025-08-06,ETH,ETHB,
2025-08-06,ETH,FETH,0.0
2025-08-06,ETH,ETHW,0.0
2025-08-06,ETH,TETH,0.4
2025-08-06,ETH,ETHV,0.0
2025-08-06,ETH,QETH,0.0
2025-08-06,ETH,EZET,0.0
2025-08-06,ETH,MSSE,
2025-08-06,ETH,ETHE,10.0
2025-08-06,ETH,ETH,-8.7
2025-08-06,ETH,Total,35.1
2025-08-07,ETH,ETHA,103.5
2025-08-07,ETH,ETHB,
2025-08-07,ETH,FETH,31.8
2025-08-07,ETH,ETHW,24.8
2025-08-07,ETH,TETH,0.0
2025-08-07,ETH,ETHV,7.0
2025-08-07,ETH,QETH,3.9
2025-08-07,ETH,EZET,5.8
2025-08-07,ETH,MSSE,
2025-08-07,ETH,ETHE,10.9
2025-08-07,ETH,ETH,34.6
2025-08-07,ETH,Total,222.3
2025-08-08,ETH,ETHA,254.7
2025-08-08,ETH,ETHB,
2025-08-08,ETH,FETH,132.3
2025-08-08,ETH,ETHW,7.8
2025-08-08,ETH,TETH,0.0
2025-08-08,ETH,ETHV,0.0
2025-08-08,ETH,QETH,1.2
2025-08-08,ETH,EZET,0.0
2025-08-08,ETH,MSSE,
2025-08-08,ETH,ETHE,26.8
2025-08-08,ETH,ETH,38.2
2025-08-08,ETH,Total,461.0
2025-08-11,ETH,ETHA,639.8
2025-08-11,ETH,ETHB,
2025-08-11,ETH,FETH,276.9
2025-08-11,ETH,ETHW,4.3
2025-08-11,ETH,TETH,3.9
2025-08-11,ETH,ETHV,9.4
2025-08-11,ETH,QETH,0.0
2025-08-11,ETH,EZET,4.9
2025-08-11,ETH,MSSE,
2025-08-11,ETH,ETHE,13.0
2025-08-11,ETH,ETH,66.6
2025-08-11,ETH,Total,1018.8
2025-08-12,ETH,ETHA,318.7
2025-08-12,ETH,ETHB,
2025-08-12,ETH,FETH,144.9
2025-08-12,ETH,ETHW,0.0
2025-08-12,ETH,TETH,1.8
2025-08-12,ETH,ETHV,4.9
2025-08-12,ETH,QETH,0.0
2025-08-12,ETH,EZET,0.0
2025-08-12,ETH,MSSE,
2025-08-12,ETH,ETHE,9.3
2025-08-12,ETH,ETH,44.3
2025-08-12,ETH,Total,523.9
2025-08-13,ETH,ETHA,500.9
2025-08-13,ETH,ETHB,
2025-08-13,ETH,FETH,154.7
2025-08-13,ETH,ETHW,10.8
2025-08-13,ETH,TETH,0.0
2025-08-13,ETH,ETHV,0.0
2025-08-13,ETH,QETH,0.0
2025-08-13,ETH,EZET,3.6
2025-08-13,ETH,MSSE,
2025-08-13,ETH,ETHE,7.8
2025-08-13,ETH,ETH,51.3
2025-08-13,ETH,Total,729.1
2025-08-14,ETH,ETHA,519.7
2025-08-14,ETH,ETHB,
2025-08-14,ETH,FETH,56.9
2025-08-14,ETH,ETHW,0.0
2025-08-14,ETH,TETH,0.0
2025-08-14,ETH,ETHV,0.0
2025-08-14,ETH,QETH,2.3
2025-08-14,ETH,EZET,0.0
2025-08-14,ETH,MSSE,
2025-08-14,ETH,ETHE,0.0
2025-08-14,ETH,ETH,60.7
2025-08-14,ETH,Total,639.6
2025-08-15,ETH,ETHA,338.1
2025-08-15,ETH,ETHB,
2025-08-15,ETH,FETH,-272.2
2025-08-15,ETH,ETHW,-15.8
2025-08-15,ETH,TETH,-4.4
2025-08-15,ETH,ETHV,0.0
2025-08-15,ETH,QETH,0.0
2025-08-15,ETH,EZET,0.0
2025-08-15,ETH,MSSE,
2025-08-15,ETH,ETHE,-101.7
2025-08-15,ETH,ETH,-3.3
2025-08-15,ETH,Total,-59.3
2025-08-18,ETH,ETHA,-87.2
2025-08-18,ETH,ETHB,
2025-08-18,ETH,FETH,-78.4
2025-08-18,ETH,ETHW,-0.9
2025-08-18,ETH,TETH,0.0
2025-08-18,ETH,ETHV,-4.8
2025-08-18,ETH,QETH,0.0
2025-08-18,ETH,EZET,-6.6
2025-08-18,ETH,MSSE,
2025-08-18,ETH,ETHE,-18.7
2025-08-18,ETH,ETH,0.0
2025-08-18,ETH,Total,-196.6
2025-08-19,ETH,ETHA,-6.3
2025-08-19,ETH,ETHB,
2025-08-19,ETH,FETH,-156.3
2025-08-19,ETH,ETHW,-39.8
2025-08-19,ETH,TETH,0.0
2025-08-19,ETH,ETHV,-3.0
2025-08-19,ETH,QETH,-7.4
2025-08-19,ETH,EZET,-6.3
2025-08-19,ETH,MSSE,
2025-08-19,ETH,ETHE,-122.0
2025-08-19,ETH,ETH,-88.5
2025-08-19,ETH,Total,-429.6
2025-08-20,ETH,ETHA,-257.8
2025-08-20,ETH,ETHB,
2025-08-20,ETH,FETH,8.6
2025-08-20,ETH,ETHW,0.0
2025-08-20,ETH,TETH,0.0
2025-08-20,ETH,ETHV,0.0
2025-08-20,ETH,QETH,0.0
2025-08-20,ETH,EZET,0.0
2025-08-20,ETH,MSSE,
2025-08-20,ETH,ETHE,0.0
2025-08-20,ETH,ETH,9.0
2025-08-20,ETH,Total,-240.2
2025-08-21,ETH,ETHA,233.6
2025-08-21,ETH,ETHB,
2025-08-21,ETH,FETH,28.5
2025-08-21,ETH,ETHW,7.0
2025-08-21,ETH,TETH,0.0
2025-08-21,ETH,ETHV,6.2
2025-08-21,ETH,QETH,0.0
2025-08-21,ETH,EZET,0.0
2025-08-21,ETH,MSSE,
2025-08-21,ETH,ETHE,5.9
2025-08-21,ETH,ETH,6.4
2025-08-21,ETH,Total,287.6
2025-08-22,ETH,ETHA,109.4
2025-08-22,ETH,ETHB,
2025-08-22,ETH,FETH,117.9
2025-08-22,ETH,ETHW,36.3
2025-08-22,ETH,TETH,0.0
2025-08-22,ETH,ETHV,3.5
2025-08-22,ETH,QETH,0.0
2025-08-22,ETH,EZET,5.5
2025-08-22,ETH,MSSE,
2025-08-22,ETH,ETHE,45.9
2025-08-22,ETH,ETH,22.7
2025-08-22,ETH,Total,341.2
2025-08-25,ETH,ETHA,314.9
2025-08-25,ETH,ETHB,
2025-08-25,ETH,FETH,87.4
2025-08-25,ETH,ETHW,9.7
2025-08-25,ETH,TETH,5.6
2025-08-25,ETH,ETHV,0.0
2025-08-25,ETH,QETH,2.2
2025-08-25,ETH,EZET,0.0
2025-08-25,ETH,MSSE,
2025-08-25,ETH,ETHE,-29.2
2025-08-25,ETH,ETH,53.3
2025-08-25,ETH,Total,443.9
2025-08-26,ETH,ETHA,323.1
2025-08-26,ETH,ETHB,
2025-08-26,ETH,FETH,85.5
2025-08-26,ETH,ETHW,0.0
2025-08-26,ETH,TETH,0.0
2025-08-26,ETH,ETHV,0.0
2025-08-26,ETH,QETH,0.0
2025-08-26,ETH,EZET,0.0
2025-08-26,ETH,MSSE,
2025-08-26,ETH,ETHE,5.3
2025-08-26,ETH,ETH,41.1
2025-08-26,ETH,Total,455.0
2025-08-27,ETH,ETHA,262.6
2025-08-27,ETH,ETHB,
2025-08-27,ETH,FETH,20.5
2025-08-27,ETH,ETHW,0.0
2025-08-27,ETH,TETH,2.3
2025-08-27,ETH,ETHV,3.3
2025-08-27,ETH,QETH,0.0
2025-08-27,ETH,EZET,0.0
2025-08-27,ETH,MSSE,
2025-08-27,ETH,ETHE,5.7
2025-08-27,ETH,ETH,15.1
2025-08-27,ETH,Total,309.5
2025-08-28,ETH,ETHA,67.6
2025-08-28,ETH,ETHB,
2025-08-28,ETH,FETH,-33.5
2025-08-28,ETH,ETHW,-1.3
2025-08-28,ETH,TETH,0.0
2025-08-28,ETH,ETHV,0.0
2025-08-28,ETH,QETH,0.0
2025-08-28,ETH,EZET,0.0
2025-08-28,ETH,MSSE,
2025-08-28,ETH,ETHE,0.0
2025-08-28,ETH,ETH,6.3
2025-08-28,ETH,Total,39.1
2025-08-29,ETH,ETHA,0.0
2025-08-29,ETH,ETHB,
2025-08-29,ETH,FETH,-51.0
2025-08-29,ETH,ETHW,-23.7
2025-08-29,ETH,TETH,0.0
2025-08-29,ETH,ETHV,0.0
2025-08-29,ETH,QETH,0.0
2025-08-29,ETH,EZET,0.0
2025-08-29,ETH,MSSE,
2025-08-29,ETH,ETHE,-28.6
2025-08-29,ETH,ETH,-61.3
2025-08-29,ETH,Total,-164.6
2025-09-02,ETH,ETHA,0.0
2025-09-02,ETH,ETHB,
2025-09-02,ETH,FETH,-99.2
2025-09-02,ETH,ETHW,-24.2
2025-09-02,ETH,TETH,-6.6
2025-09-02,ETH,ETHV,0.0
2025-09-02,ETH,QETH,0.0
2025-09-02,ETH,EZET,0.0
2025-09-02,ETH,MSSE,
2025-09-02,ETH,ETHE,-5.3
2025-09-02,ETH,ETH,0.0
2025-09-02,ETH,Total,-135.3
2025-09-03,ETH,ETHA,-151.4
2025-09-03,ETH,ETHB,
2025-09-03,ETH,FETH,65.8
2025-09-03,ETH,ETHW,20.8
2025-09-03,ETH,TETH,0.0
2025-09-03,ETH,ETHV,0.0
2025-09-03,ETH,QETH,0.0
2025-09-03,ETH,EZET,0.0
2025-09-03,ETH,MSSE,
2025-09-03,ETH,ETHE,0.0
2025-09-03,ETH,ETH,26.6
2025-09-03,ETH,Total,-38.2
2025-09-04,ETH,ETHA,148.8
2025-09-04,ETH,ETHB,
2025-09-04,ETH,FETH,-216.7
2025-09-04,ETH,ETHW,-45.7
2025-09-04,ETH,TETH,0.0
2025-09-04,ETH,ETHV,-17.2
2025-09-04,ETH,QETH,-2.1
2025-09-04,ETH,EZET,-1.6
2025-09-04,ETH,MSSE,
2025-09-04,ETH,ETHE,-26.4
2025-09-04,ETH,ETH,-6.4
2025-09-04,ETH,Total,-167.3
2025-09-05,ETH,ETHA,-309.9
2025-09-05,ETH,ETHB,
2025-09-05,ETH,FETH,-37.8
2025-09-05,ETH,ETHW,0.0
2025-09-05,ETH,TETH,-14.7
2025-09-05,ETH,ETHV,0.0
2025-09-05,ETH,QETH,0.0
2025-09-05,ETH,EZET,0.0
2025-09-05,ETH,MSSE,
2025-09-05,ETH,ETHE,-51.8
2025-09-05,ETH,ETH,-32.6
2025-09-05,ETH,Total,-446.8
2025-09-08,ETH,ETHA,-192.7
2025-09-08,ETH,ETHB,
2025-09-08,ETH,FETH,75.2
2025-09-08,ETH,ETHW,0.0
2025-09-08,ETH,TETH,0.0
2025-09-08,ETH,ETHV,0.0
2025-09-08,ETH,QETH,0.0
2025-09-08,ETH,EZET,0.0
2025-09-08,ETH,MSSE,
2025-09-08,ETH,ETHE,9.5
2025-09-08,ETH,ETH,11.3
2025-09-08,ETH,Total,-96.7
2025-09-09,ETH,ETHA,44.2
2025-09-09,ETH,ETHB,
2025-09-09,ETH,FETH,0.0
2025-09-09,ETH,ETHW,0.0
2025-09-09,ETH,TETH,0.0
2025-09-09,ETH,ETHV,0.0
2025-09-09,ETH,QETH,0.0
2025-09-09,ETH,EZET,0.0
2025-09-09,ETH,MSSE,
2025-09-09,ETH,ETHE,0.0
2025-09-09,ETH,ETH,0.0
2025-09-09,ETH,Total,44.2
2025-09-10,ETH,ETHA,74.5
2025-09-10,ETH,ETHB,
2025-09-10,ETH,FETH,49.5
2025-09-10,ETH,ETHW,8.4
2025-09-10,ETH,TETH,7.1
2025-09-10,ETH,ETHV,11.1
2025-09-10,ETH,QETH,4.3
2025-09-10,ETH,EZET,0.0
2025-09-10,ETH,MSSE,
2025-09-10,ETH,ETHE,8.9
2025-09-10,ETH,ETH,7.7
2025-09-10,ETH,Total,171.5
2025-09-11,ETH,ETHA,-17.4
2025-09-11,ETH,ETHB,
2025-09-11,ETH,FETH,88.3
2025-09-11,ETH,ETHW,19.6
2025-09-11,ETH,TETH,0.0
2025-09-11,ETH,ETHV,0.0
2025-09-11,ETH,QETH,0.0
2025-09-11,ETH,EZET,3.4
2025-09-11,ETH,MSSE,
2025-09-11,ETH,ETHE,14.6
2025-09-11,ETH,ETH,4.6
2025-09-11,ETH,Total,113.1
2025-09-12,ETH,ETHA,165.6
2025-09-12,ETH,ETHB,
2025-09-12,ETH,FETH,168.2
2025-09-12,ETH,ETHW,16.6
2025-09-12,ETH,TETH,6.9
2025-09-12,ETH,ETHV,6.8
2025-09-12,ETH,QETH,0.0
2025-09-12,ETH,EZET,0.0
2025-09-12,ETH,MSSE,
2025-09-12,ETH,ETHE,23.8
2025-09-12,ETH,ETH,17.6
2025-09-12,ETH,Total,405.5
2025-09-15,ETH,ETHA,363.2
2025-09-15,ETH,ETHB,
2025-09-15,ETH,FETH,-13.5
2025-09-15,ETH,ETHW,0.0
2025-09-15,ETH,TETH,0.0
2025-09-15,ETH,ETHV,0.0
2025-09-15,ETH,QETH,0.0
2025-09-15,ETH,EZET,0.0
2025-09-15,ETH,MSSE,
2025-09-15,ETH,ETHE,10.0
2025-09-15,ETH,ETH,0.0
2025-09-15,ETH,Total,359.7
2025-09-16,ETH,ETHA,-20.3
2025-09-16,ETH,ETHB,
2025-09-16,ETH,FETH,-48.1
2025-09-16,ETH,ETHW,6.7
2025-09-16,ETH,TETH,0.0
2025-09-16,ETH,ETHV,0.0
2025-09-16,ETH,QETH,0.0
2025-09-16,ETH,EZET,0.0
2025-09-16,ETH,MSSE,
2025-09-16,ETH,ETHE,0.0
2025-09-16,ETH,ETH,0.0
2025-09-16,ETH,Total,-61.7
2025-09-17,ETH,ETHA,25.9
2025-09-17,ETH,ETHB,
2025-09-17,ETH,FETH,-29.2
2025-09-17,ETH,ETHW,-9.7
2025-09-17,ETH,TETH,2.0
2025-09-17,ETH,ETHV,0.0
2025-09-17,ETH,QETH,2.7
2025-09-17,ETH,EZET,0.0
2025-09-17,ETH,MSSE,
2025-09-17,ETH,ETHE,0.0
2025-09-17,ETH,ETH,6.4
2025-09-17,ETH,Total,-1.9
2025-09-18,ETH,ETHA,0.0
2025-09-18,ETH,ETHB,
2025-09-18,ETH,FETH,159.4
2025-09-18,ETH,ETHW,17.5
2025-09-18,ETH,TETH,0.0
2025-09-18,ETH,ETHV,0.0
2025-09-18,ETH,QETH,0.0
2025-09-18,ETH,EZET,3.5
2025-09-18,ETH,MSSE,
2025-09-18,ETH,ETHE,9.8
2025-09-18,ETH,ETH,22.9
2025-09-18,ETH,Total,213.1
2025-09-19,ETH,ETHA,144.3
2025-09-19,ETH,ETHB,
2025-09-19,ETH,FETH,-53.4
2025-09-19,ETH,ETHW,-7.0
2025-09-19,ETH,TETH,-6.0
2025-09-19,ETH,ETHV,-8.2
2025-09-19,ETH,QETH,-4.4
2025-09-19,ETH,EZET,0.0
2025-09-19,ETH,MSSE,
2025-09-19,ETH,ETHE,-6.2
2025-09-19,ETH,ETH,-11.3
2025-09-19,ETH,Total,47.8
2025-09-22,ETH,ETHA,-15.1
2025-09-22,ETH,ETHB,
2025-09-22,ETH,FETH,-33.1
2025-09-22,ETH,ETHW,-22.3
2025-09-22,ETH,TETH,0.0
2025-09-22,ETH,ETHV,0.0
2025-09-22,ETH,QETH,0.0
2025-09-22,ETH,EZET,0.0
2025-09-22,ETH,MSSE,
2025-09-22,ETH,ETHE,0.0
2025-09-22,ETH,ETH,-5.5
2025-09-22,ETH,Total,-76.0
2025-09-23,ETH,ETHA,0.0
2025-09-23,ETH,ETHB,
2025-09-23,ETH,FETH,-63.4
2025-09-23,ETH,ETHW,-23.9
2025-09-23,ETH,TETH,0.0
2025-09-23,ETH,ETHV,0.0
2025-09-23,ETH,QETH,0.0
2025-09-23,ETH,EZET,0.0
2025-09-23,ETH,MSSE,
2025-09-23,ETH,ETHE,-17.1
2025-09-23,ETH,ETH,-36.4
2025-09-23,ETH,Total,-140.8
2025-09-24,ETH,ETHA,-26.5
2025-09-24,ETH,ETHB,
2025-09-24,ETH,FETH,-33.3
2025-09-24,ETH,ETHW,-4.5
2025-09-24,ETH,TETH,-6.2
2025-09-24,ETH,ETHV,0.0
2025-09-24,ETH,QETH,0.0
2025-09-24,ETH,EZET,0.0
2025-09-24,ETH,MSSE,
2025-09-24,ETH,ETHE,-8.9
2025-09-24,ETH,ETH,0.0
2025-09-24,ETH,Total,-79.4
2025-09-25,ETH,ETHA,0.0
2025-09-25,ETH,ETHB,
2025-09-25,ETH,FETH,-158.1
2025-09-25,ETH,ETHW,-27.6
2025-09-25,ETH,TETH,-2.4
2025-09-25,ETH,ETHV,-1.4
2025-09-25,ETH,QETH,-2.3
2025-09-25,ETH,EZET,-3.0
2025-09-25,ETH,MSSE,
2025-09-25,ETH,ETHE,-30.3
2025-09-25,ETH,ETH,-26.1
2025-09-25,ETH,Total,-251.2
2025-09-26,ETH,ETHA,-199.9
2025-09-26,ETH,ETHB,
2025-09-26,ETH,FETH,-74.4
2025-09-26,ETH,ETHW,0.0
2025-09-26,ETH,TETH,8.0
2025-09-26,ETH,ETHV,0.0
2025-09-26,ETH,QETH,0.0
2025-09-26,ETH,EZET,0.0
2025-09-26,ETH,MSSE,
2025-09-26,ETH,ETHE,17.9
2025-09-26,ETH,ETH,0.0
2025-09-26,ETH,Total,-248.4
2025-09-29,ETH,ETHA,154.2
2025-09-29,ETH,ETHB,
2025-09-29,ETH,FETH,202.2
2025-09-29,ETH,ETHW,36.5
2025-09-29,ETH,TETH,3.1
2025-09-29,ETH,ETHV,15.3
2025-09-29,ETH,QETH,6.7
2025-09-29,ETH,EZET,6.3
2025-09-29,ETH,MSSE,
2025-09-29,ETH,ETHE,22.8
2025-09-29,ETH,ETH,99.8
2025-09-29,ETH,Total,546.9
2025-09-30,ETH,ETHA,127.5
2025-09-30,ETH,ETHB,
2025-09-30,ETH,FETH,0.0
2025-09-30,ETH,ETHW,0.0
2025-09-30,ETH,TETH,0.0
2025-09-30,ETH,ETHV,0.0
2025-09-30,ETH,QETH,0.0
2025-09-30,ETH,EZET,0.0
2025-09-30,ETH,MSSE,
2025-09-30,ETH,ETHE,0.0
2025-09-30,ETH,ETH,0.0
2025-09-30,ETH,Total,127.5
2025-10-01,ETH,ETHA,26.2
2025-10-01,ETH,ETHB,
2025-10-01,ETH,FETH,36.8
2025-10-01,ETH,ETHW,0.0
2025-10-01,ETH,TETH,0.0
2025-10-01,ETH,ETHV,0.0
2025-10-01,ETH,QETH,0.0
2025-10-01,ETH,EZET,0.0
2025-10-01,ETH,MSSE,
2025-10-01,ETH,ETHE,3.6
2025-10-01,ETH,ETH,14.3
2025-10-01,ETH,Total,80.9
2025-10-02,ETH,ETHA,177.1
2025-10-02,ETH,ETHB,
2025-10-02,ETH,FETH,60.7
2025-10-02,ETH,ETHW,46.5
2025-10-02,ETH,TETH,2.7
2025-10-02,ETH,ETHV,3.3
2025-10-02,ETH,QETH,0.0
2025-10-02,ETH,EZET,0.0
2025-10-02,ETH,MSSE,
2025-10-02,ETH,ETHE,4.1
2025-10-02,ETH,ETH,12.7
2025-10-02,ETH,Total,307.1
2025-10-03,ETH,ETHA,206.7
2025-10-03,ETH,ETHB,
2025-10-03,ETH,FETH,5.6
2025-10-03,ETH,ETHW,0.0
2025-10-03,ETH,TETH,0.0
2025-10-03,ETH,ETHV,3.3
2025-10-03,ETH,QETH,0.0
2025-10-03,ETH,EZET,0.0
2025-10-03,ETH,MSSE,
2025-10-03,ETH,ETHE,0.0
2025-10-03,ETH,ETH,17.9
2025-10-03,ETH,Total,233.5
2025-10-06,ETH,ETHA,92.6
2025-10-06,ETH,ETHB,
2025-10-06,ETH,FETH,23.5
2025-10-06,ETH,ETHW,27.0
2025-10-06,ETH,TETH,0.0
2025-10-06,ETH,ETHV,5.2
2025-10-06,ETH,QETH,0.0
2025-10-06,ETH,EZET,0.0
2025-10-06,ETH,MSSE,
2025-10-06,ETH,ETHE,14.8
2025-10-06,ETH,ETH,18.7
2025-10-06,ETH,Total,181.8
2025-10-07,ETH,ETHA,437.5
2025-10-07,ETH,ETHB,
2025-10-07,ETH,FETH,-25.7
2025-10-07,ETH,ETHW,0.0
2025-10-07,ETH,TETH,3.6
2025-10-07,ETH,ETHV,0.0
2025-10-07,ETH,QETH,0.0
2025-10-07,ETH,EZET,0.0
2025-10-07,ETH,MSSE,
2025-10-07,ETH,ETHE,0.0
2025-10-07,ETH,ETH,5.5
2025-10-07,ETH,Total,420.9
2025-10-08,ETH,ETHA,148.9
2025-10-08,ETH,ETHB,
2025-10-08,ETH,FETH,-63.1
2025-10-08,ETH,ETHW,0.0
2025-10-08,ETH,TETH,0.0
2025-10-08,ETH,ETHV,0.0
2025-10-08,ETH,QETH,0.0
2025-10-08,ETH,EZET,0.0
2025-10-08,ETH,MSSE,
2025-10-08,ETH,ETHE,-16.7
2025-10-08,ETH,ETH,0.0
2025-10-08,ETH,Total,69.1
2025-10-09,ETH,ETHA,39.3
2025-10-09,ETH,ETHB,
2025-10-09,ETH,FETH,-30.3
2025-10-09,ETH,ETHW,-8.1
2025-10-09,ETH,TETH,-2.6
2025-10-09,ETH,ETHV,-4.8
2025-10-09,ETH,QETH,-2.2
2025-10-09,ETH,EZET,0.0
2025-10-09,ETH,MSSE,
2025-10-09,ETH,ETHE,0.0
2025-10-09,ETH,ETH,0.0
2025-10-09,ETH,Total,-8.7
2025-10-10,ETH,ETHA,-80.2
2025-10-10,ETH,ETHB,
2025-10-10,ETH,FETH,-30.1
2025-10-10,ETH,ETHW,-21.6
2025-10-10,ETH,TETH,0.0
2025-10-10,ETH,ETHV,0.0
2025-10-10,ETH,QETH,0.0
2025-10-10,ETH,EZET,0.0
2025-10-10,ETH,MSSE,
2025-10-10,ETH,ETHE,-30.6
2025-10-10,ETH,ETH,-12.4
2025-10-10,ETH,Total,-174.9
2025-10-13,ETH,ETHA,-310.1
2025-10-13,ETH,ETHB,
2025-10-13,ETH,FETH,-19.1
2025-10-13,ETH,ETHW,-12.8
2025-10-13,ETH,TETH,0.0
2025-10-13,ETH,ETHV,-9.3
2025-10-13,ETH,QETH,0.0
2025-10-13,ETH,EZET,-6.5
2025-10-13,ETH,MSSE,
2025-10-13,ETH,ETHE,-21.0
2025-10-13,ETH,ETH,-49.7
2025-10-13,ETH,Total,-428.5
2025-10-14,ETH,ETHA,0.0
2025-10-14,ETH,ETHB,
2025-10-14,ETH,FETH,154.6
2025-10-14,ETH,ETHW,13.3
2025-10-14,ETH,TETH,0.0
2025-10-14,ETH,ETHV,10.5
2025-10-14,ETH,QETH,0.0
2025-10-14,ETH,EZET,7.8
2025-10-14,ETH,MSSE,
2025-10-14,ETH,ETHE,15.2
2025-10-14,ETH,ETH,34.8
2025-10-14,ETH,Total,236.2
2025-10-15,ETH,ETHA,164.3
2025-10-15,ETH,ETHB,
2025-10-15,ETH,FETH,1.0
2025-10-15,ETH,ETHW,12.3
2025-10-15,ETH,TETH,-8.0
2025-10-15,ETH,ETHV,0.0
2025-10-15,ETH,QETH,0.0
2025-10-15,ETH,EZET,0.0
2025-10-15,ETH,MSSE,
2025-10-15,ETH,ETHE,0.0
2025-10-15,ETH,ETH,0.0
2025-10-15,ETH,Total,169.6
2025-10-16,ETH,ETHA,46.9
2025-10-16,ETH,ETHB,
2025-10-16,ETH,FETH,-11.6
2025-10-16,ETH,ETHW,-15.8
2025-10-16,ETH,TETH,0.0
2025-10-16,ETH,ETHV,0.0
2025-10-16,ETH,QETH,0.0
2025-10-16,ETH,EZET,-2.9
2025-10-16,ETH,MSSE,
2025-10-16,ETH,ETHE,-69.0
2025-10-16,ETH,ETH,-4.4
2025-10-16,ETH,Total,-56.8
2025-10-17,ETH,ETHA,-146.1
2025-10-17,ETH,ETHB,
2025-10-17,ETH,FETH,-30.6
2025-10-17,ETH,ETHW,-20.6
2025-10-17,ETH,TETH,0.0
2025-10-17,ETH,ETHV,-4.2
2025-10-17,ETH,QETH,0.0
2025-10-17,ETH,EZET,0.0
2025-10-17,ETH,MSSE,
2025-10-17,ETH,ETHE,-26.1
2025-10-17,ETH,ETH,-4.7
2025-10-17,ETH,Total,-232.3
2025-10-20,ETH,ETHA,-117.9
2025-10-20,ETH,ETHB,
2025-10-20,ETH,FETH,-27.8
2025-10-20,ETH,ETHW,0.0
2025-10-20,ETH,TETH,0.0
2025-10-20,ETH,ETHV,0.0
2025-10-20,ETH,QETH,0.0
2025-10-20,ETH,EZET,0.0
2025-10-20,ETH,MSSE,
2025-10-20,ETH,ETHE,0.0
2025-10-20,ETH,ETH,0.0
2025-10-20,ETH,Total,-145.7
2025-10-21,ETH,ETHA,42.5
2025-10-21,ETH,ETHB,
2025-10-21,ETH,FETH,59.1
2025-10-21,ETH,ETHW,0.0
2025-10-21,ETH,TETH,0.0
2025-10-21,ETH,ETHV,4.4
2025-10-21,ETH,QETH,0.0
2025-10-21,ETH,EZET,0.0
2025-10-21,ETH,MSSE,
2025-10-21,ETH,ETHE,13.1
2025-10-21,ETH,ETH,22.6
2025-10-21,ETH,Total,141.7
2025-10-22,ETH,ETHA,110.7
2025-10-22,ETH,ETHB,
2025-10-22,ETH,FETH,-49.5
2025-10-22,ETH,ETHW,0.0
2025-10-22,ETH,TETH,0.0
2025-10-22,ETH,ETHV,0.0
2025-10-22,ETH,QETH,0.0
2025-10-22,ETH,EZET,0.0
2025-10-22,ETH,MSSE,
2025-10-22,ETH,ETHE,-33.5
2025-10-22,ETH,ETH,-46.6
2025-10-22,ETH,Total,-18.9
2025-10-23,ETH,ETHA,-23.4
2025-10-23,ETH,ETHB,
2025-10-23,ETH,FETH,-77.0
2025-10-23,ETH,ETHW,-8.8
2025-10-23,ETH,TETH,0.0
2025-10-23,ETH,ETHV,-5.6
2025-10-23,ETH,QETH,0.0
2025-10-23,ETH,EZET,0.0
2025-10-23,ETH,MSSE,
2025-10-23,ETH,ETHE,-5.7
2025-10-23,ETH,ETH,-6.9
2025-10-23,ETH,Total,-127.4
2025-10-24,ETH,ETHA,-101.0
2025-10-24,ETH,ETHB,
2025-10-24,ETH,FETH,0.0
2025-10-24,ETH,ETHW,0.0
2025-10-24,ETH,TETH,0.0
2025-10-24,ETH,ETHV,0.0
2025-10-24,ETH,QETH,0.0
2025-10-24,ETH,EZET,0.0
2025-10-24,ETH,MSSE,
2025-10-24,ETH,ETHE,0.0
2025-10-24,ETH,ETH,7.4
2025-10-24,ETH,Total,-93.6
2025-10-27,ETH,ETHA,72.5
2025-10-27,ETH,ETHB,
2025-10-27,ETH,FETH,11.5
2025-10-27,ETH,ETHW,22.6
2025-10-27,ETH,TETH,0.0
2025-10-27,ETH,ETHV,4.6
2025-10-27,ETH,QETH,0.0
2025-10-27,ETH,EZET,0.0
2025-10-27,ETH,MSSE,
2025-10-27,ETH,ETHE,6.9
2025-10-27,ETH,ETH,15.8
2025-10-27,ETH,Total,133.9
2025-10-28,ETH,ETHA,76.4
2025-10-28,ETH,ETHB,
2025-10-28,ETH,FETH,99.3
2025-10-28,ETH,ETHW,0.0
2025-10-28,ETH,TETH,0.0
2025-10-28,ETH,ETHV,0.0
2025-10-28,ETH,QETH,0.0
2025-10-28,ETH,EZET,0.0
2025-10-28,ETH,MSSE,
2025-10-28,ETH,ETHE,-2.7
2025-10-28,ETH,ETH,73.0
2025-10-28,ETH,Total,246.0
2025-10-29,ETH,ETHA,21.4
2025-10-29,ETH,ETHB,
2025-10-29,ETH,FETH,-69.5
2025-10-29,ETH,ETHW,0.0
2025-10-29,ETH,TETH,0.0
2025-10-29,ETH,ETHV,-4.3
2025-10-29,ETH,QETH,0.0
2025-10-29,ETH,EZET,0.0
2025-10-29,ETH,MSSE,
2025-10-29,ETH,ETHE,-12.8
2025-10-29,ETH,ETH,-16.2
2025-10-29,ETH,Total,-81.4
2025-10-30,ETH,ETHA,-118.0
2025-10-30,ETH,ETHB,
2025-10-30,ETH,FETH,-18.5
2025-10-30,ETH,ETHW,-31.1
2025-10-30,ETH,TETH,-3.2
2025-10-30,ETH,ETHV,-2.7
2025-10-30,ETH,QETH,-2.0
2025-10-30,ETH,EZET,-4.2
2025-10-30,ETH,MSSE,
2025-10-30,ETH,ETHE,0.0
2025-10-30,ETH,ETH,-4.5
2025-10-30,ETH,Total,-184.2
2025-10-31,ETH,ETHA,-38.6
2025-10-31,ETH,ETHB,
2025-10-31,ETH,FETH,-27.1
2025-10-31,ETH,ETHW,-6.7
2025-10-31,ETH,TETH,0.0
2025-10-31,ETH,ETHV,0.0
2025-10-31,ETH,QETH,0.0
2025-10-31,ETH,EZET,0.0
2025-10-31,ETH,MSSE,
2025-10-31,ETH,ETHE,-13.7
2025-10-31,ETH,ETH,-12.1
2025-10-31,ETH,Total,-98.2
2025-11-03,ETH,ETHA,-81.7
2025-11-03,ETH,ETHB,
2025-11-03,ETH,FETH,-25.1
2025-11-03,ETH,ETHW,-6.2
2025-11-03,ETH,TETH,0.0
2025-11-03,ETH,ETHV,-2.6
2025-11-03,ETH,QETH,0.0
2025-11-03,ETH,EZET,0.0
2025-11-03,ETH,MSSE,
2025-11-03,ETH,ETHE,-15.0
2025-11-03,ETH,ETH,-5.1
2025-11-03,ETH,Total,-135.7
2025-11-04,ETH,ETHA,-111.1
2025-11-04,ETH,ETHB,
2025-11-04,ETH,FETH,-19.9
2025-11-04,ETH,ETHW,0.0
2025-11-04,ETH,TETH,0.0
2025-11-04,ETH,ETHV,0.0
2025-11-04,ETH,QETH,0.0
2025-11-04,ETH,EZET,0.0
2025-11-04,ETH,MSSE,
2025-11-04,ETH,ETHE,-19.8
2025-11-04,ETH,ETH,-68.6
2025-11-04,ETH,Total,-219.4
2025-11-05,ETH,ETHA,-146.6
2025-11-05,ETH,ETHB,
2025-11-05,ETH,FETH,3.5
2025-11-05,ETH,ETHW,0.0
2025-11-05,ETH,TETH,0.5
2025-11-05,ETH,ETHV,0.0
2025-11-05,ETH,QETH,0.0
2025-11-05,ETH,EZET,0.0
2025-11-05,ETH,MSSE,
2025-11-05,ETH,ETHE,0.0
2025-11-05,ETH,ETH,24.1
2025-11-05,ETH,Total,-118.5
2025-11-06,ETH,ETHA,8.0
2025-11-06,ETH,ETHB,
2025-11-06,ETH,FETH,4.9
2025-11-06,ETH,ETHW,3.1
2025-11-06,ETH,TETH,0.0
2025-11-06,ETH,ETHV,0.0
2025-11-06,ETH,QETH,0.0
2025-11-06,ETH,EZET,0.0
2025-11-06,ETH,MSSE,
2025-11-06,ETH,ETHE,-3.5
2025-11-06,ETH,ETH,0.0
2025-11-06,ETH,Total,12.5
2025-11-07,ETH,ETHA,34.4
2025-11-07,ETH,ETHB,
2025-11-07,ETH,FETH,-72.2
2025-11-07,ETH,ETHW,0.0
2025-11-07,ETH,TETH,0.0
2025-11-07,ETH,ETHV,0.0
2025-11-07,ETH,QETH,2.6
2025-11-07,ETH,EZET,0.0
2025-11-07,ETH,MSSE,
2025-11-07,ETH,ETHE,0.0
2025-11-07,ETH,ETH,-11.4
2025-11-07,ETH,Total,-46.6
2025-11-10,ETH,ETHA,0.0
2025-11-10,ETH,ETHB,
2025-11-10,ETH,FETH,0.0
2025-11-10,ETH,ETHW,0.0
2025-11-10,ETH,TETH,0.0
2025-11-10,ETH,ETHV,0.0
2025-11-10,ETH,QETH,0.0
2025-11-10,ETH,EZET,0.0
2025-11-10,ETH,MSSE,
2025-11-10,ETH,ETHE,0.0
2025-11-10,ETH,ETH,0.0
2025-11-10,ETH,Total,0.0
2025-11-11,ETH,ETHA,-19.8
2025-11-11,ETH,ETHB,
2025-11-11,ETH,FETH,-3.4
2025-11-11,ETH,ETHW,-4.4
2025-11-11,ETH,TETH,0.0
2025-11-11,ETH,ETHV,-3.8
2025-11-11,ETH,QETH,0.0
2025-11-11,ETH,EZET,0.0
2025-11-11,ETH,MSSE,
2025-11-11,ETH,ETHE,0.0
2025-11-11,ETH,ETH,-75.7
2025-11-11,ETH,Total,-107.1
2025-11-12,ETH,ETHA,-91.0
2025-11-12,ETH,ETHB,
2025-11-12,ETH,FETH,-19.6
2025-11-12,ETH,ETHW,0.0
2025-11-12,ETH,TETH,0.0
2025-11-12,ETH,ETHV,0.0
2025-11-12,ETH,QETH,0.0
2025-11-12,ETH,EZET,0.0
2025-11-12,ETH,MSSE,
2025-11-12,ETH,ETHE,-49.3
2025-11-12,ETH,ETH,-23.8
2025-11-12,ETH,Total,-183.7
2025-11-13,ETH,ETHA,-137.3
2025-11-13,ETH,ETHB,
2025-11-13,ETH,FETH,-14.2
2025-11-13,ETH,ETHW,0.0
2025-11-13,ETH,TETH,0.0
2025-11-13,ETH,ETHV,0.0
2025-11-13,ETH,QETH,-4.4
2025-11-13,ETH,EZET,0.0
2025-11-13,ETH,MSSE,
2025-11-13,ETH,ETHE,-67.9
2025-11-13,ETH,ETH,-35.8
2025-11-13,ETH,Total,-259.6
2025-11-14,ETH,ETHA,-173.3
2025-11-14,ETH,ETHB,
2025-11-14,ETH,FETH,0.0
2025-11-14,ETH,ETHW,0.0
2025-11-14,ETH,TETH,0.0
2025-11-14,ETH,ETHV,0.0
2025-11-14,ETH,QETH,0.0
2025-11-14,ETH,EZET,0.0
2025-11-14,ETH,MSSE,
2025-11-14,ETH,ETHE,-4.6
2025-11-14,ETH,ETH,0.0
2025-11-14,ETH,Total,-177.9
2025-11-17,ETH,ETHA,-193.0
2025-11-17,ETH,ETHB,
2025-11-17,ETH,FETH,-3.0
2025-11-17,ETH,ETHW,0.0
2025-11-17,ETH,TETH,0.0
2025-11-17,ETH,ETHV,0.0
2025-11-17,ETH,QETH,0.0
2025-11-17,ETH,EZET,0.0
2025-11-17,ETH,MSSE,
2025-11-17,ETH,ETHE,2.5
2025-11-17,ETH,ETH,10.8
2025-11-17,ETH,Total,-182.7
2025-11-18,ETH,ETHA,-165.1
2025-11-18,ETH,ETHB,
2025-11-18,ETH,FETH,0.0
2025-11-18,ETH,ETHW,19.1
2025-11-18,ETH,TETH,0.0
2025-11-18,ETH,ETHV,4.6
2025-11-18,ETH,QETH,0.0
2025-11-18,ETH,EZET,4.8
2025-11-18,ETH,MSSE,
2025-11-18,ETH,ETHE,0.0
2025-11-18,ETH,ETH,62.4
2025-11-18,ETH,Total,-74.2
2025-11-19,ETH,ETHA,-24.6
2025-11-19,ETH,ETHB,
2025-11-19,ETH,FETH,0.0
2025-11-19,ETH,ETHW,0.0
2025-11-19,ETH,TETH,0.0
2025-11-19,ETH,ETHV,0.0
2025-11-19,ETH,QETH,2.9
2025-11-19,ETH,EZET,0.0
2025-11-19,ETH,MSSE,
2025-11-19,ETH,ETHE,-15.7
2025-11-19,ETH,ETH,0.0
2025-11-19,ETH,Total,-37.4
2025-11-20,ETH,ETHA,-122.6
2025-11-20,ETH,ETHB,
2025-11-20,ETH,FETH,-90.5
2025-11-20,ETH,ETHW,-11.2
2025-11-20,ETH,TETH,0.0
2025-11-20,ETH,ETHV,-18.7
2025-11-20,ETH,QETH,0.0
2025-11-20,ETH,EZET,0.0
2025-11-20,ETH,MSSE,
2025-11-20,ETH,ETHE,-18.6
2025-11-20,ETH,ETH,0.0
2025-11-20,ETH,Total,-261.6
2025-11-21,ETH,ETHA,-53.7
2025-11-21,ETH,ETHB,
2025-11-21,ETH,FETH,95.4
2025-11-21,ETH,ETHW,6.3
2025-11-21,ETH,TETH,0.0
2025-11-21,ETH,ETHV,0.0
2025-11-21,ETH,QETH,0.0
2025-11-21,ETH,EZET,0.0
2025-11-21,ETH,MSSE,
2025-11-21,ETH,ETHE,0.0
2025-11-21,ETH,ETH,7.7
2025-11-21,ETH,Total,55.7
2025-11-24,ETH,ETHA,92.6
2025-11-24,ETH,ETHB,
2025-11-24,ETH,FETH,-2.2
2025-11-24,ETH,ETHW,-4.3
2025-11-24,ETH,TETH,0.7
2025-11-24,ETH,ETHV,0.0
2025-11-24,ETH,QETH,0.0
2025-11-24,ETH,EZET,0.0
2025-11-24,ETH,MSSE,
2025-11-24,ETH,ETHE,0.0
2025-11-24,ETH,ETH,9.8
2025-11-24,ETH,Total,96.6
2025-11-25,ETH,ETHA,46.1
2025-11-25,ETH,ETHB,
2025-11-25,ETH,FETH,47.5
2025-11-25,ETH,ETHW,0.0
2025-11-25,ETH,TETH,0.0
2025-11-25,ETH,ETHV,0.0
2025-11-25,ETH,QETH,0.0
2025-11-25,ETH,EZET,0.0
2025-11-25,ETH,MSSE,
2025-11-25,ETH,ETHE,-23.3
2025-11-25,ETH,ETH,8.3
2025-11-25,ETH,Total,78.6
2025-11-26,ETH,ETHA,50.2
2025-11-26,ETH,ETHB,
2025-11-26,ETH,FETH,0.0
2025-11-26,ETH,ETHW,4.3
2025-11-26,ETH,TETH,0.0
2025-11-26,ETH,ETHV,0.0
2025-11-26,ETH,QETH,0.0
2025-11-26,ETH,EZET,0.0
2025-11-26,ETH,MSSE,
2025-11-26,ETH,ETHE,0.0
2025-11-26,ETH,ETH,6.3
2025-11-26,ETH,Total,60.8
2025-11-28,ETH,ETHA,68.3
2025-11-28,ETH,ETHB,
2025-11-28,ETH,FETH,0.0
2025-11-28,ETH,ETHW,0.0
2025-11-28,ETH,TETH,0.0
2025-11-28,ETH,ETHV,0.0
2025-11-28,ETH,QETH,0.0
2025-11-28,ETH,EZET,0.0
2025-11-28,ETH,MSSE,
2025-11-28,ETH,ETHE,8.3
2025-11-28,ETH,ETH,0.0
2025-11-28,ETH,Total,76.6
2025-12-01,ETH,ETHA,26.7
2025-12-01,ETH,ETHB,
2025-12-01,ETH,FETH,-31.6
2025-12-01,ETH,ETHW,0.0
2025-12-01,ETH,TETH,0.0
2025-12-01,ETH,ETHV,-4.0
2025-12-01,ETH,QETH,0.0
2025-12-01,ETH,EZET,0.0
2025-12-01,ETH,MSSE,
2025-12-01,ETH,ETHE,-49.8
2025-12-01,ETH,ETH,-20.3
2025-12-01,ETH,Total,-79.0
2025-12-02,ETH,ETHA,-88.7
2025-12-02,ETH,ETHB,
2025-12-02,ETH,FETH,50.7
2025-12-02,ETH,ETHW,0.0
2025-12-02,ETH,TETH,0.0
2025-12-02,ETH,ETHV,0.0
2025-12-02,ETH,QETH,0.0
2025-12-02,ETH,EZET,0.0
2025-12-02,ETH,MSSE,
2025-12-02,ETH,ETHE,0.0
2025-12-02,ETH,ETH,28.1
2025-12-02,ETH,Total,-9.9
2025-12-03,ETH,ETHA,53.0
2025-12-03,ETH,ETHB,
2025-12-03,ETH,FETH,34.4
2025-12-03,ETH,ETHW,4.5
2025-12-03,ETH,TETH,0.0
2025-12-03,ETH,ETHV,0.0
2025-12-03,ETH,QETH,0.0
2025-12-03,ETH,EZET,0.0
2025-12-03,ETH,MSSE,
2025-12-03,ETH,ETHE,27.6
2025-12-03,ETH,ETH,20.7
2025-12-03,ETH,Total,140.2
2025-12-04,ETH,ETHA,28.4
2025-12-04,ETH,ETHB,
2025-12-04,ETH,FETH,-17.9
2025-12-04,ETH,ETHW,0.0
2025-12-04,ETH,TETH,0.0
2025-12-04,ETH,ETHV,0.0
2025-12-04,ETH,QETH,0.0
2025-12-04,ETH,EZET,0.0
2025-12-04,ETH,MSSE,
2025-12-04,ETH,ETHE,-31.0
2025-12-04,ETH,ETH,-21.0
2025-12-04,ETH,Total,-41.5
2025-12-05,ETH,ETHA,-75.2
2025-12-05,ETH,ETHB,
2025-12-05,ETH,FETH,0.0
2025-12-05,ETH,ETHW,0.0
2025-12-05,ETH,TETH,0.0
2025-12-05,ETH,ETHV,0.0
2025-12-05,ETH,QETH,0.0
2025-12-05,ETH,EZET,0.0
2025-12-05,ETH,MSSE,
2025-12-05,ETH,ETHE,0.0
2025-12-05,ETH,ETH,0.0
2025-12-05,ETH,Total,-75.2
2025-12-08,ETH,ETHA,23.7
2025-12-08,ETH,ETHB,
2025-12-08,ETH,FETH,0.0
2025-12-08,ETH,ETHW,0.0
2025-12-08,ETH,TETH,0.0
2025-12-08,ETH,ETHV,0.0
2025-12-08,ETH,QETH,0.0
2025-12-08,ETH,EZET,0.0
2025-12-08,ETH,MSSE,
2025-12-08,ETH,ETHE,0.0
2025-12-08,ETH,ETH,11.8
2025-12-08,ETH,Total,35.5
2025-12-09,ETH,ETHA,35.3
2025-12-09,ETH,ETHB,
2025-12-09,ETH,FETH,51.5
2025-12-09,ETH,ETHW,17.9
2025-12-09,ETH,TETH,1.7
2025-12-09,ETH,ETHV,14.6
2025-12-09,ETH,QETH,0.0
2025-12-09,ETH,EZET,0.0
2025-12-09,ETH,MSSE,
2025-12-09,ETH,ETHE,11.5
2025-12-09,ETH,ETH,45.2
2025-12-09,ETH,Total,177.7
2025-12-10,ETH,ETHA,56.5
2025-12-10,ETH,ETHB,
2025-12-10,ETH,FETH,-6.8
2025-12-10,ETH,ETHW,0.0
2025-12-10,ETH,TETH,0.0
2025-12-10,ETH,ETHV,0.0
2025-12-10,ETH,QETH,0.0
2025-12-10,ETH,EZET,0.0
2025-12-10,ETH,MSSE,
2025-12-10,ETH,ETHE,0.0
2025-12-10,ETH,ETH,7.9
2025-12-10,ETH,Total,57.6
2025-12-11,ETH,ETHA,0.0
2025-12-11,ETH,ETHB,
2025-12-11,ETH,FETH,-3.2
2025-12-11,ETH,ETHW,0.0
2025-12-11,ETH,TETH,2.1
2025-12-11,ETH,ETHV,0.0
2025-12-11,ETH,QETH,0.0
2025-12-11,ETH,EZET,0.0
2025-12-11,ETH,MSSE,
2025-12-11,ETH,ETHE,-31.2
2025-12-11,ETH,ETH,-10.0
2025-12-11,ETH,Total,-42.3
2025-12-12,ETH,ETHA,23.2
2025-12-12,ETH,ETHB,
2025-12-12,ETH,FETH,-6.1
2025-12-12,ETH,ETHW,0.0
2025-12-12,ETH,TETH,0.0
2025-12-12,ETH,ETHV,0.0
2025-12-12,ETH,QETH,0.0
2025-12-12,ETH,EZET,0.0
2025-12-12,ETH,MSSE,
2025-12-12,ETH,ETHE,-14.4
2025-12-12,ETH,ETH,-22.1
2025-12-12,ETH,Total,-19.4
2025-12-15,ETH,ETHA,-139.1
2025-12-15,ETH,ETHB,
2025-12-15,ETH,FETH,-11.0
2025-12-15,ETH,ETHW,-13.0
2025-12-15,ETH,TETH,0.0
2025-12-15,ETH,ETHV,-6.4
2025-12-15,ETH,QETH,0.0
2025-12-15,ETH,EZET,0.0
2025-12-15,ETH,MSSE,
2025-12-15,ETH,ETHE,-35.1
2025-12-15,ETH,ETH,-20.2
2025-12-15,ETH,Total,-224.8
2025-12-16,ETH,ETHA,-221.3
2025-12-16,ETH,ETHB,
2025-12-16,ETH,FETH,-2.9
2025-12-16,ETH,ETHW,0.0
2025-12-16,ETH,TETH,0.0
2025-12-16,ETH,ETHV,0.0
2025-12-16,ETH,QETH,0.0
2025-12-16,ETH,EZET,0.0
2025-12-16,ETH,MSSE,
2025-12-16,ETH,ETHE,0.0
2025-12-16,ETH,ETH,0.0
2025-12-16,ETH,Total,-224.2
2025-12-17,ETH,ETHA,-19.6
2025-12-17,ETH,ETHB,
2025-12-17,ETH,FETH,-2.8
2025-12-17,ETH,ETHW,0.0
2025-12-17,ETH,TETH,0.0
2025-12-17,ETH,ETHV,0.0
2025-12-17,ETH,QETH,0.0
2025-12-17,ETH,EZET,0.0
2025-12-17,ETH,MSSE,
2025-12-17,ETH,ETHE,0.0
2025-12-17,ETH,ETH,0.0
2025-12-17,ETH,Total,-22.4
2025-12-18,ETH,ETHA,-102.2
2025-12-18,ETH,ETHB,
2025-12-18,ETH,FETH,0.0
2025-12-18,ETH,ETHW,0.0
2025-12-18,ETH,TETH,0.0
2025-12-18,ETH,ETHV,0.0
2025-12-18,ETH,QETH,0.0
2025-12-18,ETH,EZET,0.0
2025-12-18,ETH,MSSE,
2025-12-18,ETH,ETHE,2.7
2025-12-18,ETH,ETH,2.9
2025-12-18,ETH,Total,-96.6
2025-12-19,ETH,ETHA,-75.9
2025-12-19,ETH,ETHB,
2025-12-19,ETH,FETH,0.0
2025-12-19,ETH,ETHW,0.0
2025-12-19,ETH,TETH,0.0
2025-12-19,ETH,ETHV,0.0
2025-12-19,ETH,QETH,0.0
2025-12-19,ETH,EZET,0.0
2025-12-19,ETH,MSSE,
2025-12-19,ETH,ETHE,0.0
2025-12-19,ETH,ETH,0.0
2025-12-19,ETH,Total,-75.9
2025-12-22,ETH,ETHA,0.0
2025-12-22,ETH,ETHB,
2025-12-22,ETH,FETH,0.0
2025-12-22,ETH,ETHW,0.0
2025-12-22,ETH,TETH,0.0
2025-12-22,ETH,ETHV,0.0
2025-12-22,ETH,QETH,0.0
2025-12-22,ETH,EZET,0.0
2025-12-22,ETH,MSSE,
2025-12-22,ETH,ETHE,53.7
2025-12-22,ETH,ETH,30.9
2025-12-22,ETH,Total,84.6
2025-12-23,ETH,ETHA,-25.0
2025-12-23,ETH,ETHB,
2025-12-23,ETH,FETH,0.0
2025-12-23,ETH,ETHW,-14.0
2025-12-23,ETH,TETH,0.0
2025-12-23,ETH,ETHV,0.0
2025-12-23,ETH,QETH,0.0
2025-12-23,ETH,EZET,-5.6
2025-12-23,ETH,MSSE,
2025-12-23,ETH,ETHE,-50.9
2025-12-23,ETH,ETH,0.0
2025-12-23,ETH,Total,-95.5
2025-12-24,ETH,ETHA,-22.3
2025-12-24,ETH,ETHB,
2025-12-24,ETH,FETH,0.0
2025-12-24,ETH,ETHW,0.0
2025-12-24,ETH,TETH,0.0
2025-12-24,ETH,ETHV,0.0
2025-12-24,ETH,QETH,0.0
2025-12-24,ETH,EZET,0.0
2025-12-24,ETH,MSSE,
2025-12-24,ETH,ETHE,-33.8
2025-12-24,ETH,ETH,3.3
2025-12-24,ETH,Total,-52.8
2025-12-26,ETH,ETHA,-22.1
2025-12-26,ETH,ETHB,
2025-12-26,ETH,FETH,0.0
2025-12-26,ETH,ETHW,0.0
2025-12-26,ETH,TETH,0.0
2025-12-26,ETH,ETHV,0.0
2025-12-26,ETH,QETH,0.0
2025-12-26,ETH,EZET,0.0
2025-12-26,ETH,MSSE,
2025-12-26,ETH,ETHE,-16.6
2025-12-26,ETH,ETH,0.0
2025-12-26,ETH,Total,-38.7
2025-12-29,ETH,ETHA,-13.3
2025-12-29,ETH,ETHB,
2025-12-29,ETH,FETH,3.7
2025-12-29,ETH,ETHW,0.0
2025-12-29,ETH,TETH,0.0
2025-12-29,ETH,ETHV,0.0
2025-12-29,ETH,QETH,0.0
2025-12-29,ETH,EZET,0.0
2025-12-29,ETH,MSSE,
2025-12-29,ETH,ETHE,0.0
2025-12-29,ETH,ETH,0.0
2025-12-29,ETH,Total,-9.6
2025-12-30,ETH,ETHA,0.0
2025-12-30,ETH,ETHB,
2025-12-30,ETH,FETH,3.7
2025-12-30,ETH,ETHW,0.0
2025-12-30,ETH,TETH,0.0
2025-12-30,ETH,ETHV,0.0
2025-12-30,ETH,QETH,0.0
2025-12-30,ETH,EZET,0.0
2025-12-30,ETH,MSSE,
2025-12-30,ETH,ETHE,50.2
2025-12-30,ETH,ETH,14.0
2025-12-30,ETH,Total,67.9
2025-12-31,ETH,ETHA,-21.5
2025-12-31,ETH,ETHB,
2025-12-31,ETH,FETH,-2.2
2025-12-31,ETH,ETHW,0.0
2025-12-31,ETH,TETH,0.0
2025-12-31,ETH,ETHV,-14.1
2025-12-31,ETH,QETH,0.0
2025-12-31,ETH,EZET,-2.2
2025-12-31,ETH,MSSE,
2025-12-31,ETH,ETHE,0.0
2025-12-31,ETH,ETH,-32.0
2025-12-31,ETH,Total,-72.0
2026-01-02,ETH,ETHA,47.2
2026-01-02,ETH,ETHB,
2026-01-02,ETH,FETH,0.0
2026-01-02,ETH,ETHW,19.0
2026-01-02,ETH,TETH,0.0
2026-01-02,ETH,ETHV,4.6
2026-01-02,ETH,QETH,0.0
2026-01-02,ETH,EZET,0.0
2026-01-02,ETH,MSSE,
2026-01-02,ETH,ETHE,53.7
2026-01-02,ETH,ETH,50.0
2026-01-02,ETH,Total,174.5
2026-01-05,ETH,ETHA,102.9
2026-01-05,ETH,ETHB,
2026-01-05,ETH,FETH,21.8
2026-01-05,ETH,ETHW,19.7
2026-01-05,ETH,TETH,0.0
2026-01-05,ETH,ETHV,0.0
2026-01-05,ETH,QETH,0.0
2026-01-05,ETH,EZET,0.0
2026-01-05,ETH,MSSE,
2026-01-05,ETH,ETHE,1.3
2026-01-05,ETH,ETH,22.3
2026-01-05,ETH,Total,168.0
2026-01-06,ETH,ETHA,198.8
2026-01-06,ETH,ETHB,
2026-01-06,ETH,FETH,-1.6
2026-01-06,ETH,ETHW,1.4
2026-01-06,ETH,TETH,1.6
2026-01-06,ETH,ETHV,0.0
2026-01-06,ETH,QETH,0.0
2026-01-06,ETH,EZET,0.0
2026-01-06,ETH,MSSE,
2026-01-06,ETH,ETHE,-53.0
2026-01-06,ETH,ETH,-32.5
2026-01-06,ETH,Total,114.7
2026-01-07,ETH,ETHA,-6.6
2026-01-07,ETH,ETHB,
2026-01-07,ETH,FETH,-13.3
2026-01-07,ETH,ETHW,-11.2
2026-01-07,ETH,TETH,0.0
2026-01-07,ETH,ETHV,-4.6
2026-01-07,ETH,QETH,0.0
2026-01-07,ETH,EZET,2.4
2026-01-07,ETH,MSSE,
2026-01-07,ETH,ETHE,-52.0
2026-01-07,ETH,ETH,-13.0
2026-01-07,ETH,Total,-98.3
2026-01-08,ETH,ETHA,-107.7
2026-01-08,ETH,ETHB,
2026-01-08,ETH,FETH,-4.6
2026-01-08,ETH,ETHW,0.0
2026-01-08,ETH,TETH,0.0
2026-01-08,ETH,ETHV,-2.3
2026-01-08,ETH,QETH,0.0
2026-01-08,ETH,EZET,0.0
2026-01-08,ETH,MSSE,
2026-01-08,ETH,ETHE,-31.7
2026-01-08,ETH,ETH,-12.9
2026-01-08,ETH,Total,-159.2
2026-01-09,ETH,ETHA,-83.8
2026-01-09,ETH,ETHB,
2026-01-09,ETH,FETH,0.0
2026-01-09,ETH,ETHW,0.0
2026-01-09,ETH,TETH,0.0
2026-01-09,ETH,ETHV,0.0
2026-01-09,ETH,QETH,0.0
2026-01-09,ETH,EZET,0.0
2026-01-09,ETH,MSSE,
2026-01-09,ETH,ETHE,-10.0
2026-01-09,ETH,ETH,0.0
2026-01-09,ETH,Total,-93.8
2026-01-12,ETH,ETHA,-79.9
2026-01-12,ETH,ETHB,
2026-01-12,ETH,FETH,0.0
2026-01-12,ETH,ETHW,0.0
2026-01-12,ETH,TETH,5.0
2026-01-12,ETH,ETHV,0.0
2026-01-12,ETH,QETH,0.0
2026-01-12,ETH,EZET,0.0
2026-01-12,ETH,MSSE,
2026-01-12,ETH,ETHE,50.7
2026-01-12,ETH,ETH,29.3
2026-01-12,ETH,Total,5.1
2026-01-13,ETH,ETHA,53.3
2026-01-13,ETH,ETHB,
2026-01-13,ETH,FETH,14.4
2026-01-13,ETH,ETHW,23.0
2026-01-13,ETH,TETH,0.0
2026-01-13,ETH,ETHV,0.0
2026-01-13,ETH,QETH,0.0
2026-01-13,ETH,EZET,0.0
2026-01-13,ETH,MSSE,
2026-01-13,ETH,ETHE,3.9
2026-01-13,ETH,ETH,35.4
2026-01-13,ETH,Total,130.0
2026-01-14,ETH,ETHA,81.6
2026-01-14,ETH,ETHB,
2026-01-14,ETH,FETH,5.9
2026-01-14,ETH,ETHW,8.0
2026-01-14,ETH,TETH,0.0
2026-01-14,ETH,ETHV,3.7
2026-01-14,ETH,QETH,0.0
2026-01-14,ETH,EZET,0.0
2026-01-14,ETH,MSSE,
2026-01-14,ETH,ETHE,32.4
2026-01-14,ETH,ETH,43.5
2026-01-14,ETH,Total,175.1
2026-01-15,ETH,ETHA,149.2
2026-01-15,ETH,ETHB,
2026-01-15,ETH,FETH,0.0
2026-01-15,ETH,ETHW,0.0
2026-01-15,ETH,TETH,0.0
2026-01-15,ETH,ETHV,0.0
2026-01-15,ETH,QETH,0.0
2026-01-15,ETH,EZET,0.0
2026-01-15,ETH,MSSE,
2026-01-15,ETH,ETHE,0.0
2026-01-15,ETH,ETH,15.2
2026-01-15,ETH,Total,164.4
2026-01-16,ETH,ETHA,14.9
2026-01-16,ETH,ETHB,
2026-01-16,ETH,FETH,0.0
2026-01-16,ETH,ETHW,0.0
2026-01-16,ETH,TETH,0.0
2026-01-16,ETH,ETHV,0.0
2026-01-16,ETH,QETH,0.0
2026-01-16,ETH,EZET,0.0
2026-01-16,ETH,MSSE,
2026-01-16,ETH,ETHE,-10.2
2026-01-16,ETH,ETH,0.0
2026-01-16,ETH,Total,4.7
2026-01-20,ETH,ETHA,-92.3
2026-01-20,ETH,ETHB,
2026-01-20,ETH,FETH,-51.5
2026-01-20,ETH,ETHW,-31.1
2026-01-20,ETH,TETH,0.0
2026-01-20,ETH,ETHV,-5.5
2026-01-20,ETH,QETH,0.0
2026-01-20,ETH,EZET,0.0
2026-01-20,ETH,MSSE,
2026-01-20,ETH,ETHE,-38.5
2026-01-20,ETH,ETH,-11.1
2026-01-20,ETH,Total,-230.0
2026-01-21,ETH,ETHA,-250.3
2026-01-21,ETH,ETHB,
2026-01-21,ETH,FETH,-30.9
2026-01-21,ETH,ETHW,0.0
2026-01-21,ETH,TETH,
2026-01-21,ETH,ETHV,-4.4
2026-01-21,ETH,QETH,0.0
2026-01-21,ETH,EZET,0.0
2026-01-21,ETH,MSSE,
2026-01-21,ETH,ETHE,-11.4
2026-01-21,ETH,ETH,10.0
2026-01-21,ETH,Total,-287.0
2026-01-22,ETH,ETHA,-44.4
2026-01-22,ETH,ETHB,
2026-01-22,ETH,FETH,0.0
2026-01-22,ETH,ETHW,-15.2
2026-01-22,ETH,TETH,0.0
2026-01-22,ETH,ETHV,0.0
2026-01-22,ETH,QETH,0.0
2026-01-22,ETH,EZET,0.0
2026-01-22,ETH,MSSE,
2026-01-22,ETH,ETHE,7.9
2026-01-22,ETH,ETH,9.7
2026-01-22,ETH,Total,-42.0
2026-01-23,ETH,ETHA,-44.5
2026-01-23,ETH,ETHB,
2026-01-23,ETH,FETH,4.4
2026-01-23,ETH,ETHW,0.0
2026-01-23,ETH,TETH,0.0
2026-01-23,ETH,ETHV,0.0
2026-01-23,ETH,QETH,0.0
2026-01-23,ETH,EZET,0.0
2026-01-23,ETH,MSSE,
2026-01-23,ETH,ETHE,-10.8
2026-01-23,ETH,ETH,9.2
2026-01-23,ETH,Total,-41.7
2026-01-26,ETH,ETHA,-20.2
2026-01-26,ETH,ETHB,
2026-01-26,ETH,FETH,137.2
2026-01-26,ETH,ETHW,0.0
2026-01-26,ETH,TETH,0.0
2026-01-26,ETH,ETHV,0.0
2026-01-26,ETH,QETH,0.0
2026-01-26,ETH,EZET,0.0
2026-01-26,ETH,MSSE,
2026-01-26,ETH,ETHE,0.0
2026-01-26,ETH,ETH,0.0
2026-01-26,ETH,Total,117.0
2026-01-27,ETH,ETHA,-59.0
2026-01-27,ETH,ETHB,
2026-01-27,ETH,FETH,0.0
2026-01-27,ETH,ETHW,0.0
2026-01-27,ETH,TETH,0.0
2026-01-27,ETH,ETHV,0.0
2026-01-27,ETH,QETH,0.0
2026-01-27,ETH,EZET,0.0
2026-01-27,ETH,MSSE,
2026-01-27,ETH,ETHE,-14.6
2026-01-27,ETH,ETH,10.0
2026-01-27,ETH,Total,-63.6
2026-01-28,ETH,ETHA,27.3
2026-01-28,ETH,ETHB,
2026-01-28,ETH,FETH,0.8
2026-01-28,ETH,ETHW,0.0
2026-01-28,ETH,TETH,0.0
2026-01-28,ETH,ETHV,0.0
2026-01-28,ETH,QETH,0.0
2026-01-28,ETH,EZET,0.0
2026-01-28,ETH,MSSE,
2026-01-28,ETH,ETHE,
2026-01-28,ETH,ETH,0.0
2026-01-28,ETH,Total,28.1
2026-01-29,ETH,ETHA,-54.9
2026-01-29,ETH,ETHB,
2026-01-29,ETH,FETH,-59.2
2026-01-29,ETH,ETHW,-2.0
2026-01-29,ETH,TETH,0.0
2026-01-29,ETH,ETHV,0.0
2026-01-29,ETH,QETH,0.0
2026-01-29,ETH,EZET,0.0
2026-01-29,ETH,MSSE,
2026-01-29,ETH,ETHE,-13.1
2026-01-29,ETH,ETH,-26.5
2026-01-29,ETH,Total,-155.7
2026-01-30,ETH,ETHA,-157.2
2026-01-30,ETH,ETHB,
2026-01-30,ETH,FETH,-95.7
2026-01-30,ETH,ETHW,0.0
2026-01-30,ETH,TETH,0.0
2026-01-30,ETH,ETHV,0.0
2026-01-30,ETH,QETH,0.0
2026-01-30,ETH,EZET,0.0
2026-01-30,ETH,MSSE,
2026-01-30,ETH,ETHE,0.0
2026-01-30,ETH,ETH,0.0
2026-01-30,ETH,Total,-252.9
2026-02-02,ETH,ETHA,-82.1
2026-02-02,ETH,ETHB,
2026-02-02,ETH,FETH,66.6
2026-02-02,ETH,ETHW,5.0
2026-02-02,ETH,TETH,0.0
2026-02-02,ETH,ETHV,7.6
2026-02-02,ETH,QETH,0.0
2026-02-02,ETH,EZET,0.0
2026-02-02,ETH,MSSE,
2026-02-02,ETH,ETHE,0.0
2026-02-02,ETH,ETH,0.0
2026-02-02,ETH,Total,-2.9
2026-02-03,ETH,ETHA,42.9
2026-02-03,ETH,ETHB,
2026-02-03,ETH,FETH,-54.8
2026-02-03,ETH,ETHW,0.0
2026-02-03,ETH,TETH,0.0
2026-02-03,ETH,ETHV,-2.5
2026-02-03,ETH,QETH,1.1
2026-02-03,ETH,EZET,0.0
2026-02-03,ETH,MSSE,
2026-02-03,ETH,ETHE,8.2
2026-02-03,ETH,ETH,19.1
2026-02-03,ETH,Total,14.0
2026-02-04,ETH,ETHA,-58.9
2026-02-04,ETH,ETHB,
2026-02-04,ETH,FETH,-20.5
2026-02-04,ETH,ETHW,0.0
2026-02-04,ETH,TETH,0.0
2026-02-04,ETH,ETHV,0.0
2026-02-04,ETH,QETH,0.0
2026-02-04,ETH,EZET,0.0
2026-02-04,ETH,MSSE,
2026-02-04,ETH,ETHE,0.0
2026-02-04,ETH,ETH,0.0
2026-02-04,ETH,Total,-79.4
2026-02-05,ETH,ETHA,-8.5
2026-02-05,ETH,ETHB,
2026-02-05,ETH,FETH,-55.8
2026-02-05,ETH,ETHW,0.0
2026-02-05,ETH,TETH,0.0
2026-02-05,ETH,ETHV,0.0
2026-02-05,ETH,QETH,3.5
2026-02-05,ETH,EZET,0.0
2026-02-05,ETH,MSSE,
2026-02-05,ETH,ETHE,-27.1
2026-02-05,ETH,ETH,7.1
2026-02-05,ETH,Total,-80.8
2026-02-06,ETH,ETHA,-45.4
2026-02-06,ETH,ETHB,
2026-02-06,ETH,FETH,4.6
2026-02-06,ETH,ETHW,11.8
2026-02-06,ETH,TETH,0.0
2026-02-06,ETH,ETHV,3.0
2026-02-06,ETH,QETH,2.5
2026-02-06,ETH,EZET,0.0
2026-02-06,ETH,MSSE,
2026-02-06,ETH,ETHE,0.0
2026-02-06,ETH,ETH,6.8
2026-02-06,ETH,Total,-16.7
2026-02-09,ETH,ETHA,-45.0
2026-02-09,ETH,ETHB,
2026-02-09,ETH,FETH,67.3
2026-02-09,ETH,ETHW,-9.9
2026-02-09,ETH,TETH,0.0
2026-02-09,ETH,ETHV,0.0
2026-02-09,ETH,QETH,0.0
2026-02-09,ETH,EZET,0.0
2026-02-09,ETH,MSSE,
2026-02-09,ETH,ETHE,0.0
2026-02-09,ETH,ETH,44.6
2026-02-09,ETH,Total,57.0
2026-02-10,ETH,ETHA,0.0
2026-02-10,ETH,ETHB,
2026-02-10,ETH,FETH,0.5
2026-02-10,ETH,ETHW,0.0
2026-02-10,ETH,TETH,0.0
2026-02-10,ETH,ETHV,0.0
2026-02-10,ETH,QETH,0.0
2026-02-10,ETH,EZET,0.0
2026-02-10,ETH,MSSE,
2026-02-10,ETH,ETHE,0.0
2026-02-10,ETH,ETH,13.3
2026-02-10,ETH,Total,13.8
2026-02-11,ETH,ETHA,-29.4
2026-02-11,ETH,ETHB,
2026-02-11,ETH,FETH,-67.1
2026-02-11,ETH,ETHW,-16.7
2026-02-11,ETH,TETH,0.0
2026-02-11,ETH,ETHV,0.0
2026-02-11,ETH,QETH,0.0
2026-02-11,ETH,EZET,0.0
2026-02-11,ETH,MSSE,
2026-02-11,ETH,ETHE,-11.5
2026-02-11,ETH,ETH,-4.4
2026-02-11,ETH,Total,-129.1
2026-02-12,ETH,ETHA,-29.0
2026-02-12,ETH,ETHB,
2026-02-12,ETH,FETH,-43.5
2026-02-12,ETH,ETHW,-6.2
2026-02-12,ETH,TETH,-2.9
2026-02-12,ETH,ETHV,0.0
2026-02-12,ETH,QETH,0.0
2026-02-12,ETH,EZET,0.0
2026-02-12,ETH,MSSE,
2026-02-12,ETH,ETHE,-13.4
2026-02-12,ETH,ETH,-18.1
2026-02-12,ETH,Total,-113.1
2026-02-13,ETH,ETHA,-9.3
2026-02-13,ETH,ETHB,
2026-02-13,ETH,FETH,2.0
2026-02-13,ETH,ETHW,0.0
2026-02-13,ETH,TETH,0.0
2026-02-13,ETH,ETHV,3.0
2026-02-13,ETH,QETH,0.0
2026-02-13,ETH,EZET,0.0
2026-02-13,ETH,MSSE,
2026-02-13,ETH,ETHE,0.0
2026-02-13,ETH,ETH,14.5
2026-02-13,ETH,Total,10.2
2026-02-17,ETH,ETHA,22.9
2026-02-17,ETH,ETHB,
2026-02-17,ETH,FETH,14.4
2026-02-17,ETH,ETHW,0.0
2026-02-17,ETH,TETH,0.0
2026-02-17,ETH,ETHV,0.0
2026-02-17,ETH,QETH,0.0
2026-02-17,ETH,EZET,0.0
2026-02-17,ETH,MSSE,
2026-02-17,ETH,ETHE,0.0
2026-02-17,ETH,ETH,11.3
2026-02-17,ETH,Total,48.6
2026-02-18,ETH,ETHA,-29.9
2026-02-18,ETH,ETHB,
2026-02-18,ETH,FETH,-8.2
2026-02-18,ETH,ETHW,0.0
2026-02-18,ETH,TETH,0.0
2026-02-18,ETH,ETHV,0.0
2026-02-18,ETH,QETH,-3.7
2026-02-18,ETH,EZET,0.0
2026-02-18,ETH,MSSE,
2026-02-18,ETH,ETHE,0.0
2026-02-18,ETH,ETH,0.0
2026-02-18,ETH,Total,-41.8
2026-02-19,ETH,ETHA,-96.8
2026-02-19,ETH,ETHB,
2026-02-19,ETH,FETH,-11.6
2026-02-19,ETH,ETHW,-3.3
2026-02-19,ETH,TETH,0.0
2026-02-19,ETH,ETHV,0.0
2026-02-19,ETH,QETH,0.0
2026-02-19,ETH,EZET,0.0
2026-02-19,ETH,MSSE,
2026-02-19,ETH,ETHE,0.0
2026-02-19,ETH,ETH,-18.4
2026-02-19,ETH,Total,-130.1
2026-02-20,ETH,ETHA,1.8
2026-02-20,ETH,ETHB,
2026-02-20,ETH,FETH,-2.5
2026-02-20,ETH,ETHW,0.0
2026-02-20,ETH,TETH,0.7
2026-02-20,ETH,ETHV,0.0
2026-02-20,ETH,QETH,0.0
2026-02-20,ETH,EZET,0.0
2026-02-20,ETH,MSSE,
2026-02-20,ETH,ETHE,0.0
2026-02-20,ETH,ETH,0.0
2026-02-20,ETH,Total,0.0
2026-02-23,ETH,ETHA,-45.4
2026-02-23,ETH,ETHB,
2026-02-23,ETH,FETH,-1.4
2026-02-23,ETH,ETHW,0.0
2026-02-23,ETH,TETH,0.0
2026-02-23,ETH,ETHV,-2.7
2026-02-23,ETH,QETH,0.0
2026-02-23,ETH,EZET,0.0
2026-02-23,ETH,MSSE,
2026-02-23,ETH,ETHE,0.0
2026-02-23,ETH,ETH,0.0
2026-02-23,ETH,Total,-49.5
2026-02-24,ETH,ETHA,0.0
2026-02-24,ETH,ETHB,
2026-02-24,ETH,FETH,-1.9
2026-02-24,ETH,ETHW,0.0
2026-02-24,ETH,TETH,0.0
2026-02-24,ETH,ETHV,0.0
2026-02-24,ETH,QETH,0.0
2026-02-24,ETH,EZET,0.0
2026-02-24,ETH,MSSE,
2026-02-24,ETH,ETHE,0.0
2026-02-24,ETH,ETH,11.1
2026-02-24,ETH,Total,9.2
2026-02-25,ETH,ETHA,31.3
2026-02-25,ETH,ETHB,
2026-02-25,ETH,FETH,61.9
2026-02-25,ETH,ETHW,1.5
2026-02-25,ETH,TETH,0.0
2026-02-25,ETH,ETHV,3.0
2026-02-25,ETH,QETH,0.0
2026-02-25,ETH,EZET,0.0
2026-02-25,ETH,MSSE,
2026-02-25,ETH,ETHE,33.9
2026-02-25,ETH,ETH,25.6
2026-02-25,ETH,Total,157.2
2026-02-26,ETH,ETHA,15.3
2026-02-26,ETH,ETHB,
2026-02-26,ETH,FETH,-19.2
2026-02-26,ETH,ETHW,0.0
2026-02-26,ETH,TETH,7.6
2026-02-26,ETH,ETHV,0.0
2026-02-26,ETH,QETH,-2.2
2026-02-26,ETH,EZET,0.0
2026-02-26,ETH,MSSE,
2026-02-26,ETH,ETHE,6.6
2026-02-26,ETH,ETH,-1.5
2026-02-26,ETH,Total,6.6
2026-02-27,ETH,ETHA,-43.0
2026-02-27,ETH,ETHB,
2026-02-27,ETH,FETH,0.0
2026-02-27,ETH,ETHW,0.0
2026-02-27,ETH,TETH,0.0
2026-02-27,ETH,ETHV,0.0
2026-02-27,ETH,QETH,0.0
2026-02-27,ETH,EZET,0.0
2026-02-27,ETH,MSSE,
2026-02-27,ETH,ETHE,0.0
2026-02-27,ETH,ETH,0.0
2026-02-27,ETH,Total,-43.0
2026-03-02,ETH,ETHA,26.5
2026-03-02,ETH,ETHB,
2026-03-02,ETH,FETH,1.0
2026-03-02,ETH,ETHW,2.2
2026-03-02,ETH,TETH,0.0
2026-03-02,ETH,ETHV,0.0
2026-03-02,ETH,QETH,0.0
2026-03-02,ETH,EZET,0.0
2026-03-02,ETH,MSSE,
2026-03-02,ETH,ETHE,4.2
2026-03-02,ETH,ETH,4.8
2026-03-02,ETH,Total,38.7
2026-03-03,ETH,ETHA,41.9
2026-03-03,ETH,ETHB,
2026-03-03,ETH,FETH,-66.7
2026-03-03,ETH,ETHW,0.0
2026-03-03,ETH,TETH,0.0
2026-03-03,ETH,ETHV,0.0
2026-03-03,ETH,QETH,0.0
2026-03-03,ETH,EZET,0.0
2026-03-03,ETH,MSSE,
2026-03-03,ETH,ETHE,-4.7
2026-03-03,ETH,ETH,18.7
2026-03-03,ETH,Total,-10.8
2026-03-04,ETH,ETHA,39.3
2026-03-04,ETH,ETHB,
2026-03-04,ETH,FETH,30.3
2026-03-04,ETH,ETHW,8.9
2026-03-04,ETH,TETH,0.0
2026-03-04,ETH,ETHV,9.5
2026-03-04,ETH,QETH,0.0
2026-03-04,ETH,EZET,0.0
2026-03-04,ETH,MSSE,
2026-03-04,ETH,ETHE,21.9
2026-03-04,ETH,ETH,59.5
2026-03-04,ETH,Total,169.4
2026-03-05,ETH,ETHA,30.3
2026-03-05,ETH,ETHB,
2026-03-05,ETH,FETH,-115.0
2026-03-05,ETH,ETHW,-3.6
2026-03-05,ETH,TETH,-5.2
2026-03-05,ETH,ETHV,-3.8
2026-03-05,ETH,QETH,2.7
2026-03-05,ETH,EZET,0.0
2026-03-05,ETH,MSSE,
2026-03-05,ETH,ETHE,-3.4
2026-03-05,ETH,ETH,7.1
2026-03-05,ETH,Total,-90.9
2026-03-06,ETH,ETHA,-4.8
2026-03-06,ETH,ETHB,
2026-03-06,ETH,FETH,-67.6
2026-03-06,ETH,ETHW,0.0
2026-03-06,ETH,TETH,0.0
2026-03-06,ETH,ETHV,-2.9
2026-03-06,ETH,QETH,0.0
2026-03-06,ETH,EZET,0.0
2026-03-06,ETH,MSSE,
2026-03-06,ETH,ETHE,-1.6
2026-03-06,ETH,ETH,-6.0
2026-03-06,ETH,Total,-82.9
2026-03-09,ETH,ETHA,-55.1
2026-03-09,ETH,ETHB,
2026-03-09,ETH,FETH,16.2
2026-03-09,ETH,ETHW,0.0
2026-03-09,ETH,TETH,1.0
2026-03-09,ETH,ETHV,0.0
2026-03-09,ETH,QETH,0.0
2026-03-09,ETH,EZET,0.0
2026-03-09,ETH,MSSE,
2026-03-09,ETH,ETHE,-13.4
2026-03-09,ETH,ETH,0.0
2026-03-09,ETH,Total,-51.3
2026-03-10,ETH,ETHA,0.0
2026-03-10,ETH,ETHB,
2026-03-10,ETH,FETH,10.7
2026-03-10,ETH,ETHW,0.0
2026-03-10,ETH,TETH,0.0
2026-03-10,ETH,ETHV,0.0
2026-03-10,ETH,QETH,0.0
2026-03-10,ETH,EZET,0.0
2026-03-10,ETH,MSSE,
2026-03-10,ETH,ETHE,0.0
2026-03-10,ETH,ETH,1.9
2026-03-10,ETH,Total,12.6
2026-03-11,ETH,ETHA,18.8
2026-03-11,ETH,ETHB,0.0
2026-03-11,ETH,FETH,19.1
2026-03-11,ETH,ETHW,0.0
2026-03-11,ETH,TETH,0.0
2026-03-11,ETH,ETHV,0.0
2026-03-11,ETH,QETH,0.0
2026-03-11,ETH,EZET,0.0
2026-03-11,ETH,MSSE,
2026-03-11,ETH,ETHE,0.0
2026-03-11,ETH,ETH,19.1
2026-03-11,ETH,Total,57.0
2026-03-12,ETH,ETHA,18.7
2026-03-12,ETH,ETHB,43.5
2026-03-12,ETH,FETH,52.0
2026-03-12,ETH,ETHW,0.9
2026-03-12,ETH,TETH,0.0
2026-03-12,ETH,ETHV,0.0
2026-03-12,ETH,QETH,0.0
2026-03-12,ETH,EZET,0.8
2026-03-12,ETH,MSSE,
2026-03-12,ETH,ETHE,0.0
2026-03-12,ETH,ETH,0.0
2026-03-12,ETH,Total,115.9
2026-03-13,ETH,ETHA,32.4
2026-03-13,ETH,ETHB,2.2
2026-03-13,ETH,FETH,-7.9
2026-03-13,ETH,ETHW,0.0
2026-03-13,ETH,TETH,0.0
2026-03-13,ETH,ETHV,0.0
2026-03-13,ETH,QETH,0.0
2026-03-13,ETH,EZET,0.0
2026-03-13,ETH,MSSE,
2026-03-13,ETH,ETHE,0.0
2026-03-13,ETH,ETH,0.0
2026-03-13,ETH,Total,26.7
2026-03-16,ETH,ETHA,-16.2
2026-03-16,ETH,ETHB,32.4
2026-03-16,ETH,FETH,34.9
2026-03-16,ETH,ETHW,0.0
2026-03-16,ETH,TETH,0.0
2026-03-16,ETH,ETHV,0.0
2026-03-16,ETH,QETH,0.0
2026-03-16,ETH,EZET,0.0
2026-03-16,ETH,MSSE,
2026-03-16,ETH,ETHE,-15.2
2026-03-16,ETH,ETH,0.0
2026-03-16,ETH,Total,35.9
2026-03-17,ETH,ETHA,81.7
2026-03-17,ETH,ETHB,67.2
2026-03-17,ETH,FETH,-35.5
2026-03-17,ETH,ETHW,0.0
2026-03-17,ETH,TETH,0.0
2026-03-17,ETH,ETHV,0.0
2026-03-17,ETH,QETH,0.0
2026-03-17,ETH,EZET,0.0
2026-03-17,ETH,MSSE,
2026-03-17,ETH,ETHE,9.4
2026-03-17,ETH,ETH,15.4
2026-03-17,ETH,Total,138.2
2026-03-18,ETH,ETHA,-1.3
2026-03-18,ETH,ETHB,1.1
2026-03-18,ETH,FETH,-37.1
2026-03-18,ETH,ETHW,-4.7
2026-03-18,ETH,TETH,0.0
2026-03-18,ETH,ETHV,-4.8
2026-03-18,ETH,QETH,0.0
2026-03-18,ETH,EZET,0.0
2026-03-18,ETH,MSSE,
2026-03-18,ETH,ETHE,-8.9
2026-03-18,ETH,ETH,0.0
2026-03-18,ETH,Total,-55.7
2026-03-19,ETH,ETHA,-102.3
2026-03-19,ETH,ETHB,7.7
2026-03-19,ETH,FETH,-11.8
2026-03-19,ETH,ETHW,-5.8
2026-03-19,ETH,TETH,-5.2
2026-03-19,ETH,ETHV,-7.1
2026-03-19,ETH,QETH,-3.4
2026-03-19,ETH,EZET,0.0
2026-03-19,ETH,MSSE,
2026-03-19,ETH,ETHE,0.0
2026-03-19,ETH,ETH,-8.5
2026-03-19,ETH,Total,-136.4
2026-03-20,ETH,ETHA,-31.5
2026-03-20,ETH,ETHB,5.5
2026-03-20,ETH,FETH,-12.2
2026-03-20,ETH,ETHW,0.0
2026-03-20,ETH,TETH,-0.7
2026-03-20,ETH,ETHV,0.0
2026-03-20,ETH,QETH,0.0
2026-03-20,ETH,EZET,-0.8
2026-03-20,ETH,MSSE,
2026-03-20,ETH,ETHE,-2.3
2026-03-20,ETH,ETH,0.0
2026-03-20,ETH,Total,-42.0
2026-03-23,ETH,ETHA,-15.7
2026-03-23,ETH,ETHB,1.1
2026-03-23,ETH,FETH,-1.6
2026-03-23,ETH,ETHW,0.0
2026-03-23,ETH,TETH,0.0
2026-03-23,ETH,ETHV,0.0
2026-03-23,ETH,QETH,0.0
2026-03-23,ETH,EZET,0.0
2026-03-23,ETH,MSSE,
2026-03-23,ETH,ETHE,0.0
2026-03-23,ETH,ETH,0.0
2026-03-23,ETH,Total,-16.2
2026-03-24,ETH,ETHA,-25.0
2026-03-24,ETH,ETHB,2.2
2026-03-24,ETH,FETH,-5.8
2026-03-24,ETH,ETHW,-1.5
2026-03-24,ETH,TETH,1.1
2026-03-24,ETH,ETHV,
2026-03-24,ETH,QETH,0.0
2026-03-24,ETH,EZET,0.0
2026-03-24,ETH,MSSE,
2026-03-24,ETH,ETHE,-1.7
2026-03-24,ETH,ETH,-10.0
2026-03-24,ETH,Total,-40.7
2026-03-25,ETH,ETHA,-33.4
2026-03-25,ETH,ETHB,1.1
2026-03-25,ETH,FETH,23.8
2026-03-25,ETH,ETHW,0.0
2026-03-25,ETH,TETH,0.0
2026-03-25,ETH,ETHV,0.0
2026-03-25,ETH,QETH,0.0
2026-03-25,ETH,EZET,0.0
2026-03-25,ETH,MSSE,
2026-03-25,ETH,ETHE,0.0
2026-03-25,ETH,ETH,0.0
2026-03-25,ETH,Total,-8.5
2026-03-26,ETH,ETHA,-140.2
2026-03-26,ETH,ETHB,96.8
2026-03-26,ETH,FETH,-24.0
2026-03-26,ETH,ETHW,-5.1
2026-03-26,ETH,TETH,0.0
2026-03-26,ETH,ETHV,0.0
2026-03-26,ETH,QETH,0.0
2026-03-26,ETH,EZET,0.0
2026-03-26,ETH,MSSE,
2026-03-26,ETH,ETHE,-13.8
2026-03-26,ETH,ETH,-6.2
2026-03-26,ETH,Total,-92.5
2026-03-27,ETH,ETHA,-70.8
2026-03-27,ETH,ETHB,39.9
2026-03-27,ETH,FETH,-8.9
2026-03-27,ETH,ETHW,0.0
2026-03-27,ETH,TETH,0.0
2026-03-27,ETH,ETHV,0.0
2026-03-27,ETH,QETH,0.0
2026-03-27,ETH,EZET,0.0
2026-03-27,ETH,MSSE,
2026-03-27,ETH,ETHE,0.0
2026-03-27,ETH,ETH,-8.7
2026-03-27,ETH,Total,-48.5
2026-03-30,ETH,ETHA,-9.8
2026-03-30,ETH,ETHB,4.2
2026-03-30,ETH,FETH,10.6
2026-03-30,ETH,ETHW,0.0
2026-03-30,ETH,TETH,0.0
2026-03-30,ETH,ETHV,0.0
2026-03-30,ETH,QETH,0.0
2026-03-30,ETH,EZET,0.0
2026-03-30,ETH,MSSE,
2026-03-30,ETH,ETHE,0.0
2026-03-30,ETH,ETH,0.0
2026-03-30,ETH,Total,5.0
2026-03-31,ETH,ETHA,24.7
2026-03-31,ETH,ETHB,1.1
2026-03-31,ETH,FETH,1.6
2026-03-31,ETH,ETHW,1.2
2026-03-31,ETH,TETH,2.6
2026-03-31,ETH,ETHV,0.0
2026-03-31,ETH,QETH,0.0
2026-03-31,ETH,EZET,0.0
2026-03-31,ETH,MSSE,
2026-03-31,ETH,ETHE,0.0
2026-03-31,ETH,ETH,0.0
2026-03-31,ETH,Total,31.2
2026-04-01,ETH,ETHA,-32.3
2026-04-01,ETH,ETHB,5.5
2026-04-01,ETH,FETH,-11.7
2026-04-01,ETH,ETHW,4.3
2026-04-01,ETH,TETH,3.2
2026-04-01,ETH,ETHV,0.0
2026-04-01,ETH,QETH,0.0
2026-04-01,ETH,EZET,0.0
2026-04-01,ETH,MSSE,
2026-04-01,ETH,ETHE,17.4
2026-04-01,ETH,ETH,6.5
2026-04-01,ETH,Total,-7.1
2026-04-02,ETH,ETHA,-46.7
2026-04-02,ETH,ETHB,0.0
2026-04-02,ETH,FETH,-7.7
2026-04-02,ETH,ETHW,0.0
2026-04-02,ETH,TETH,0.0
2026-04-02,ETH,ETHV,0.0
2026-04-02,ETH,QETH,0.0
2026-04-02,ETH,EZET,0.0
2026-04-02,ETH,MSSE,
2026-04-02,ETH,ETHE,-16.8
2026-04-02,ETH,ETH,0.0
2026-04-02,ETH,Total,-71.2
2026-04-06,ETH,ETHA,60.8
2026-04-06,ETH,ETHB,0.0
2026-04-06,ETH,FETH,40.1
2026-04-06,ETH,ETHW,0.0
2026-04-06,ETH,TETH,2.1
2026-04-06,ETH,ETHV,0.0
2026-04-06,ETH,QETH,0.0
2026-04-06,ETH,EZET,0.0
2026-04-06,ETH,MSSE,
2026-04-06,ETH,ETHE,2.8
2026-04-06,ETH,ETH,14.4
2026-04-06,ETH,Total,120.2
2026-04-07,ETH,ETHA,-16.5
2026-04-07,ETH,ETHB,0.0
2026-04-07,ETH,FETH,-48.2
2026-04-07,ETH,ETHW,0.0
2026-04-07,ETH,TETH,0.0
2026-04-07,ETH,ETHV,0.0
2026-04-07,ETH,QETH,0.0
2026-04-07,ETH,EZET,0.0
2026-04-07,ETH,MSSE,
2026-04-07,ETH,ETHE,0.0
2026-04-07,ETH,ETH,0.0
2026-04-07,ETH,Total,-64.7
2026-04-08,ETH,ETHA,-20.6
2026-04-08,ETH,ETHB,44.2
2026-04-08,ETH,FETH,-32.4
2026-04-08,ETH,ETHW,0.0
2026-04-08,ETH,TETH,2.0
2026-04-08,ETH,ETHV,0.0
2026-04-08,ETH,QETH,0.0
2026-04-08,ETH,EZET,0.0
2026-04-08,ETH,MSSE,
2026-04-08,ETH,ETHE,-6.1
2026-04-08,ETH,ETH,-5.7
2026-04-08,ETH,Total,-18.6
2026-04-09,ETH,ETHA,90.9
2026-04-09,ETH,ETHB,13.7
2026-04-09,ETH,FETH,-21.0
2026-04-09,ETH,ETHW,0.0
2026-04-09,ETH,TETH,-5.5
2026-04-09,ETH,ETHV,0.0
2026-04-09,ETH,QETH,0.0
2026-04-09,ETH,EZET,-1.7
2026-04-09,ETH,MSSE,
2026-04-09,ETH,ETHE,-0.9
2026-04-09,ETH,ETH,9.7
2026-04-09,ETH,Total,85.2
2026-04-10,ETH,ETHA,53.7
2026-04-10,ETH,ETHB,8.1
2026-04-10,ETH,FETH,-0.6
2026-04-10,ETH,ETHW,0.0
2026-04-10,ETH,TETH,3.7
2026-04-10,ETH,ETHV,0.0
2026-04-10,ETH,QETH,0.0
2026-04-10,ETH,EZET,0.0
2026-04-10,ETH,MSSE,
2026-04-10,ETH,ETHE,0.0
2026-04-10,ETH,ETH,0.0
2026-04-10,ETH,Total,64.9
2026-04-13,ETH,ETHA,-4.1
2026-04-13,ETH,ETHB,5.8
2026-04-13,ETH,FETH,3.9
2026-04-13,ETH,ETHW,0.0
2026-04-13,ETH,TETH,-1.3
2026-04-13,ETH,ETHV,0.0
2026-04-13,ETH,QETH,0.0
2026-04-13,ETH,EZET,0.0
2026-04-13,ETH,MSSE,
2026-04-13,ETH,ETHE,0.0
2026-04-13,ETH,ETH,5.2
2026-04-13,ETH,Total,9.5
2026-04-14,ETH,ETHA,10.5
2026-04-14,ETH,ETHB,1.2
2026-04-14,ETH,FETH,38.1
2026-04-14,ETH,ETHW,0.0
2026-04-14,ETH,TETH,0.0
2026-04-14,ETH,ETHV,0.0
2026-04-14,ETH,QETH,0.0
2026-04-14,ETH,EZET,0.0
2026-04-14,ETH,MSSE,
2026-04-14,ETH,ETHE,0.0
2026-04-14,ETH,ETH,3.3
2026-04-14,ETH,Total,53.1
2026-04-15,ETH,ETHA,31.5
2026-04-15,ETH,ETHB,9.8
2026-04-15,ETH,FETH,0.0
2026-04-15,ETH,ETHW,0.0
2026-04-15,ETH,TETH,0.0
2026-04-15,ETH,ETHV,0.0
2026-04-15,ETH,QETH,0.0
2026-04-15,ETH,EZET,1.8
2026-04-15,ETH,MSSE,
2026-04-15,ETH,ETHE,0.0
2026-04-15,ETH,ETH,24.8
2026-04-15,ETH,Total,67.9
2026-04-16,ETH,ETHA,30.5
2026-04-16,ETH,ETHB,0.0
2026-04-16,ETH,FETH,0.0
2026-04-16,ETH,ETHW,-2.5
2026-04-16,ETH,TETH,0.0
2026-04-16,ETH,ETHV,0.0
2026-04-16,ETH,QETH,0.0
2026-04-16,ETH,EZET,0.0
2026-04-16,ETH,MSSE,
2026-04-16,ETH,ETHE,-16.7
2026-04-16,ETH,ETH,6.7
2026-04-16,ETH,Total,18.0
2026-04-17,ETH,ETHA,30.8
2026-04-17,ETH,ETHB,1.2
2026-04-17,ETH,FETH,84.1
2026-04-17,ETH,ETHW,1.9
2026-04-17,ETH,TETH,3.6
2026-04-17,ETH,ETHV,0.0
2026-04-17,ETH,QETH,0.0
2026-04-17,ETH,EZET,0.0
2026-04-17,ETH,MSSE,
2026-04-17,ETH,ETHE,0.0
2026-04-17,ETH,ETH,5.8
2026-04-17,ETH,Total,127.4
2026-04-20,ETH,ETHA,76.1
2026-04-20,ETH,ETHB,13.2
2026-04-20,ETH,FETH,-1.2
2026-04-20,ETH,ETHW,0.0
2026-04-20,ETH,TETH,0.0
2026-04-20,ETH,ETHV,0.0
2026-04-20,ETH,QETH,1.2
2026-04-20,ETH,EZET,0.0
2026-04-20,ETH,MSSE,
2026-04-20,ETH,ETHE,-17.1
2026-04-20,ETH,ETH,-4.4
2026-04-20,ETH,Total,67.8
2026-04-21,ETH,ETHA,37.0
2026-04-21,ETH,ETHB,15.5
2026-04-21,ETH,FETH,-2.9
2026-04-21,ETH,ETHW,2.0
2026-04-21,ETH,TETH,0.0
2026-04-21,ETH,ETHV,0.0
2026-04-21,ETH,QETH,0.0
2026-04-21,ETH,EZET,0.0
2026-04-21,ETH,MSSE,
2026-04-21,ETH,ETHE,-12.1
2026-04-21,ETH,ETH,3.9
2026-04-21,ETH,Total,43.4
2026-04-22,ETH,ETHA,53.6
2026-04-22,ETH,ETHB,0.0
2026-04-22,ETH,FETH,40.6
2026-04-22,ETH,ETHW,0.0
2026-04-22,ETH,TETH,0.0
2026-04-22,ETH,ETHV,0.0
2026-04-22,ETH,QETH,0.0
2026-04-22,ETH,EZET,0.0
2026-04-22,ETH,MSSE,
2026-04-22,ETH,ETHE,-9.2
2026-04-22,ETH,ETH,11.4
2026-04-22,ETH,Total,96.4
2026-04-23,ETH,ETHA,-21.0
2026-04-23,ETH,ETHB,0.0
2026-04-23,ETH,FETH,-51.3
2026-04-23,ETH,ETHW,-3.3
2026-04-23,ETH,TETH,-9.2
2026-04-23,ETH,ETHV,0.0
2026-04-23,ETH,QETH,0.0
2026-04-23,ETH,EZET,0.0
2026-04-23,ETH,MSSE,
2026-04-23,ETH,ETHE,-10.9
2026-04-23,ETH,ETH,19.8
2026-04-23,ETH,Total,-75.9
2026-04-24,ETH,ETHA,-7.7
2026-04-24,ETH,ETHB,32.3
2026-04-24,ETH,FETH,-1.2
2026-04-24,ETH,ETHW,0.0
2026-04-24,ETH,TETH,0.0
2026-04-24,ETH,ETHV,0.0
2026-04-24,ETH,QETH,0.0
2026-04-24,ETH,EZET,0.0
2026-04-24,ETH,MSSE,
2026-04-24,ETH,ETHE,0.0
2026-04-24,ETH,ETH,0.0
2026-04-24,ETH,Total,23.4
2026-04-27,ETH,ETHA,-13.8
2026-04-27,ETH,ETHB,11.8
2026-04-27,ETH,FETH,-48.4
2026-04-27,ETH,ETHW,0.0
2026-04-27,ETH,TETH,0.0
2026-04-27,ETH,ETHV,0.0
2026-04-27,ETH,QETH,0.0
2026-04-27,ETH,EZET,0.0
2026-04-27,ETH,MSSE,
2026-04-27,ETH,ETHE,0.0
2026-04-27,ETH,ETH,0.0
2026-04-27,ETH,Total,-50.4
2026-04-28,ETH,ETHA,-13.2
2026-04-28,ETH,ETHB,0.0
2026-04-28,ETH,FETH,-1.7
2026-04-28,ETH,ETHW,0.0
2026-04-28,ETH,TETH,0.0
2026-04-28,ETH,ETHV,0.0
2026-04-28,ETH,QETH,0.0
2026-04-28,ETH,EZET,0.0
2026-04-28,ETH,MSSE,
2026-04-28,ETH,ETHE,-6.9
2026-04-28,ETH,ETH,0.0
2026-04-28,ETH,Total,-21.8
2026-04-29,ETH,ETHA,-37.1
2026-04-29,ETH,ETHB,-2.3
2026-04-29,ETH,FETH,-48.4
2026-04-29,ETH,ETHW,0.0
2026-04-29,ETH,TETH,0.0
2026-04-29,ETH,ETHV,0.0
2026-04-29,ETH,QETH,0.0
2026-04-29,ETH,EZET,0.0
2026-04-29,ETH,MSSE,
2026-04-29,ETH,ETHE,0.0
2026-04-29,ETH,ETH,0.0
2026-04-29,ETH,Total,-87.8
2026-04-30,ETH,ETHA,-50.6
2026-04-30,ETH,ETHB,29.1
2026-04-30,ETH,FETH,-1.1
2026-04-30,ETH,ETHW,-3.6
2026-04-30,ETH,TETH,0.0
2026-04-30,ETH,ETHV,0.0
2026-04-30,ETH,QETH,0.0
2026-04-30,ETH,EZET,0.0
2026-04-30,ETH,MSSE,
2026-04-30,ETH,ETHE,-2.2
2026-04-30,ETH,ETH,4.7
2026-04-30,ETH,Total,-23.7
2026-05-01,ETH,ETHA,43.2
2026-05-01,ETH,ETHB,5.9
2026-05-01,ETH,FETH,49.4
2026-05-01,ETH,ETHW,1.3
2026-05-01,ETH,TETH,1.4
2026-05-01,ETH,ETHV,0.0
2026-05-01,ETH,QETH,0.0
2026-05-01,ETH,EZET,0.0
2026-05-01,ETH,MSSE,
2026-05-01,ETH,ETHE,0.0
2026-05-01,ETH,ETH,0.0
2026-05-01,ETH,Total,101.2
2026-05-04,ETH,ETHA,54.8
2026-05-04,ETH,ETHB,0.0
2026-05-04,ETH,FETH,6.5
2026-05-04,ETH,ETHW,0.0
2026-05-04,ETH,TETH,0.0
2026-05-04,ETH,ETHV,0.0
2026-05-04,ETH,QETH,0.0
2026-05-04,ETH,EZET,0.0
2026-05-04,ETH,MSSE,
2026-05-04,ETH,ETHE,0.0
2026-05-04,ETH,ETH,0.0
2026-05-04,ETH,Total,61.3
2026-05-05,ETH,ETHA,69.5
2026-05-05,ETH,ETHB,2.4
2026-05-05,ETH,FETH,24.2
2026-05-05,ETH,ETHW,0.0
2026-05-05,ETH,TETH,1.4
2026-05-05,ETH,ETHV,0.0
2026-05-05,ETH,QETH,0.0
2026-05-05,ETH,EZET,0.0
2026-05-05,ETH,MSSE,
2026-05-05,ETH,ETHE,0.0
2026-05-05,ETH,ETH,0.0
2026-05-05,ETH,Total,97.5
2026-05-06,ETH,ETHA,2.1
2026-05-06,ETH,ETHB,0.0
2026-05-06,ETH,FETH,-0.6
2026-05-06,ETH,ETHW,0.0
2026-05-06,ETH,TETH,0.0
2026-05-06,ETH,ETHV,0.0
2026-05-06,ETH,QETH,0.0
2026-05-06,ETH,EZET,0.0
2026-05-06,ETH,MSSE,
2026-05-06,ETH,ETHE,0.0
2026-05-06,ETH,ETH,10.0
2026-05-06,ETH,Total,11.5
2026-05-07,ETH,ETHA,-26.3
2026-05-07,ETH,ETHB,0.0
2026-05-07,ETH,FETH,-62.3
2026-05-07,ETH,ETHW,0.0
2026-05-07,ETH,TETH,-2.9
2026-05-07,ETH,ETHV,0.0
2026-05-07,ETH,QETH,0.0
2026-05-07,ETH,EZET,0.0
2026-05-07,ETH,MSSE,
2026-05-07,ETH,ETHE,-8.4
2026-05-07,ETH,ETH,-3.7
2026-05-07,ETH,Total,-103.6
2026-05-08,ETH,ETHA,0.0
2026-05-08,ETH,ETHB,3.6
2026-05-08,ETH,FETH,0.0
2026-05-08,ETH,ETHW,0.0
2026-05-08,ETH,TETH,0.0
2026-05-08,ETH,ETHV,0.0
2026-05-08,ETH,QETH,0.0
2026-05-08,ETH,EZET,0.0
2026-05-08,ETH,MSSE,
2026-05-08,ETH,ETHE,0.0
2026-05-08,ETH,ETH,0.0
2026-05-08,ETH,Total,3.6
2026-05-11,ETH,ETHA,2.1
2026-05-11,ETH,ETHB,-1.2
2026-05-11,ETH,FETH,-4.7
2026-05-11,ETH,ETHW,0.0
2026-05-11,ETH,TETH,0.0
2026-05-11,ETH,ETHV,0.0
2026-05-11,ETH,QETH,0.0
2026-05-11,ETH,EZET,0.0
2026-05-11,ETH,MSSE,
2026-05-11,ETH,ETHE,-7.6
2026-05-11,ETH,ETH,-5.6
2026-05-11,ETH,Total,-17.0
2026-05-12,ETH,ETHA,-102.0
2026-05-12,ETH,ETHB,11.7
2026-05-12,ETH,FETH,-37.0
2026-05-12,ETH,ETHW,0.0
2026-05-12,ETH,TETH,0.0
2026-05-12,ETH,ETHV,-3.3
2026-05-12,ETH,QETH,0.0
2026-05-12,ETH,EZET,0.0
2026-05-12,ETH,MSSE,
2026-05-12,ETH,ETHE,0.0
2026-05-12,ETH,ETH,0.0
2026-05-12,ETH,Total,-130.6
2026-05-13,ETH,ETHA,-21.1
2026-05-13,ETH,ETHB,-1.2
2026-05-13,ETH,FETH,-14.0
2026-05-13,ETH,ETHW,0.0
2026-05-13,ETH,TETH,0.0
2026-05-13,ETH,ETHV,0.0
2026-05-13,ETH,QETH,0.0
2026-05-13,ETH,EZET,0.0
2026-05-13,ETH,MSSE,
2026-05-13,ETH,ETHE,0.0
2026-05-13,ETH,ETH,0.0
2026-05-13,ETH,Total,-36.3
2026-05-14,ETH,ETHA,-13.2
2026-05-14,ETH,ETHB,-3.6
2026-05-14,ETH,FETH,6.9
2026-05-14,ETH,ETHW,0.0
2026-05-14,ETH,TETH,0.0
2026-05-14,ETH,ETHV,3.4
2026-05-14,ETH,QETH,0.0
2026-05-14,ETH,EZET,0.9
2026-05-14,ETH,MSSE,
2026-05-14,ETH,ETHE,0.0
2026-05-14,ETH,ETH,0.0
2026-05-14,ETH,Total,-5.6
2026-05-15,ETH,ETHA,-50.4
2026-05-15,ETH,ETHB,0.0
2026-05-15,ETH,FETH,-11.1
2026-05-15,ETH,ETHW,0.0
2026-05-15,ETH,TETH,0.0
2026-05-15,ETH,ETHV,0.0
2026-05-15,ETH,QETH,0.0
2026-05-15,ETH,EZET,0.0
2026-05-15,ETH,MSSE,
2026-05-15,ETH,ETHE,0.0
2026-05-15,ETH,ETH,-4.2
2026-05-15,ETH,Total,-65.7
2026-05-18,ETH,ETHA,-55.4
2026-05-18,ETH,ETHB,-2.2
2026-05-18,ETH,FETH,-14.7
2026-05-18,ETH,ETHW,0.0
2026-05-18,ETH,TETH,0.0
2026-05-18,ETH,ETHV,0.0
2026-05-18,ETH,QETH,0.0
2026-05-18,ETH,EZET,0.0
2026-05-18,ETH,MSSE,
2026-05-18,ETH,ETHE,-4.0
2026-05-18,ETH,ETH,-10.1
2026-05-18,ETH,Total,-86.4
2026-05-19,ETH,ETHA,-59.4
2026-05-19,ETH,ETHB,0.0
2026-05-19,ETH,FETH,-3.7
2026-05-19,ETH,ETHW,0.8
2026-05-19,ETH,TETH,0.0
2026-05-19,ETH,ETHV,0.0
2026-05-19,ETH,QETH,0.0
2026-05-19,ETH,EZET,0.0
2026-05-19,ETH,MSSE,
2026-05-19,ETH,ETHE,0.0
2026-05-19,ETH,ETH,0.0
2026-05-19,ETH,Total,-62.3
2026-05-20,ETH,ETHA,-30.9
2026-05-20,ETH,ETHB,4.4
2026-05-20,ETH,FETH,-1.6
2026-05-20,ETH,ETHW,0.0
2026-05-20,ETH,TETH,0.0
2026-05-20,ETH,ETHV,0.0
2026-05-20,ETH,QETH,0.0
2026-05-20,ETH,EZET,0.0
2026-05-20,ETH,MSSE,
2026-05-20,ETH,ETHE,0.0
2026-05-20,ETH,ETH,0.0
2026-05-20,ETH,Total,-28.1
2026-05-21,ETH,ETHA,-38.0
2026-05-21,ETH,ETHB,3.3
2026-05-21,ETH,FETH,0.0
2026-05-21,ETH,ETHW,2.1
2026-05-21,ETH,TETH,0.0
2026-05-21,ETH,ETHV,0.0
2026-05-21,ETH,QETH,0.0
2026-05-21,ETH,EZET,0.0
2026-05-21,ETH,MSSE,
2026-05-21,ETH,ETHE,0.0
2026-05-21,ETH,ETH,0.0
2026-05-21,ETH,Total,-32.6
2026-05-22,ETH,ETHA,-5.6
2026-05-22,ETH,ETHB,0.0
2026-05-22,ETH,FETH,-1.0
2026-05-22,ETH,ETHW,0.0
2026-05-22,ETH,TETH,0.0
2026-05-22,ETH,ETHV,0.0
2026-05-22,ETH,QETH,0.0
2026-05-22,ETH,EZET,0.0
2026-05-22,ETH,MSSE,
2026-05-22,ETH,ETHE,0.0
2026-05-22,ETH,ETH,0.0
2026-05-22,ETH,Total,-6.6
2026-05-26,ETH,ETHA,-1.9
2026-05-26,ETH,ETHB,0.0
2026-05-26,ETH,FETH,-17.0
2026-05-26,ETH,ETHW,0.0
2026-05-26,ETH,TETH,0.0
2026-05-26,ETH,ETHV,0.0
2026-05-26,ETH,QETH,0.0
2026-05-26,ETH,EZET,0.0
2026-05-26,ETH,MSSE,
2026-05-26,ETH,ETHE,-7.9
2026-05-26,ETH,ETH,-8.3
2026-05-26,ETH,Total,-35.1
2026-05-27,ETH,ETHA,-65.1
2026-05-27,ETH,ETHB,0.0
2026-05-27,ETH,FETH,-2.0
2026-05-27,ETH,ETHW,0.0
2026-05-27,ETH,TETH,0.0
2026-05-27,ETH,ETHV,0.0
2026-05-27,ETH,QETH,0.0
2026-05-27,ETH,EZET,0.0
2026-05-27,ETH,MSSE,
2026-05-27,ETH,ETHE,0.0
2026-05-27,ETH,ETH,0.0
2026-05-27,ETH,Total,-67.1
2026-05-28,ETH,ETHA,-80.4
2026-05-28,ETH,ETHB,3.1
2026-05-28,ETH,FETH,-15.1
2026-05-28,ETH,ETHW,0.0
2026-05-28,ETH,TETH,0.0
2026-05-28,ETH,ETHV,0.0
2026-05-28,ETH,QETH,0.0
2026-05-28,ETH,EZET,0.0
2026-05-28,ETH,MSSE,
2026-05-28,ETH,ETHE,-21.4
2026-05-28,ETH,ETH,-7.6
2026-05-28,ETH,Total,-121.4
2026-05-29,ETH,ETHA,-40.7
2026-05-29,ETH,ETHB,9.3
2026-05-29,ETH,FETH,10.5
2026-05-29,ETH,ETHW,1.4
2026-05-29,ETH,TETH,1.5
2026-05-29,ETH,ETHV,0.0
2026-05-29,ETH,QETH,0.0
2026-05-29,ETH,EZET,0.0
2026-05-29,ETH,MSSE,
2026-05-29,ETH,ETHE,0.0
2026-05-29,ETH,ETH,0.0
2026-05-29,ETH,Total,-18.0
2026-06-01,ETH,ETHA,-35.0
2026-06-01,ETH,ETHB,0.0
2026-06-01,ETH,FETH,-9.5
2026-06-01,ETH,ETHW,0.0
2026-06-01,ETH,TETH,0.0
2026-06-01,ETH,ETHV,0.0
2026-06-01,ETH,QETH,0.0
2026-06-01,ETH,EZET,0.0
2026-06-01,ETH,MSSE,
2026-06-01,ETH,ETHE,0.0
2026-06-01,ETH,ETH,0.0
2026-06-01,ETH,Total,-44.5
2026-06-02,ETH,ETHA,-44.3
2026-06-02,ETH,ETHB,-1.0
2026-06-02,ETH,FETH,-15.6
2026-06-02,ETH,ETHW,0.0
2026-06-02,ETH,TETH,0.0
2026-06-02,ETH,ETHV,0.0
2026-06-02,ETH,QETH,0.0
2026-06-02,ETH,EZET,0.0
2026-06-02,ETH,MSSE,
2026-06-02,ETH,ETHE,-3.9
2026-06-02,ETH,ETH,-25.4
2026-06-02,ETH,Total,-90.2
2026-06-03,ETH,ETHA,-51.6
2026-06-03,ETH,ETHB,0.0
2026-06-03,ETH,FETH,-1.4
2026-06-03,ETH,ETHW,0.0
2026-06-03,ETH,TETH,0.0
2026-06-03,ETH,ETHV,0.0
2026-06-03,ETH,QETH,0.0
2026-06-03,ETH,EZET,0.0
2026-06-03,ETH,MSSE,
2026-06-03,ETH,ETHE,0.0
2026-06-03,ETH,ETH,0.0
2026-06-03,ETH,Total,-53.0
2026-06-04,ETH,ETHA,19.3
2026-06-04,ETH,ETHB,0.0
2026-06-04,ETH,FETH,0.0
2026-06-04,ETH,ETHW,0.0
2026-06-04,ETH,TETH,0.0
2026-06-04,ETH,ETHV,0.0
2026-06-04,ETH,QETH,0.0
2026-06-04,ETH,EZET,0.0
2026-06-04,ETH,MSSE,
2026-06-04,ETH,ETHE,0.0
2026-06-04,ETH,ETH,0.0
2026-06-04,ETH,Total,19.3
2026-06-05,ETH,ETHA,-13.2
2026-06-05,ETH,ETHB,4.0
2026-06-05,ETH,FETH,
2026-06-05,ETH,ETHW,0.0
2026-06-05,ETH,TETH,0.0
2026-06-05,ETH,ETHV,
2026-06-05,ETH,QETH,0.0
2026-06-05,ETH,EZET,0.0
2026-06-05,ETH,MSSE,
2026-06-05,ETH,ETHE,3.2
2026-06-05,ETH,ETH,0.0
2026-06-05,ETH,Total,-6.0
2026-06-08,ETH,ETHA,17.8
2026-06-08,ETH,ETHB,26.9
2026-06-08,ETH,FETH,28.6
2026-06-08,ETH,ETHW,3.0
2026-06-08,ETH,TETH,1.3
2026-06-08,ETH,ETHV,-3.7
2026-06-08,ETH,QETH,0.5
2026-06-08,ETH,EZET,0.0
2026-06-08,ETH,MSSE,
2026-06-08,ETH,ETHE,0.0
2026-06-08,ETH,ETH,8.0
2026-06-08,ETH,Total,82.4
2026-06-09,ETH,ETHA,-8.5
2026-06-09,ETH,ETHB,0.0
2026-06-09,ETH,FETH,0.0
2026-06-09,ETH,ETHW,0.0
2026-06-09,ETH,TETH,0.0
2026-06-09,ETH,ETHV,0.0
2026-06-09,ETH,QETH,0.0
2026-06-09,ETH,EZET,0.0
2026-06-09,ETH,MSSE,
2026-06-09,ETH,ETHE,-17.4
2026-06-09,ETH,ETH,-15.0
2026-06-09,ETH,Total,-40.9
2026-06-10,ETH,ETHA,-20.6
2026-06-10,ETH,ETHB,1.7
2026-06-10,ETH,FETH,-16.6
2026-06-10,ETH,ETHW,0.0
2026-06-10,ETH,TETH,0.0
2026-06-10,ETH,ETHV,0.0
2026-06-10,ETH,QETH,0.0
2026-06-10,ETH,EZET,0.0
2026-06-10,ETH,MSSE,
2026-06-10,ETH,ETHE,0.0
2026-06-10,ETH,ETH,0.0
2026-06-10,ETH,Total,-35.5
2026-06-11,ETH,ETHA,8.6
2026-06-11,ETH,ETHB,0.0
2026-06-11,ETH,FETH,-20.5
2026-06-11,ETH,ETHW,0.0
2026-06-11,ETH,TETH,0.0
2026-06-11,ETH,ETHV,0.0
2026-06-11,ETH,QETH,0.0
2026-06-11,ETH,EZET,0.0
2026-06-11,ETH,MSSE,
2026-06-11,ETH,ETHE,0.0
2026-06-11,ETH,ETH,-4.0
2026-06-11,ETH,Total,-15.9
2026-06-12,ETH,ETHA,-4.5
2026-06-12,ETH,ETHB,0.0
2026-06-12,ETH,FETH,-0.4
2026-06-12,ETH,ETHW,0.0
2026-06-12,ETH,TETH,0.0
2026-06-12,ETH,ETHV,0.0
2026-06-12,ETH,QETH,0.0
2026-06-12,ETH,EZET,0.0
2026-06-12,ETH,MSSE,
2026-06-12,ETH,ETHE,0.0
2026-06-12,ETH,ETH,0.0
2026-06-12,ETH,Total,-4.9
2026-06-15,ETH,ETHA,17.6
2026-06-15,ETH,ETHB,0.0
2026-06-15,ETH,FETH,0.0
2026-06-15,ETH,ETHW,0.0
2026-06-15,ETH,TETH,0.0
2026-06-15,ETH,ETHV,0.0
2026-06-15,ETH,QETH,0.0
2026-06-15,ETH,EZET,0.0
2026-06-15,ETH,MSSE,
2026-06-15,ETH,ETHE,1.8
2026-06-15,ETH,ETH,3.1
2026-06-15,ETH,Total,22.5
2026-06-16,ETH,ETHA,17.3
2026-06-16,ETH,ETHB,0.0
2026-06-16,ETH,FETH,-2.2
2026-06-16,ETH,ETHW,-3.5
2026-06-16,ETH,TETH,0.0
2026-06-16,ETH,ETHV,0.0
2026-06-16,ETH,QETH,0.0
2026-06-16,ETH,EZET,0.0
2026-06-16,ETH,MSSE,
2026-06-16,ETH,ETHE,0.0
2026-06-16,ETH,ETH,-2.0
2026-06-16,ETH,Total,9.6
2026-06-17,ETH,ETHA,-9.0
2026-06-17,ETH,ETHB,0.0
2026-06-17,ETH,FETH,-4.3
2026-06-17,ETH,ETHW,-0.5
2026-06-17,ETH,TETH,-2.8
2026-06-17,ETH,ETHV,-0.6
2026-06-17,ETH,QETH,0.0
2026-06-17,ETH,EZET,0.0
2026-06-17,ETH,MSSE,
2026-06-17,ETH,ETHE,-2.2
2026-06-17,ETH,ETH,-9.9
2026-06-17,ETH,Total,-29.3
2026-06-18,ETH,ETHA,-12.8
2026-06-18,ETH,ETHB,0.0
2026-06-18,ETH,FETH,0.0
2026-06-18,ETH,ETHW,0.0
2026-06-18,ETH,TETH,0.0
2026-06-18,ETH,ETHV,0.0
2026-06-18,ETH,QETH,0.0
2026-06-18,ETH,EZET,0.0
2026-06-18,ETH,MSSE,
2026-06-18,ETH,ETHE,0.0
2026-06-18,ETH,ETH,0.0
2026-06-18,ETH,Total,-12.8
2026-06-22,ETH,ETHA,-66.4
2026-06-22,ETH,ETHB,0.0
2026-06-22,ETH,FETH,0.0
2026-06-22,ETH,ETHW,0.0
2026-06-22,ETH,TETH,0.3
2026-06-22,ETH,ETHV,0.0
2026-06-22,ETH,QETH,0.0
2026-06-22,ETH,EZET,0.0
2026-06-22,ETH,MSSE,
2026-06-22,ETH,ETHE,0.0
2026-06-22,ETH,ETH,0.0
2026-06-22,ETH,Total,-66.1
2026-06-23,ETH,ETHA,-86.1
2026-06-23,ETH,ETHB,-1.7
2026-06-23,ETH,FETH,15.7
2026-06-23,ETH,ETHW,0.0
2026-06-23,ETH,TETH,0.0
2026-06-23,ETH,ETHV,0.0
2026-06-23,ETH,QETH,0.0
2026-06-23,ETH,EZET,0.0
2026-06-23,ETH,MSSE,
2026-06-23,ETH,ETHE,0.0
2026-06-23,ETH,ETH,-10.3
2026-06-23,ETH,Total,-82.4
2026-06-24,ETH,ETHA,-8.1
2026-06-24,ETH,ETHB,0.0
2026-06-24,ETH,FETH,-15.7
2026-06-24,ETH,ETHW,0.0
2026-06-24,ETH,TETH,0.0
2026-06-24,ETH,ETHV,0.0
2026-06-24,ETH,QETH,0.0
2026-06-24,ETH,EZET,0.0
2026-06-24,ETH,MSSE,
2026-06-24,ETH,ETHE,0.0
2026-06-24,ETH,ETH,-6.5
2026-06-24,ETH,Total,-30.3
2026-06-25,ETH,ETHA,-63.0
2026-06-25,ETH,ETHB,-2.4
2026-06-25,ETH,FETH,-3.5
2026-06-25,ETH,ETHW,0.6
2026-06-25,ETH,TETH,0.0
2026-06-25,ETH,ETHV,0.0
2026-06-25,ETH,QETH,0.0
2026-06-25,ETH,EZET,0.0
2026-06-25,ETH,MSSE,
2026-06-25,ETH,ETHE,-8.1
2026-06-25,ETH,ETH,-5.5
2026-06-25,ETH,Total,-81.9
2026-06-26,ETH,ETHA,-12.8
2026-06-26,ETH,ETHB,0.0
2026-06-26,ETH,FETH,0.0
2026-06-26,ETH,ETHW,0.0
2026-06-26,ETH,TETH,0.0
2026-06-26,ETH,ETHV,0.0
2026-06-26,ETH,QETH,0.0
2026-06-26,ETH,EZET,0.0
2026-06-26,ETH,MSSE,
2026-06-26,ETH,ETHE,0.0
2026-06-26,ETH,ETH,0.0
2026-06-26,ETH,Total,-12.8
2026-06-29,ETH,ETHA,5.9
2026-06-29,ETH,ETHB,-37.5
2026-06-29,ETH,FETH,5.3
2026-06-29,ETH,ETHW,0.0
2026-06-29,ETH,TETH,0.0
2026-06-29,ETH,ETHV,0.0
2026-06-29,ETH,QETH,0.0
2026-06-29,ETH,EZET,0.0
2026-06-29,ETH,MSSE,
2026-06-29,ETH,ETHE,2.1
2026-06-29,ETH,ETH,-5.7
2026-06-29,ETH,Total,-29.9
2026-06-30,ETH,ETHA,-27.6
2026-06-30,ETH,ETHB,0.0
2026-06-30,ETH,FETH,0.0
2026-06-30,ETH,ETHW,0.0
2026-06-30,ETH,TETH,0.0
2026-06-30,ETH,ETHV,0.0
2026-06-30,ETH,QETH,0.0
2026-06-30,ETH,EZET,0.0
2026-06-30,ETH,MSSE,
2026-06-30,ETH,ETHE,0.0
2026-06-30,ETH,ETH,0.0
2026-06-30,ETH,Total,-27.6
2026-07-01,ETH,ETHA,36.6
2026-07-01,ETH,ETHB,-1.7
2026-07-01,ETH,FETH,-1.6
2026-07-01,ETH,ETHW,0.0
2026-07-01,ETH,TETH,0.0
2026-07-01,ETH,ETHV,0.0
2026-07-01,ETH,QETH,0.0
2026-07-01,ETH,EZET,0.0
2026-07-01,ETH,MSSE,
2026-07-01,ETH,ETHE,0.0
2026-07-01,ETH,ETH,-18.5
2026-07-01,ETH,Total,14.8
2026-07-02,ETH,ETHA,29.7
2026-07-02,ETH,ETHB,0.0
2026-07-02,ETH,FETH,0.8
2026-07-02,ETH,ETHW,0.0
2026-07-02,ETH,TETH,0.0
2026-07-02,ETH,ETHV,1.2
2026-07-02,ETH,QETH,0.0
2026-07-02,ETH,EZET,0.0
2026-07-02,ETH,MSSE,
2026-07-02,ETH,ETHE,-2.7
2026-07-02,ETH,ETH,0.0
2026-07-02,ETH,Total,29.0
2026-07-06,ETH,ETHA,23.3
2026-07-06,ETH,ETHB,0.0
2026-07-06,ETH,FETH,0.0
2026-07-06,ETH,ETHW,0.0
2026-07-06,ETH,TETH,0.0
2026-07-06,ETH,ETHV,-2.6
2026-07-06,ETH,QETH,0.0
2026-07-06,ETH,EZET,0.0
2026-07-06,ETH,MSSE,
2026-07-06,ETH,ETHE,0.0
2026-07-06,ETH,ETH,0.0
2026-07-06,ETH,Total,20.7
2026-07-07,ETH,ETHA,26.9
2026-07-07,ETH,ETHB,0.0
2026-07-07,ETH,FETH,0.0
2026-07-07,ETH,ETHW,0.0
2026-07-07,ETH,TETH,0.0
2026-07-07,ETH,ETHV,0.0
2026-07-07,ETH,QETH,0.0
2026-07-07,ETH,EZET,0.0
2026-07-07,ETH,MSSE,
2026-07-07,ETH,ETHE,0.0
2026-07-07,ETH,ETH,0.0
2026-07-07,ETH,Total,26.9
2026-07-08,ETH,ETHA,0.0
2026-07-08,ETH,ETHB,0.0
2026-07-08,ETH,FETH,69.2
2026-07-08,ETH,ETHW,0.0
2026-07-08,ETH,TETH,0.0
2026-07-08,ETH,ETHV,1.3
2026-07-08,ETH,QETH,0.0
2026-07-08,ETH,EZET,0.0
2026-07-08,ETH,MSSE,
2026-07-08,ETH,ETHE,0.0
2026-07-08,ETH,ETH,0.0
2026-07-08,ETH,Total,70.5
2026-07-09,ETH,ETHA,-12.7
2026-07-09,ETH,ETHB,-2.7
2026-07-09,ETH,FETH,-34.0
2026-07-09,ETH,ETHW,-2.8
2026-07-09,ETH,TETH,0.0
2026-07-09,ETH,ETHV,0.0
2026-07-09,ETH,QETH,0.0
2026-07-09,ETH,EZET,0.0
2026-07-09,ETH,MSSE,
2026-07-09,ETH,ETHE,0.0
2026-07-09,ETH,ETH,0.0
2026-07-09,ETH,Total,-52.2
2026-07-10,ETH,ETHA,16.2
2026-07-10,ETH,ETHB,0.0
2026-07-10,ETH,FETH,2.2
2026-07-10,ETH,ETHW,0.0
2026-07-10,ETH,TETH,0.0
2026-07-10,ETH,ETHV,0.0
2026-07-10,ETH,QETH,0.0
2026-07-10,ETH,EZET,0.0
2026-07-10,ETH,MSSE,
2026-07-10,ETH,ETHE,0.0
2026-07-10,ETH,ETH,0.0
2026-07-10,ETH,Total,18.4
2026-07-13,ETH,ETHA,0.0
2026-07-13,ETH,ETHB,0.0
2026-07-13,ETH,FETH,-15.4
2026-07-13,ETH,ETHW,0.0
2026-07-13,ETH,TETH,0.0
2026-07-13,ETH,ETHV,0.0
2026-07-13,ETH,QETH,0.0
2026-07-13,ETH,EZET,0.0
2026-07-13,ETH,MSSE,
2026-07-13,ETH,ETHE,0.0
2026-07-13,ETH,ETH,0.0
2026-07-13,ETH,Total,-15.4
2026-07-14,ETH,ETHA,58.3
2026-07-14,ETH,ETHB,0.0
2026-07-14,ETH,FETH,0.0
2026-07-14,ETH,ETHW,0.0
2026-07-14,ETH,TETH,0.0
2026-07-14,ETH,ETHV,0.0
2026-07-14,ETH,QETH,0.0
2026-07-14,ETH,EZET,0.0
2026-07-14,ETH,MSSE,
2026-07-14,ETH,ETHE,0.0
2026-07-14,ETH,ETH,0.0
2026-07-14,ETH,Total,58.3
2026-07-15,ETH,ETHA,45.3
2026-07-15,ETH,ETHB,4.0
2026-07-15,ETH,FETH,0.0
2026-07-15,ETH,ETHW,0.0
2026-07-15,ETH,TETH,0.0
2026-07-15,ETH,ETHV,0.0
2026-07-15,ETH,QETH,0.0
2026-07-15,ETH,EZET,0.0
2026-07-15,ETH,MSSE,
2026-07-15,ETH,ETHE,0.0
2026-07-15,ETH,ETH,4.6
2026-07-15,ETH,Total,53.9
2026-07-16,ETH,ETHA,0.0
2026-07-16,ETH,ETHB,0.0
2026-07-16,ETH,FETH,-11.2
2026-07-16,ETH,ETHW,2.3
2026-07-16,ETH,TETH,0.0
2026-07-16,ETH,ETHV,0.0
2026-07-16,ETH,QETH,0.0
2026-07-16,ETH,EZET,0.0
2026-07-16,ETH,MSSE,
2026-07-16,ETH,ETHE,-4.8
2026-07-16,ETH,ETH,-14.3
2026-07-16,ETH,Total,-28.0
2026-07-17,ETH,ETHA,31.7
2026-07-17,ETH,ETHB,0.0
2026-07-17,ETH,FETH,5.0
2026-07-17,ETH,ETHW,0.0
2026-07-17,ETH,TETH,0.0
2026-07-17,ETH,ETHV,0.0
2026-07-17,ETH,QETH,0.0
2026-07-17,ETH,EZET,0.0
2026-07-17,ETH,MSSE,
2026-07-17,ETH,ETHE,0.0
2026-07-17,ETH,ETH,0.0
2026-07-17,ETH,Total,36.7
2026-07-20,ETH,ETHA,34.3
2026-07-20,ETH,ETHB,0.0
2026-07-20,ETH,FETH,2.8
2026-07-20,ETH,ETHW,0.0
2026-07-20,ETH,TETH,0.9
2026-07-20,ETH,ETHV,0.0
2026-07-20,ETH,QETH,0.0
2026-07-20,ETH,EZET,0.0
2026-07-20,ETH,MSSE,
2026-07-20,ETH,ETHE,0.0
2026-07-20,ETH,ETH,0.0
2026-07-20,ETH,Total,38.0
2026-07-21,ETH,ETHA,52.8
2026-07-21,ETH,ETHB,0.0
2026-07-21,ETH,FETH,-15.3
2026-07-21,ETH,ETHW,0.0
2026-07-21,ETH,TETH,0.0
2026-07-21,ETH,ETHV,0.0
2026-07-21,ETH,QETH,0.0
2026-07-21,ETH,EZET,0.0
2026-07-21,ETH,MSSE,
2026-07-21,ETH,ETHE,0.0
2026-07-21,ETH,ETH,0.0
2026-07-21,ETH,Total,37.5
2026-07-22,ETH,ETHA,53.5
2026-07-22,ETH,ETHB,0.0
2026-07-22,ETH,FETH,19.2
2026-07-22,ETH,ETHW,0.0
2026-07-22,ETH,TETH,0.0
2026-07-22,ETH,ETHV,0.0
2026-07-22,ETH,QETH,0.0
2026-07-22,ETH,EZET,0.0
2026-07-22,ETH,MSSE,
2026-07-22,ETH,ETHE,0.0
2026-07-22,ETH,ETH,0.0
2026-07-22,ETH,Total,72.7
2026-07-23,ETH,ETHA,8.5
2026-07-23,ETH,ETHB,2.9
2026-07-23,ETH,FETH,14.9
2026-07-23,ETH,ETHW,0.0
2026-07-23,ETH,TETH,0.0
2026-07-23,ETH,ETHV,0.0
2026-07-23,ETH,QETH,0.0
2026-07-23,ETH,EZET,0.0
2026-07-23,ETH,MSSE,
2026-07-23,ETH,ETHE,0.0
2026-07-23,ETH,ETH,0.0
2026-07-23,ETH,Total,26.3
2026-07-24,ETH,ETHA,-52.8
2026-07-24,ETH,ETHB,0.0
2026-07-24,ETH,FETH,-27.8
2026-07-24,ETH,ETHW,0.0
2026-07-24,ETH,TETH,0.0
2026-07-24,ETH,ETHV,0.0
2026-07-24,ETH,QETH,0.0
2026-07-24,ETH,EZET,0.0
2026-07-24,ETH,MSSE,
2026-07-24,ETH,ETHE,0.0
2026-07-24,ETH,ETH,9.9
2026-07-24,ETH,Total,-70.7
2026-07-27,ETH,ETHA,11.7
2026-07-27,ETH,ETHB,0.0
2026-07-27,ETH,FETH,0.0
2026-07-27,ETH,ETHW,0.0
2026-07-27,ETH,TETH,0.0
2026-07-27,ETH,ETHV,0.0
2026-07-27,ETH,QETH,
2026-07-27,ETH,EZET,0.0
2026-07-27,ETH,MSSE,0.0
2026-07-27,ETH,ETHE,0.0
2026-07-27,ETH,ETH,0.0
2026-07-27,ETH,Total,11.7
2026-07-28,ETH,ETHA,3.5
2026-07-28,ETH,ETHB,5.9
2026-07-28,ETH,FETH,0.0
2026-07-28,ETH,ETHW,0.0
2026-07-28,ETH,TETH,0.0
2026-07-28,ETH,ETHV,0.0
2026-07-28,ETH,QETH,0.0
2026-07-28,ETH,EZET,0.0
2026-07-28,ETH,MSSE,5.1
2026-07-28,ETH,ETHE,0.0
2026-07-28,ETH,ETH,0.0
2026-07-28,ETH,Total,14.5
2026-07-29,ETH,ETHA,5.2
2026-07-29,ETH,ETHB,0.0
2026-07-29,ETH,FETH,-16.1
2026-07-29,ETH,ETHW,-1.4
2026-07-29,ETH,TETH,-2.8
2026-07-29,ETH,ETHV,0.0
2026-07-29,ETH,QETH,0.0
2026-07-29,ETH,EZET,0.0
2026-07-29,ETH,MSSE,14.3
2026-07-29,ETH,ETHE,-9.7
2026-07-29,ETH,ETH,-8.1
2026-07-29,ETH,Total,-18.6
2026-07-30,ETH,ETHA,16.2
2026-07-30,ETH,ETHB,0.0
2026-07-30,ETH,FETH,-2.9
2026-07-30,ETH,ETHW,1.4
2026-07-30,ETH,TETH,0.4
2026-07-30,ETH,ETHV,-0.7
2026-07-30,ETH,QETH,0.0
2026-07-30,ETH,EZET,0.0
2026-07-30,ETH,MSSE,0.4
2026-07-30,ETH,ETHE,-1.6
2026-07-30,ETH,ETH,0.0
2026-07-30,ETH,Total,13.2
2026-07-31,ETH,ETHA,0.0
2026-07-31,ETH,ETHB,15.4
2026-07-31,ETH,FETH,-1.9
2026-07-31,ETH,ETHW,-2.5
2026-07-31,ETH,TETH,0.0
2026-07-31,ETH,ETHV,0.0
2026-07-31,ETH,QETH,0.0
2026-07-31,ETH,EZET,0.0
2026-07-31,ETH,MSSE,0.0
2026-07-31,ETH,ETHE,0.0
2026-07-31,ETH,ETH,-2.0
2026-07-31,ETH,Total,9.0
2026-08-03,ETH,ETHA,-9.0
2026-08-03,ETH,ETHB,5.8
2026-08-03,ETH,FETH,-0.9
2026-08-03,ETH,ETHW,0.0
2026-08-03,ETH,TETH,0.0
2026-08-03,ETH,ETHV,0.0
2026-08-03,ETH,QETH,0.0
2026-08-03,ETH,EZET,0.0
2026-08-03,ETH,MSSE,0.6
2026-08-03,ETH,ETHE,-7.8
2026-08-03,ETH,ETH,0.0
2026-08-03,ETH,Total,-11.3
2026-08-04,ETH,ETHA,42.5
2026-08-04,ETH,ETHB,0.0
2026-08-04,ETH,FETH,9.3
2026-08-04,ETH,ETHW,1.3
2026-08-04,ETH,TETH,0.0
2026-08-04,ETH,ETHV,0.0
2026-08-04,ETH,QETH,0.0
2026-08-04,ETH,EZET,0.0
2026-08-04,ETH,MSSE,0.6
2026-08-04,ETH,ETHE,0.0
2026-08-04,ETH,ETH,0.0
2026-08-04,ETH,Total,53.7
2026-08-05,ETH,ETHA,50.3
2026-08-05,ETH,ETHB,4.9
2026-08-05,ETH,FETH,2.9
2026-08-05,ETH,ETHW,1.4
2026-08-05,ETH,TETH,1.3
2026-08-05,ETH,ETHV,0.0
2026-08-05,ETH,QETH,0.0
2026-08-05,ETH,EZET,0.0
2026-08-05,ETH,MSSE,0.0
2026-08-05,ETH,ETHE,0.0
2026-08-05,ETH,ETH,0.0
2026-08-05,ETH,Total,60.8
2026-08-06,ETH,ETHA,81.1
2026-08-06,ETH,ETHB,2.0
2026-08-06,ETH,FETH,1.4
2026-08-06,ETH,ETHW,0.0
2026-08-06,ETH,TETH,0.0
2026-08-06,ETH,ETHV,0.0
2026-08-06,ETH,QETH,0.0
2026-08-06,ETH,EZET,0.0
2026-08-06,ETH,MSSE,0.0
2026-08-06,ETH,ETHE,3.1
2026-08-06,ETH,ETH,4.5
2026-08-06,ETH,Total,92.1
2026-08-07,ETH,ETHA,38.1
2026-08-07,ETH,ETHB,0.0
2026-08-07,ETH,FETH,11.5
2026-08-07,ETH,ETHW,0.0
2026-08-07,ETH,TETH,0.0
2026-08-07,ETH,ETHV,0.0
2026-08-07,ETH,QETH,0.0
2026-08-07,ETH,EZET,0.0
2026-08-07,ETH,MSSE,0.0
2026-08-07,ETH,ETHE,0.0
2026-08-07,ETH,ETH,0.0
2026-08-07,ETH,Total,49.6
2026-08-10,ETH,ETHA,-23.8
2026-08-10,ETH,ETHB,3.9
2026-08-10,ETH,FETH,-3.3
2026-08-10,ETH,ETHW,0.0
2026-08-10,ETH,TETH,0.0
2026-08-10,ETH,ETHV,0.0
2026-08-10,ETH,QETH,0.0
2026-08-10,ETH,EZET,0.0
2026-08-10,ETH,MSSE,0.0
2026-08-10,ETH,ETHE,0.0
2026-08-10,ETH,ETH,8.6
2026-08-10,ETH,Total,-14.6
2026-08-11,ETH,ETHA,0.6
2026-08-11,ETH,ETHB,0.0
2026-08-11,ETH,FETH,-2.3
2026-08-11,ETH,ETHW,0.0
2026-08-11,ETH,TETH,0.0
2026-08-11,ETH,ETHV,0.0
2026-08-11,ETH,QETH,0.0
2026-08-11,ETH,EZET,0.0
2026-08-11,ETH,MSSE,0.0
2026-08-11,ETH,ETHE,0.0
2026-08-11,ETH,ETH,0.0
2026-08-11,ETH,Total,-1.7
2026-08-12,ETH,ETHA,7.4
2026-08-12,ETH,ETHB,0.0
2026-08-12,ETH,FETH,0.0
2026-08-12,ETH,ETHW,0.0
2026-08-12,ETH,TETH,0.0
2026-08-12,ETH,ETHV,0.0
2026-08-12,ETH,QETH,0.0
2026-08-12,ETH,EZET,0.0
2026-08-12,ETH,MSSE,0.0
2026-08-12,ETH,ETHE,0.0
2026-08-12,ETH,ETH,0.0
2026-08-12,ETH,Total,7.4
2026-08-13,ETH,ETHA,-0.6
2026-08-13,ETH,ETHB,0.0
2026-08-13,ETH,FETH,0.0
2026-08-13,ETH,ETHW,0.0
2026-08-13,ETH,TETH,0.0
2026-08-13,ETH,ETHV,0.0
2026-08-13,ETH,QETH,0.0
2026-08-13,ETH,EZET,0.0
2026-08-13,ETH,MSSE,0.8
2026-08-13,ETH,ETHE,0.0
2026-08-13,ETH,ETH,6.5
2026-08-13,ETH,Total,6.7
2026-08-14,ETH,ETHA,0.0
2026-08-14,ETH,ETHB,0.0
2026-08-14,ETH,FETH,0.0
2026-08-14,ETH,ETHW,0.0
2026-08-14,ETH,TETH,0.0
2026-08-14,ETH,ETHV,0.0
2026-08-14,ETH,QETH,0.0
2026-08-14,ETH,EZET,0.0
2026-08-14,ETH,MSSE,0.0
2026-08-14,ETH,ETHE,0.0
2026-08-14,ETH,ETH,0.0
2026-08-14,ETH,Total,0.0
2026-08-17,ETH,ETHA,25.9
2026-08-17,ETH,ETHB,0.0
2026-08-17,ETH,FETH,4.3
2026-08-17,ETH,ETHW,0.7
2026-08-17,ETH,TETH,0.0
2026-08-17,ETH,ETHV,0.0
2026-08-17,ETH,QETH,0.0
2026-08-17,ETH,EZET,0.0
2026-08-17,ETH,MSSE,0.0
2026-08-17,ETH,ETHE,0.0
2026-08-17,ETH,ETH,0.0
2026-08-17,ETH,Total,30.9
2026-08-18,ETH,ETHA,64.7
2026-08-18,ETH,ETHB,0.0
2026-08-18,ETH,FETH,0.0
2026-08-18,ETH,ETHW,1.4
2026-08-18,ETH,TETH,0.0
2026-08-18,ETH,ETHV,0.0
2026-08-18,ETH,QETH,1.1
2026-08-18,ETH,EZET,0.0
2026-08-18,ETH,MSSE,0.0
2026-08-18,ETH,ETHE,1.5
2026-08-18,ETH,ETH,2.7
2026-08-18,ETH,Total,71.4
2026-08-19,ETH,ETHA,122.1
2026-08-19,ETH,ETHB,9.7
2026-08-19,ETH,FETH,36.5
2026-08-19,ETH,ETHW,0.0
2026-08-19,ETH,TETH,0.0
2026-08-19,ETH,ETHV,0.0
2026-08-19,ETH,QETH,0.0
2026-08-19,ETH,EZET,0.8
2026-08-19,ETH,MSSE,2.3
2026-08-19,ETH,ETHE,1.7
2026-08-19,ETH,ETH,16.0
2026-08-19,ETH,Total,189.1
2026-08-20,ETH,ETHA,173.3
2026-08-20,ETH,ETHB,35.9
2026-08-20,ETH,FETH,5.8
2026-08-20,ETH,ETHW,2.8
2026-08-20,ETH,TETH,0.0
2026-08-20,ETH,ETHV,1.7
2026-08-20,ETH,QETH,0.0
2026-08-20,ETH,EZET,0.0
2026-08-20,ETH,MSSE,1.2
2026-08-20,ETH,ETHE,0.0
2026-08-20,ETH,ETH,0.0
2026-08-20,ETH,Total,220.7
2026-08-21,ETH,ETHA,150.8
2026-08-21,ETH,ETHB,9.9
2026-08-21,ETH,FETH,9.6
2026-08-21,ETH,ETHW,2.2
2026-08-21,ETH,TETH,0.0
2026-08-21,ETH,ETHV,0.0
2026-08-21,ETH,QETH,0.0
2026-08-21,ETH,EZET,0.0
2026-08-21,ETH,MSSE,0.8
2026-08-21,ETH,ETHE,0.0
2026-08-21,ETH,ETH,11.5
2026-08-21,ETH,Total,184.8
2026-08-24,ETH,ETHA,90.9
2026-08-24,ETH,ETHB,0.0
2026-08-24,ETH,FETH,6.8
2026-08-24,ETH,ETHW,0.9
2026-08-24,ETH,TETH,0.0
2026-08-24,ETH,ETHV,4.5
2026-08-24,ETH,QETH,0.0
2026-08-24,ETH,EZET,0.0
2026-08-24,ETH,MSSE,0.0
2026-08-24,ETH,ETHE,0.0
2026-08-24,ETH,ETH,12.5
2026-08-24,ETH,Total,115.6
2026-08-25,ETH,ETHA,146.4
2026-08-25,ETH,ETHB,7.6
2026-08-25,ETH,FETH,25.8
2026-08-25,ETH,ETHW,0.0
2026-08-25,ETH,TETH,0.0
2026-08-25,ETH,ETHV,0.0
2026-08-25,ETH,QETH,0.0
2026-08-25,ETH,EZET,0.0
2026-08-25,ETH,MSSE,0.0
2026-08-25,ETH,ETHE,0.0
2026-08-25,ETH,ETH,0.0
2026-08-25,ETH,Total,179.8
2026-08-26,ETH,ETHA,115.7
2026-08-26,ETH,ETHB,6.4
2026-08-26,ETH,FETH,32.0
2026-08-26,ETH,ETHW,0.0
2026-08-26,ETH,TETH,2.7
2026-08-26,ETH,ETHV,0.0
2026-08-26,ETH,QETH,0.0
2026-08-26,ETH,EZET,0.9
2026-08-26,ETH,MSSE,0.0
2026-08-26,ETH,ETHE,0.0
2026-08-26,ETH,ETH,34.7
2026-08-26,ETH,Total,192.4
2026-08-27,ETH,ETHA,130.2
2026-08-27,ETH,ETHB,20.7
2026-08-27,ETH,FETH,56.2
2026-08-27,ETH,ETHW,1.4
2026-08-27,ETH,TETH,0.0
2026-08-27,ETH,ETHV,0.0
2026-08-27,ETH,QETH,0.0
2026-08-27,ETH,EZET,0.0
2026-08-27,ETH,MSSE,8.6
2026-08-27,ETH,ETHE,3.0
2026-08-27,ETH,ETH,14.3
2026-08-27,ETH,Total,234.4
2026-08-28,ETH,ETHA,83.8
2026-08-28,ETH,ETHB,42.6
2026-08-28,ETH,FETH,-24.3
2026-08-28,ETH,ETHW,0.0
2026-08-28,ETH,TETH,0.0
2026-08-28,ETH,ETHV,0.0
2026-08-28,ETH,QETH,0.0
2026-08-28,ETH,EZET,0.0
2026-08-28,ETH,MSSE,0.0
2026-08-28,ETH,ETHE,0.0
2026-08-28,ETH,ETH,0.0
2026-08-28,ETH,Total,102.1
2026-08-31,ETH,ETHA,59.9
2026-08-31,ETH,ETHB,0.0
2026-08-31,ETH,FETH,9.3
2026-08-31,ETH,ETHW,3.7
2026-08-31,ETH,TETH,1.2
2026-08-31,ETH,ETHV,0.0
2026-08-31,ETH,QETH,0.0
2026-08-31,ETH,EZET,0.0
2026-08-31,ETH,MSSE,0.0
2026-08-31,ETH,ETHE,0.0
2026-08-31,ETH,ETH,13.5
2026-08-31,ETH,Total,87.6
2026-09-01,ETH,ETHA,0.0
2026-09-01,ETH,ETHB,11.2
2026-09-01,ETH,FETH,4.8
2026-09-01,ETH,ETHW,0.0
2026-09-01,ETH,TETH,0.0
2026-09-01,ETH,ETHV,0.0
2026-09-01,ETH,QETH,0.0
2026-09-01,ETH,EZET,0.0
2026-09-01,ETH,MSSE,2.3
2026-09-01,ETH,ETHE,-7.4
2026-09-01,ETH,ETH,0.0
2026-09-01,ETH,Total,10.9
2026-09-02,ETH,ETHA,-53.4
2026-09-02,ETH,ETHB,52.9
2026-09-02,ETH,FETH,-26.2
2026-09-02,ETH,ETHW,0.0
2026-09-02,ETH,TETH,2.0
2026-09-02,ETH,ETHV,0.0
2026-09-02,ETH,QETH,0.0
2026-09-02,ETH,EZET,0.0
2026-09-02,ETH,MSSE,0.0
2026-09-02,ETH,ETHE,-23.5
2026-09-02,ETH,ETH,0.0
2026-09-02,ETH,Total,-48.2
2026-09-03,ETH,ETHA,72.1
2026-09-03,ETH,ETHB,1.3
2026-09-03,ETH,FETH,65.1
2026-09-03,ETH,ETHW,0.0
2026-09-03,ETH,TETH,0.0
2026-09-03,ETH,ETHV,0.0
2026-09-03,ETH,QETH,5.4
2026-09-03,ETH,EZET,0.0
2026-09-03,ETH,MSSE,0.0
2026-09-03,ETH,ETHE,-6.1
2026-09-03,ETH,ETH,3.6
2026-09-03,ETH,Total,141.4
2026-09-04,ETH,ETHA,57.8
2026-09-04,ETH,ETHB,16.4
2026-09-04,ETH,FETH,-48.3
2026-09-04,ETH,ETHW,0.0
2026-09-04,ETH,TETH,0.0
2026-09-04,ETH,ETHV,0.0
2026-09-04,ETH,QETH,0.0
2026-09-04,ETH,EZET,0.0
2026-09-04,ETH,MSSE,0.5
2026-09-04,ETH,ETHE,0.0
2026-09-04,ETH,ETH,0.0
2026-09-04,ETH,Total,26.4
2026-09-08,ETH,ETHA,0.0
2026-09-08,ETH,ETHB,0.0
2026-09-08,ETH,FETH,9.9
2026-09-08,ETH,ETHW,0.0
2026-09-08,ETH,TETH,0.0
2026-09-08,ETH,ETHV,0.0
2026-09-08,ETH,QETH,0.0
2026-09-08,ETH,EZET,0.0
2026-09-08,ETH,MSSE,0.0
2026-09-08,ETH,ETHE,-9.6
2026-09-08,ETH,ETH,-24.6
2026-09-08,ETH,Total,-24.3
2026-09-09,ETH,ETHA,9.7
2026-09-09,ETH,ETHB,22.9
2026-09-09,ETH,FETH,0.0
2026-09-09,ETH,ETHW,0.0
2026-09-09,ETH,TETH,2.1
2026-09-09,ETH,ETHV,0.0
2026-09-09,ETH,QETH,0.0
2026-09-09,ETH,EZET,0.0
2026-09-09,ETH,MSSE,0.0
2026-09-09,ETH,ETHE,0.0
2026-09-09,ETH,ETH,0.0
2026-09-09,ETH,Total,34.7
2026-09-10,ETH,ETHA,-18.6
2026-09-10,ETH,ETHB,13.9
2026-09-10,ETH,FETH,-25.2
2026-09-10,ETH,ETHW,0.0
2026-09-10,ETH,TETH,0.0
2026-09-10,ETH,ETHV,0.0
2026-09-10,ETH,QETH,0.0
2026-09-10,ETH,EZET,0.0
2026-09-10,ETH,MSSE,0.0
2026-09-10,ETH,ETHE,-7.7
2026-09-10,ETH,ETH,7.7
2026-09-10,ETH,Total,-29.9
2026-09-11,ETH,ETHA,148.8
2026-09-11,ETH,ETHB,18.3
2026-09-11,ETH,FETH,11.4
2026-09-11,ETH,ETHW,29.1
2026-09-11,ETH,TETH,0.0
2026-09-11,ETH,ETHV,3.7
2026-09-11,ETH,QETH,0.0
2026-09-11,ETH,EZET,0.0
2026-09-11,ETH,MSSE,0.0
2026-09-11,ETH,ETHE,0.0
2026-09-11,ETH,ETH,5.1
2026-09-11,ETH,Total,216.4
2026-09-14,ETH,ETHA,80.5
2026-09-14,ETH,ETHB,14.4
2026-09-14,ETH,FETH,8.9
2026-09-14,ETH,ETHW,0.0
2026-09-14,ETH,TETH,6.5
2026-09-14,ETH,ETHV,0.0
2026-09-14,ETH,QETH,-5.4
2026-09-14,ETH,EZET,0.0
2026-09-14,ETH,MSSE,0.0
2026-09-14,ETH,ETHE,0.0
2026-09-14,ETH,ETH,16.2
2026-09-14,ETH,Total,121.1
2026-09-15,ETH,ETHA,-98.0
2026-09-15,ETH,ETHB,12.4
2026-09-15,ETH,FETH,-7.2
2026-09-15,ETH,ETHW,-34.4
2026-09-15,ETH,TETH,2.4
2026-09-15,ETH,ETHV,0.0
2026-09-15,ETH,QETH,0.0
2026-09-15,ETH,EZET,0.0
2026-09-15,ETH,MSSE,0.3
2026-09-15,ETH,ETHE,-17.5
2026-09-15,ETH,ETH,0.0
2026-09-15,ETH,Total,-142.0
2026-09-16,ETH,ETHA,-110.0
2026-09-16,ETH,ETHB,-19.8
2026-09-16,ETH,FETH,-55.6
2026-09-16,ETH,ETHW,0.0
2026-09-16,ETH,TETH,-10.8
2026-09-16,ETH,ETHV,-14.0
2026-09-16,ETH,QETH,0.0
2026-09-16,ETH,EZET,0.0
2026-09-16,ETH,MSSE,0.0
2026-09-16,ETH,ETHE,-13.9
2026-09-16,ETH,ETH,0.0
2026-09-16,ETH,Total,-224.1
2026-09-17,ETH,ETHA,-42.9
2026-09-17,ETH,ETHB,0.0
2026-09-17,ETH,FETH,1.8
2026-09-17,ETH,ETHW,0.0
2026-09-17,ETH,TETH,0.0
2026-09-17,ETH,ETHV,1.8
2026-09-17,ETH,QETH,0.0
2026-09-17,ETH,EZET,0.0
2026-09-17,ETH,MSSE,0.0
2026-09-17,ETH,ETHE,0.0
2026-09-17,ETH,ETH,0.0
2026-09-17,ETH,Total,-39.3
2026-09-18,ETH,ETHA,114.3
2026-09-18,ETH,ETHB,0.0
2026-09-18,ETH,FETH,26.2
2026-09-18,ETH,ETHW,1.3
2026-09-18,ETH,TETH,0.0
2026-09-18,ETH,ETHV,1.9
2026-09-18,ETH,QETH,0.0
2026-09-18,ETH,EZET,0.0
2026-09-18,ETH,MSSE,0.0
2026-09-18,ETH,ETHE,0.0
2026-09-18,ETH,ETH,0.0
2026-09-18,ETH,Total,143.7
2026-09-21,ETH,ETHA,110.1
2026-09-21,ETH,ETHB,12.8
2026-09-21,ETH,FETH,73.0
2026-09-21,ETH,ETHW,4.3
2026-09-21,ETH,TETH,4.1
2026-09-21,ETH,ETHV,0.0
2026-09-21,ETH,QETH,0.0
2026-09-21,ETH,EZET,0.0
2026-09-21,ETH,MSSE,1.5
2026-09-21,ETH,ETHE,4.9
2026-09-21,ETH,ETH,59.3
2026-09-21,ETH,Total,270.0
2026-09-22,ETH,ETHA,88.1
2026-09-22,ETH,ETHB,2.8
2026-09-22,ETH,FETH,33.6
2026-09-22,ETH,ETHW,0.0
2026-09-22,ETH,TETH,0.0
2026-09-22,ETH,ETHV,0.0
2026-09-22,ETH,QETH,0.0
2026-09-22,ETH,EZET,0.0
2026-09-22,ETH,MSSE,0.0
2026-09-22,ETH,ETHE,10.4
2026-09-22,ETH,ETH,27.3
2026-09-22,ETH,Total,162.2
2026-09-23,ETH,ETHA,50.8
2026-09-23,ETH,ETHB,0.0
2026-09-23,ETH,FETH,41.3
2026-09-23,ETH,ETHW,0.0
2026-09-23,ETH,TETH,4.0
2026-09-23,ETH,ETHV,2.9
2026-09-23,ETH,QETH,0.9
2026-09-23,ETH,EZET,3.0
2026-09-23,ETH,MSSE,1.4
2026-09-23,ETH,ETHE,4.3
2026-09-23,ETH,ETH,-4.1
2026-09-23,ETH,Total,104.5
2026-09-24,ETH,ETHA,26.8
2026-09-24,ETH,ETHB,0.0
2026-09-24,ETH,FETH,21.5
2026-09-24,ETH,ETHW,0.0
2026-09-24,ETH,TETH,0.0
2026-09-24,ETH,ETHV,0.0
2026-09-24,ETH,QETH,0.0
2026-09-24,ETH,EZET,0.0
2026-09-24,ETH,MSSE,0.0
2026-09-24,ETH,ETHE,0.0
2026-09-24,ETH,ETH,17.8
2026-09-24,ETH,Total,66.1
2026-09-25,ETH,ETHA,50.4
2026-09-25,ETH,ETHB,31.9
2026-09-25,ETH,FETH,4.7
2026-09-25,ETH,ETHW,0.0
2026-09-25,ETH,TETH,0.0
2026-09-25,ETH,ETHV,0.0
2026-09-25,ETH,QETH,0.0
2026-09-25,ETH,EZET,0.0
2026-09-25,ETH,MSSE,0.0
2026-09-25,ETH,ETHE,0.0
2026-09-25,ETH,ETH,0.0
2026-09-25,ETH,Total,87.0
2026-09-28,ETH,ETHA,
2026-09-28,ETH,ETHB,
2026-09-28,ETH,FETH,
2026-09-28,ETH,ETHW,
2026-09-28,ETH,TETH,
2026-09-28,ETH,ETHV,
2026-09-28,ETH,QETH,
2026-09-28,ETH,EZET,
2026-09-28,ETH,MSSE,
2026-09-28,ETH,ETHE,
2026-09-28,ETH,ETH,
2026-09-28,ETH,Total,0.0
